episode,reward,average_reward,epsilon,steps,loss
1,120.0,120.0,0.9995,575,0.0058
2,75.0,97.5,0.9990002500000001,877,0.0017
3,60.0,85.0,0.9985007498750001,1269,0.3005
4,270.0,131.25,0.9980014995000627,2052,0.1006
5,185.0,142.0,0.9975024987503127,2633,0.0433
6,305.0,169.16666666666666,0.9970037475009376,3317,0.8360
7,15.0,147.14285714285714,0.9965052456271871,3599,0.0119
8,45.0,134.375,0.9960069930043736,3900,0.0913
9,30.0,122.77777777777777,0.9955089895078715,4270,0.6990
10,180.0,128.5,0.9950112350131176,4757,0.0158
11,170.0,132.27272727272728,0.9945137293956111,5232,1.1770
12,65.0,126.66666666666667,0.9940164725309134,5699,0.0205
13,460.0,152.30769230769232,0.993519464294648,6443,0.0749
14,215.0,156.78571428571428,0.9930227045625007,7048,0.1915
15,55.0,150.0,0.9925261932102195,7315,0.9308
16,210.0,153.75,0.9920299301136144,8060,1.0828
17,55.0,147.94117647058823,0.9915339151485576,8516,0.8788
18,130.0,146.94444444444446,0.9910381481909833,8977,0.7567
19,165.0,147.89473684210526,0.990542629116888,9454,0.0157
20,210.0,151.0,0.9900473578023296,10082,0.0606
21,105.0,148.8095238095238,0.9895523341234285,10563,0.0718
22,160.0,149.3181818181818,0.9890575579563669,11251,0.1569
23,255.0,153.91304347826087,0.9885630291773887,12058,0.1772
24,135.0,153.125,0.9880687476628001,12570,0.6570
25,110.0,151.4,0.9875747132889687,12952,0.0594
26,100.0,149.42307692307693,0.9870809259323243,13585,1.1434
27,115.0,148.14814814814815,0.9865873854693582,14016,0.2090
28,420.0,157.85714285714286,0.9860940917766235,14727,0.1622
29,455.0,168.10344827586206,0.9856010447307353,15751,1.5340
30,210.0,169.5,0.98510824420837,16299,0.5139
31,75.0,166.4516129032258,0.9846156900862658,16711,0.0450
32,80.0,163.75,0.9841233822412228,17066,0.1584
33,70.0,160.9090909090909,0.9836313205501022,17355,0.5374
34,185.0,161.61764705882354,0.9831395048898272,17860,0.8343
35,440.0,169.57142857142858,0.9826479351373822,18737,0.0910
36,155.0,169.16666666666666,0.9821566111698136,19430,0.4592
37,175.0,169.32432432432432,0.9816655328642288,20099,0.1787
38,345.0,173.94736842105263,0.9811747000977967,21051,0.9982
39,105.0,172.17948717948718,0.9806841127477479,21535,0.1350
40,135.0,171.25,0.9801937706913741,22049,0.6037
41,120.0,170.0,0.9797036738060285,22521,0.0526
42,245.0,171.78571428571428,0.9792138219691255,23343,0.6907
43,85.0,169.7674418604651,0.978724215058141,23808,0.9596
44,105.0,168.29545454545453,0.978234852950612,24265,0.8125
45,85.0,166.44444444444446,0.9777457355241367,24740,0.2963
46,120.0,165.43478260869566,0.9772568626563747,25146,1.0037
47,110.0,164.25531914893617,0.9767682342250465,25686,0.3983
48,310.0,167.29166666666666,0.976279850107934,26247,0.1658
49,65.0,165.20408163265307,0.9757917101828801,26652,0.1096
50,90.0,163.7,0.9753038143277888,26942,1.3372
51,185.0,164.11764705882354,0.974816162420625,27536,0.1678
52,225.0,165.28846153846155,0.9743287543394147,28190,0.1125
53,110.0,164.24528301886792,0.973841589962245,28674,0.3491
54,150.0,163.9814814814815,0.973354669167264,29209,0.2055
55,125.0,163.27272727272728,0.9728679918326804,29770,1.1084
56,210.0,164.10714285714286,0.972381557836764,30374,0.5998
57,185.0,164.47368421052633,0.9718953670578457,31074,0.1013
58,225.0,165.51724137931035,0.9714094193743169,31646,0.6680
59,105.0,164.4915254237288,0.9709237146646298,32132,0.7618
60,125.0,163.83333333333334,0.9704382528072976,32632,0.5636
61,120.0,163.11475409836066,0.9699530336808939,33098,2.9237
62,30.0,160.96774193548387,0.9694680571640535,33379,0.1239
63,150.0,160.79365079365078,0.9689833231354715,33957,0.2044
64,60.0,159.21875,0.9684988314739038,34416,0.1886
65,135.0,158.84615384615384,0.9680145820581669,34987,0.5838
66,55.0,157.27272727272728,0.9675305747671379,35368,1.2142
67,120.0,156.71641791044777,0.9670468094797544,35903,1.6837
68,160.0,156.76470588235293,0.9665632860750146,36332,0.1603
69,215.0,157.6086956521739,0.9660800044319772,36840,0.6806
70,160.0,157.64285714285714,0.9655969644297613,37314,1.1492
71,180.0,157.95774647887325,0.9651141659475465,37787,0.7599
72,65.0,156.66666666666666,0.9646316088645728,38161,0.1250
73,180.0,156.986301369863,0.9641492930601405,38655,0.6297
74,35.0,155.33783783783784,0.9636672184136105,39095,0.2216
75,210.0,156.06666666666666,0.9631853848044037,39674,0.3725
76,45.0,154.60526315789474,0.9627037921120016,39972,2.5874
77,135.0,154.35064935064935,0.9622224402159457,40492,0.1325
78,180.0,154.67948717948718,0.9617413289958378,41033,0.1034
79,105.0,154.0506329113924,0.9612604583313399,41388,0.3410
80,120.0,153.625,0.9607798281021742,41919,0.2091
81,135.0,153.39506172839506,0.9602994381881231,42478,0.4117
82,180.0,153.71951219512195,0.9598192884690291,43002,0.3599
83,160.0,153.79518072289156,0.9593393788247946,43605,0.4993
84,75.0,152.85714285714286,0.9588597091353822,44111,0.1974
85,560.0,157.64705882352942,0.9583802792808146,45100,0.2538
86,105.0,157.03488372093022,0.9579010891411742,45549,1.5773
87,170.0,157.183908045977,0.9574221385966036,46031,0.1489
88,210.0,157.7840909090909,0.9569434275273054,46735,0.4417
89,80.0,156.91011235955057,0.9564649558135419,47138,0.2510
90,75.0,156.0,0.9559867233356352,47595,0.4374
91,470.0,159.45054945054946,0.9555087299739674,48369,0.1421
92,50.0,158.2608695652174,0.9550309756089804,48761,0.0671
93,135.0,158.01075268817203,0.954553460121176,49301,0.3817
94,180.0,158.24468085106383,0.9540761833911156,49878,0.1033
95,105.0,157.68421052631578,0.95359914529942,50460,0.2514
96,180.0,157.91666666666666,0.9531223457267703,51097,0.1113
97,185.0,158.1958762886598,0.952645784553907,51632,0.2563
98,75.0,157.3469387755102,0.9521694616616301,52001,0.0557
99,105.0,156.8181818181818,0.9516933769307994,52411,0.1486
100,40.0,155.65,0.951217530242334,52824,0.6874
101,90.0,155.35,0.9507419214772129,53217,0.6511
102,130.0,155.9,0.9502665505164744,53779,0.6480
103,135.0,156.65,0.9497914172412162,54164,1.3815
104,105.0,155.0,0.9493165215325956,54716,0.3570
105,120.0,154.35,0.9488418632718294,55280,0.0919
106,185.0,153.15,0.9483674423401935,55862,0.3129
107,215.0,155.15,0.9478932586190235,56363,0.1454
108,55.0,155.25,0.9474193119897141,56655,2.1997
109,245.0,157.4,0.9469456023337193,57326,0.4463
110,105.0,156.65,0.9464721295325524,57736,0.1432
111,35.0,155.3,0.9459988934677862,58198,1.1688
112,210.0,156.75,0.9455258940210524,58838,0.1273
113,215.0,154.3,0.9450531310740419,59481,0.0718
114,255.0,154.7,0.9445806045085049,60179,0.2090
115,60.0,154.75,0.9441083142062507,60477,1.7276
116,210.0,154.75,0.9436362600491477,61016,1.0106
117,260.0,156.8,0.9431644419191232,61790,0.2061
118,410.0,159.6,0.9426928596981636,62347,0.4914
119,500.0,162.95,0.9422215132683146,63148,2.5236
120,110.0,161.95,0.9417504025116805,63560,0.0969
121,210.0,163.0,0.9412795273104247,64170,1.4720
122,105.0,162.45,0.9408088875467696,64564,0.4292
123,105.0,160.95,0.9403384831029963,64985,0.5538
124,100.0,160.6,0.9398683138614449,65439,0.1311
125,120.0,160.7,0.9393983797045142,65950,0.2973
126,90.0,160.6,0.938928680514662,66354,0.2920
127,330.0,162.75,0.9384592161744048,66984,0.9239
128,105.0,159.6,0.9379899865663176,67350,0.8565
129,15.0,155.2,0.9375209915730345,67611,0.2913
130,70.0,153.8,0.937052231077248,68085,1.0406
131,80.0,153.85,0.9365837049617094,68682,1.0222
132,205.0,155.1,0.9361154131092286,69216,0.3235
133,80.0,155.2,0.9356473554026741,69747,0.2137
134,170.0,155.05,0.9351795317249728,70539,0.1793
135,135.0,152.0,0.9347119419591103,71062,0.2944
136,140.0,151.85,0.9342445859881309,71584,0.3236
137,270.0,152.8,0.9337774636951368,72471,1.3141
138,60.0,149.95,0.9333105749632893,72906,0.3713
139,80.0,149.7,0.9328439196758077,73250,0.2328
140,75.0,149.1,0.9323774977159699,73747,0.7609
141,410.0,152.0,0.9319113089671119,74457,0.2505
142,210.0,151.65,0.9314453533126285,75090,0.1572
143,185.0,152.65,0.9309796306359722,76068,0.3943
144,110.0,152.7,0.9305141408206543,76670,0.4180
145,125.0,153.1,0.9300488837502441,77043,0.3556
146,50.0,152.4,0.9295838593083691,77428,0.8936
147,130.0,152.6,0.929119067378715,77814,1.2315
148,30.0,149.8,0.9286545078450257,78074,0.4291
149,120.0,150.35,0.9281901805911033,78564,0.6770
150,105.0,150.5,0.9277260855008077,78854,0.5783
151,155.0,150.2,0.9272622224580573,79350,0.3743
152,155.0,149.5,0.9267985913468284,79964,0.8735
153,110.0,149.5,0.926335192051155,80506,0.2138
154,135.0,149.35,0.9258720244551295,80896,0.4019
155,50.0,148.6,0.925409088442902,81183,0.1078
156,160.0,148.1,0.9249463838986807,81694,1.1061
157,135.0,147.6,0.9244839107067314,82188,0.1420
158,225.0,147.6,0.9240216687513781,82954,1.1520
159,110.0,147.65,0.9235596579170025,83318,1.0809
160,235.0,148.75,0.923097878088044,83946,0.6421
161,210.0,149.65,0.9226363291490001,84568,1.6526
162,60.0,149.95,0.9221750109844257,84874,0.1788
163,245.0,150.9,0.9217139234789336,85947,0.3282
164,85.0,151.15,0.9212530665171942,86319,0.1986
165,255.0,152.35,0.9207924399839357,86974,0.2746
166,120.0,153.0,0.9203320437639437,87472,0.4537
167,190.0,153.7,0.9198718777420618,87927,0.1929
168,70.0,152.8,0.9194119418031909,88430,0.6489
169,105.0,151.7,0.9189522358322894,88878,1.1112
170,170.0,151.8,0.9184927597143733,89494,1.5267
171,105.0,151.05,0.9180335133345161,89924,0.2346
172,120.0,151.6,0.917574496577849,90438,0.1731
173,180.0,151.6,0.9171157093295601,91048,1.5843
174,350.0,154.75,0.9166571514748953,91915,1.0267
175,25.0,152.9,0.916198822899158,92217,1.6468
176,335.0,155.8,0.9157407234877085,92931,0.8085
177,360.0,158.05,0.9152828531259647,93632,0.3111
178,140.0,157.65,0.9148252116994018,94158,0.3338
179,105.0,157.65,0.9143677990935521,94579,0.5930
180,410.0,160.55,0.9139106151940054,95125,0.7302
181,135.0,160.55,0.9134536598864085,95642,1.5065
182,305.0,161.8,0.9129969330564653,96496,0.7496
183,165.0,161.85,0.9125404345899372,97098,0.8893
184,60.0,161.7,0.9120841643726423,97631,0.2338
185,115.0,157.25,0.911628122290456,97978,0.5100
186,375.0,159.95,0.9111723082293108,98754,0.4803
187,135.0,159.6,0.9107167220751963,99406,0.4459
188,80.0,158.3,0.9102613637141588,99694,0.7973
189,60.0,158.1,0.9098062330323018,99980,0.3452
190,135.0,158.7,0.9093513299157857,100464,0.4698
191,135.0,155.35,0.9088966542508279,100976,0.2067
192,110.0,155.95,0.9084422059237025,101440,0.2491
193,55.0,155.15,0.9079879848207407,101727,0.2654
194,20.0,153.55,0.9075339908283304,102043,0.4312
195,10.0,152.6,0.9070802238329163,102433,0.3663
196,155.0,152.35,0.9066266837209999,102952,0.2862
197,55.0,151.05,0.9061733703791394,103254,0.5094
198,195.0,152.25,0.9057202836939499,103717,0.3205
199,110.0,152.3,0.9052674235521029,104175,0.7545
200,155.0,153.45,0.9048147898403269,104604,0.2752
201,160.0,154.15,0.9043623824454068,105096,0.2974
202,80.0,153.65,0.9039102012541841,105392,0.3284
203,210.0,154.4,0.9034582461535571,105871,0.5751
204,150.0,154.85,0.9030065170304803,106270,0.2013
205,150.0,155.15,0.9025550137719651,106764,0.2287
206,210.0,155.4,0.9021037362650792,107385,0.8070
207,20.0,153.45,0.9016526843969468,107726,0.2412
208,545.0,158.35,0.9012018580547484,108575,1.0231
209,135.0,157.25,0.900751257125721,108948,0.3846
210,150.0,157.7,0.9003008814971583,109436,0.2927
211,165.0,159.0,0.8998507310564098,109937,0.5253
212,80.0,157.7,0.8994008056908817,110216,0.6701
213,145.0,157.0,0.8989511052880362,110833,0.3458
214,80.0,155.25,0.8985016297353923,111137,1.1660
215,270.0,157.35,0.8980523789205246,111887,0.3880
216,210.0,157.35,0.8976033527310644,112536,0.5147
217,260.0,157.35,0.8971545510546989,113284,0.3325
218,210.0,155.35,0.8967059737791716,114024,1.0188
219,30.0,150.65,0.8962576207922821,114327,0.2144
220,155.0,151.1,0.895809491981886,114882,1.5471
221,210.0,151.1,0.8953615872358951,115475,0.3590
222,150.0,151.55,0.8949139064422772,116060,0.6799
223,90.0,151.4,0.8944664494890561,116556,0.3809
224,175.0,152.15,0.8940192162643116,117210,0.4094
225,140.0,152.35,0.8935722066561794,117676,1.2521
226,80.0,152.25,0.8931254205528514,118089,0.8900
227,110.0,150.05,0.8926788578425751,118476,1.0848
228,210.0,151.1,0.8922325184136538,119003,0.8886
229,60.0,151.55,0.891786402154447,119383,0.4285
230,40.0,151.25,0.8913405089533699,119796,0.2659
231,75.0,151.2,0.8908948386988933,120178,0.6057
232,210.0,151.25,0.8904493912795439,120783,0.9926
233,105.0,151.5,0.8900041665839042,121192,0.6741
234,210.0,151.9,0.8895591645006123,121693,0.4261
235,225.0,152.8,0.889114384918362,122462,2.0498
236,80.0,152.2,0.8886698277259029,122766,0.4084
237,70.0,150.2,0.88822549281204,123062,0.1625
238,445.0,154.05,0.887781380065634,123666,0.4019
239,140.0,154.65,0.8873374893756012,124171,0.3932
240,135.0,155.25,0.8868938206309135,124565,1.2868
241,80.0,151.95,0.8864503737205981,124855,2.2665
242,55.0,150.4,0.8860071485337379,125144,1.1839
243,195.0,150.5,0.885564144959471,125682,1.7918
244,120.0,150.6,0.8851213628869913,126151,1.3477
245,270.0,152.05,0.8846788022055478,126857,0.7888
246,90.0,152.45,0.8842364628044451,127215,3.6105
247,350.0,154.65,0.883794344573043,128125,1.6419
248,100.0,155.35,0.8833524474007565,128579,1.5162
249,195.0,156.1,0.8829107711770562,129196,0.8330
250,225.0,157.3,0.8824693157914677,130043,0.3048
251,120.0,156.95,0.882028081133572,130441,2.3566
252,130.0,156.7,0.8815870670930053,130912,1.1125
253,65.0,156.25,0.8811462735594588,131389,0.4967
254,120.0,156.1,0.8807057004226791,131769,0.3931
255,65.0,156.25,0.8802653475724679,132096,0.3277
256,415.0,158.8,0.8798252148986817,132720,0.7186
257,120.0,158.65,0.8793853022912325,133203,0.9304
258,210.0,158.5,0.8789456096400869,133698,0.4928
259,295.0,160.35,0.8785061368352669,134486,0.6001
260,110.0,159.1,0.8780668837668493,134867,0.5369
261,175.0,158.75,0.8776278503249659,135340,1.7428
262,110.0,159.25,0.8771890363998035,135829,1.3033
263,195.0,158.75,0.8767504418816037,136463,1.5824
264,140.0,159.3,0.876312066660663,137038,0.4606
265,155.0,158.3,0.8758739106273327,137559,0.4225
266,130.0,158.4,0.8754359736720191,138097,0.3303
267,425.0,160.75,0.8749982556851831,138830,0.5449
268,105.0,161.1,0.8745607565573406,139350,0.8404
269,225.0,162.3,0.8741234761790619,140071,0.4157
270,75.0,161.35,0.8736864144409725,140492,0.4270
271,215.0,162.45,0.873249571233752,141126,0.3028
272,410.0,165.35,0.8728129464481352,141754,1.4667
273,90.0,164.45,0.8723765399749112,142153,0.3482
274,360.0,164.55,0.8719403517049238,143007,0.3181
275,80.0,165.1,0.8715043815290714,143448,0.2073
276,135.0,163.1,0.8710686293383069,143989,1.0214
277,105.0,160.55,0.8706330950236377,144303,0.3122
278,475.0,163.9,0.870197778476126,145047,0.3400
279,95.0,163.8,0.869762679586888,145498,0.3057
280,5.0,159.75,0.8693277982470946,145755,1.0797
281,180.0,160.2,0.8688931343479711,146386,0.4233
282,105.0,158.2,0.8684586877807972,146809,0.7106
283,165.0,158.2,0.8680244584369068,147318,0.9023
284,515.0,162.75,0.8675904462076884,148170,0.8626
285,120.0,162.8,0.8671566509845846,148572,1.1096
286,450.0,163.55,0.8667230726590923,149249,1.8704
287,185.0,164.05,0.8662897111227629,149892,0.3786
288,85.0,164.1,0.8658565662672015,150281,0.2993
289,170.0,165.2,0.865423637984068,150811,0.4454
290,75.0,164.6,0.864990926165076,151270,0.7511
291,115.0,164.4,0.8645584307019936,151843,0.4824
292,100.0,164.3,0.8641261514866426,152210,0.4435
293,125.0,165.0,0.8636940884108993,152655,1.0806
294,355.0,168.35,0.8632622413666939,153627,1.0762
295,145.0,169.7,0.8628306102460106,154081,0.3586
296,165.0,169.8,0.8623991949408877,154775,0.8377
297,70.0,169.95,0.8619679953434173,155261,1.0848
298,210.0,170.1,0.8615370113457457,155888,1.2384
299,210.0,171.1,0.8611062428400729,156495,0.3854
300,110.0,170.65,0.8606756897186528,156969,1.5162
301,630.0,175.35,0.8602453518737936,157711,1.3126
302,210.0,176.65,0.8598152291978567,158285,0.4623
303,185.0,176.4,0.8593853215832578,158899,0.2237
304,55.0,175.45,0.8589556289224661,159302,0.3361
305,180.0,175.75,0.8585261511080049,160040,0.3073
306,135.0,175.0,0.858096888032451,160621,0.2298
307,160.0,176.4,0.8576678395884348,161429,0.3426
308,200.0,172.95,0.8572390056686406,161931,1.0858
309,185.0,173.45,0.8568103861658064,162548,0.2153
310,675.0,178.7,0.8563819809727236,163281,0.3400
311,135.0,178.4,0.8559537899822373,163913,1.4357
312,135.0,178.95,0.8555258130872462,164479,0.4443
313,115.0,178.65,0.8550980501807026,164968,0.5178
314,105.0,178.9,0.8546705011556123,165391,1.8133
315,65.0,176.85,0.8542431659050345,165680,0.5009
316,180.0,176.55,0.853816044322082,166282,0.7877
317,315.0,177.1,0.8533891362999211,166879,0.2730
318,185.0,176.85,0.8529624417317712,167612,0.6510
319,105.0,177.6,0.8525359605109053,167975,1.8169
320,150.0,177.55,0.8521096925306499,168460,0.4171
321,20.0,175.65,0.8516836376843847,168766,0.3754
322,70.0,174.85,0.8512577958655425,169165,0.8242
323,285.0,176.8,0.8508321669676098,170027,0.8957
324,80.0,175.85,0.850406750884126,170326,1.8899
325,140.0,175.85,0.8499815475086839,170812,0.6907
326,135.0,176.4,0.8495565567349297,171302,0.4914
327,65.0,175.95,0.8491317784565623,171649,0.3159
328,30.0,174.15,0.8487072125673341,172021,0.5202
329,640.0,179.95,0.8482828589610505,173215,0.2074
330,195.0,181.5,0.84785871753157,173831,1.1684
331,60.0,181.35,0.8474347881728043,174128,0.1703
332,80.0,180.05,0.847011070778718,174510,1.2112
333,105.0,180.05,0.8465875652433287,174822,2.1315
334,265.0,180.6,0.846164271460707,175552,0.3612
335,150.0,179.85,0.8457411893249768,176166,0.4872
336,190.0,180.95,0.8453183187303144,176835,1.4512
337,385.0,184.1,0.8448956595709493,177387,0.7453
338,110.0,180.75,0.8444732117411639,177863,1.0847
339,260.0,181.95,0.8440509751352934,178558,0.6760
340,240.0,183.0,0.8436289496477257,179163,0.2841
341,120.0,183.4,0.8432071351729019,179689,0.5416
342,395.0,186.8,0.8427855316053156,180377,0.1938
343,200.0,186.85,0.8423641388395129,181291,1.3474
344,265.0,188.3,0.8419429567700932,181956,0.6079
345,645.0,192.05,0.8415219852917082,182995,0.2682
346,295.0,194.1,0.8411012242990624,183723,0.3424
347,140.0,192.0,0.8406806736869129,184253,2.0077
348,310.0,194.1,0.8402603333500694,185066,0.5619
349,150.0,193.65,0.8398402031833945,185709,1.9413
350,85.0,192.25,0.8394202830818028,186188,0.6484
351,105.0,192.1,0.839000572940262,186758,0.2607
352,260.0,193.4,0.8385810726537919,187396,1.0279
353,210.0,194.85,0.8381617821174651,187939,0.4421
354,120.0,194.85,0.8377427012264064,188447,0.3117
355,505.0,199.25,0.8373238298757932,189181,0.1957
356,75.0,195.85,0.8369051679608553,189626,1.3039
357,125.0,195.9,0.8364867153768749,190059,0.3736
358,815.0,201.95,0.8360684720191865,191132,0.4112
359,165.0,200.65,0.835650437783177,191735,0.7852
360,10.0,199.65,0.8352326125642855,192196,1.3639
361,370.0,201.6,0.8348149962580034,193070,0.2021
362,360.0,204.1,0.8343975887598745,193939,0.7641
363,130.0,203.45,0.8339803899654946,194326,0.8519
364,275.0,204.8,0.833563399770512,195244,1.4074
365,315.0,206.4,0.8331466180706267,196054,0.4845
366,140.0,206.5,0.8327300447615915,196645,1.5167
367,155.0,203.8,0.8323136797392108,197035,0.3224
368,85.0,203.6,0.8318975228993413,197331,0.8292
369,85.0,202.2,0.8314815741378917,197750,1.2679
370,125.0,202.7,0.8310658333508228,198264,1.3822
371,135.0,201.9,0.8306503004341474,198800,0.3136
372,370.0,201.5,0.8302349752839304,199496,0.6526
373,120.0,201.8,0.8298198577962885,199971,0.3627
374,135.0,199.55,0.8294049478673904,200405,1.0284
375,120.0,199.95,0.8289902453934568,200877,0.3309
376,65.0,199.25,0.8285757502707601,201248,0.5920
377,95.0,199.15,0.8281614623956248,201646,0.7348
378,340.0,197.8,0.8277473816644271,202615,0.4045
379,90.0,197.75,0.827333507973595,202989,0.2483
380,210.0,199.8,0.8269198412196082,203718,0.5626
381,325.0,201.25,0.8265063812989984,204579,0.7040
382,45.0,200.65,0.826093128108349,205024,0.5856
383,215.0,201.15,0.8256800815442948,206009,0.2400
384,165.0,197.65,0.8252672415035227,206499,0.8565
385,175.0,198.2,0.824854607882771,206992,0.6585
386,120.0,194.9,0.8244421805788297,207551,0.5081
387,35.0,193.4,0.8240299594885403,208004,0.9300
388,115.0,193.7,0.8236179445087961,208423,0.4954
389,60.0,192.6,0.8232061355365418,208746,1.8920
390,85.0,192.7,0.8227945324687735,209222,0.3543
391,370.0,195.25,0.8223831352025393,209961,2.2370
392,90.0,195.15,0.821971943634938,210300,0.5496
393,290.0,196.8,0.8215609576631205,211061,0.9896
394,210.0,195.35,0.8211501771842891,211547,0.3504
395,90.0,194.8,0.820739602095697,212028,0.5243
396,20.0,193.35,0.8203292322946492,212392,0.4007
397,210.0,194.75,0.8199190676785019,212999,0.4317
398,110.0,193.75,0.8195091081446627,213462,0.9771
399,105.0,192.7,0.8190993535905904,214055,0.9343
400,135.0,192.95,0.8186898039137951,214491,0.4035
401,120.0,187.85,0.8182804590118382,214938,0.2347
402,65.0,186.4,0.8178713187823323,215351,1.1445
403,70.0,185.25,0.8174623831229412,215669,0.9373
404,285.0,187.55,0.8170536519313798,216495,0.2884
405,55.0,186.3,0.8166451251054142,216875,1.0499
406,70.0,185.65,0.8162368025428616,217280,0.6485
407,135.0,185.4,0.8158286841415902,218019,0.3364
408,210.0,185.5,0.8154207697995194,218635,0.6504
409,70.0,184.35,0.8150130594146197,219032,1.8682
410,90.0,178.5,0.8146055528849124,219508,0.8955
411,85.0,178.0,0.81419825010847,220013,0.1194
412,180.0,178.45,0.8137911509834158,220687,0.4732
413,65.0,177.95,0.8133842554079241,221071,0.3527
414,500.0,181.9,0.8129775632802202,222106,0.7167
415,180.0,183.05,0.8125710744985801,222583,0.3942
416,165.0,182.9,0.8121647889613309,223196,0.4489
417,60.0,180.35,0.8117587065668503,223479,0.5440
418,95.0,179.45,0.8113528272135669,224042,0.8610
419,270.0,181.1,0.8109471507999602,224737,0.4821
420,60.0,180.2,0.8105416772245603,225034,0.2505
421,25.0,180.25,0.8101364063859481,225412,0.3720
422,270.0,182.25,0.8097313381827551,226027,0.4239
423,215.0,181.55,0.8093264725136637,226711,2.2043
424,440.0,185.15,0.808921809277407,227838,2.3892
425,505.0,188.8,0.8085173483727683,228629,1.3146
426,115.0,188.6,0.808113089698582,229263,0.7525
427,80.0,188.75,0.8077090331537328,229559,0.2711
428,50.0,188.95,0.8073051786371559,230096,1.3130
429,155.0,184.1,0.8069015260478374,230456,1.3291
430,165.0,183.8,0.8064980752848135,230837,1.0972
431,80.0,184.0,0.8060948262471712,231170,0.2397
432,160.0,184.8,0.8056917788340476,231630,1.3539
433,135.0,185.1,0.8052889329446307,232126,0.2761
434,105.0,183.5,0.8048862884781584,232506,0.5461
435,290.0,184.9,0.8044838453339194,233250,1.0210
436,50.0,183.5,0.8040816034112525,233513,1.5076
437,45.0,180.1,0.8036795626095469,233838,0.9470
438,215.0,181.15,0.8032777228282422,234353,0.3680
439,320.0,181.75,0.8028760839668281,235172,0.5289
440,65.0,180.0,0.8024746459248447,235454,0.5081
441,125.0,180.05,0.8020734086018824,235915,1.1514
442,420.0,180.3,0.8016723718975814,236537,1.1247
443,45.0,178.75,0.8012715357116327,236853,0.6436
444,125.0,177.35,0.8008708999437769,237349,0.8209
445,135.0,172.25,0.8004704644938051,237738,0.8385
446,40.0,169.7,0.8000702292615582,238045,0.4906
447,195.0,170.25,0.7996701941469275,238749,1.4551
448,180.0,168.95,0.7992703590498541,239312,0.5351
449,180.0,169.25,0.7988707238703292,239885,1.9068
450,105.0,169.45,0.7984712885083941,240369,0.2690
451,80.0,169.2,0.79807205286414,240818,0.5454
452,25.0,166.85,0.797673016837708,241149,0.6192
453,50.0,165.25,0.7972741803292892,241459,1.8974
454,225.0,166.3,0.7968755432391246,242092,0.5823
455,410.0,165.35,0.796477105467505,242780,0.4973
456,150.0,166.1,0.7960788669147714,243275,0.3006
457,150.0,166.35,0.7956808274813141,243741,0.9702
458,105.0,159.25,0.7952829870675735,244045,0.5209
459,105.0,158.65,0.7948853455740398,244481,0.2709
460,60.0,159.15,0.7944879029012528,244789,0.8977
461,120.0,156.65,0.7940906589498022,245248,0.4052
462,55.0,153.6,0.7936936136203274,245559,0.3259
463,345.0,155.75,0.7932967668135174,246526,0.2647
464,205.0,155.05,0.7929001184301107,247274,0.2572
465,55.0,152.45,0.7925036683708957,247592,0.4841
466,115.0,152.2,0.7921074165367102,247983,0.3770
467,30.0,150.95,0.7917113628284419,248262,0.2172
468,230.0,152.4,0.7913155071470277,248999,1.1523
469,175.0,153.3,0.7909198493934543,249559,0.6205
470,200.0,154.05,0.7905243894687576,250158,0.2984
471,270.0,155.4,0.7901291272740233,251313,0.7371
472,45.0,152.15,0.7897340627103864,251672,0.2868
473,75.0,151.7,0.7893391956790312,251980,0.3992
474,260.0,152.95,0.7889445260811917,252614,0.7843
475,150.0,153.25,0.7885500538181511,253215,0.4340
476,35.0,152.95,0.7881557787912421,253513,0.4781
477,65.0,152.65,0.7877617009018465,254031,0.1641
478,315.0,152.4,0.7873678200513956,254699,1.5913
479,75.0,152.25,0.7869741361413699,255125,0.9402
480,160.0,151.75,0.7865806490732993,255795,1.2281
481,110.0,149.6,0.7861873587487627,256280,0.6865
482,25.0,149.4,0.7857942650693883,256682,0.3849
483,395.0,151.2,0.7854013679368537,257568,0.3227
484,215.0,151.7,0.7850086672528853,258125,1.0416
485,120.0,151.15,0.784616162919259,258619,0.6423
486,210.0,152.05,0.7842238548377993,259267,0.6407
487,75.0,152.45,0.7838317429103805,259646,0.8167
488,40.0,151.7,0.7834398270389253,259945,0.2474
489,30.0,151.4,0.783048107125406,260224,2.0552
490,65.0,151.2,0.7826565830718433,260737,1.2299
491,300.0,150.5,0.7822652547803074,261608,0.8125
492,85.0,150.45,0.7818741221529173,262023,1.8482
493,315.0,150.7,0.7814831850918409,262981,0.7859
494,95.0,149.55,0.781092443499295,263274,0.2762
495,235.0,151.0,0.7807018972775454,263787,1.0831
496,55.0,151.35,0.7803115463289066,264150,0.3291
497,50.0,149.75,0.7799213905557423,264444,1.5336
498,495.0,153.6,0.7795314298604644,265115,1.7337
499,195.0,154.5,0.7791416641455342,265655,0.1444
500,90.0,154.05,0.7787520933134615,266011,1.3664
501,80.0,153.65,0.7783627172668048,266447,0.3115
502,230.0,155.3,0.7779735359081715,266926,0.2082
503,65.0,155.25,0.7775845491402175,267371,0.9714
504,190.0,154.3,0.7771957568656473,268008,0.2282
505,120.0,154.95,0.7768071589872145,268549,0.2921
506,185.0,156.1,0.776418755407721,269264,0.2037
507,70.0,155.45,0.7760305460300172,269540,0.3513
508,200.0,155.35,0.7756425307570022,270211,0.3543
509,80.0,155.45,0.7752547094916237,270501,0.6909
510,125.0,155.8,0.7748670821368779,271039,0.7316
511,430.0,159.25,0.7744796485958095,271878,0.2360
512,55.0,158.0,0.7740924087715116,272235,2.6910
513,280.0,160.15,0.773705362567126,272989,0.9436
514,20.0,155.35,0.7733185098858425,273345,0.2028
515,155.0,155.1,0.7729318506308996,273782,0.3346
516,145.0,154.9,0.7725453847055842,274272,0.4467
517,160.0,155.9,0.7721591120132315,274762,1.1682
518,155.0,156.5,0.771773032457225,275239,1.8022
519,110.0,154.9,0.7713871459409963,275876,2.3042
520,110.0,155.4,0.7710014523680259,276347,1.2995
521,180.0,156.95,0.7706159516418419,276858,0.3653
522,65.0,154.9,0.770230643666021,277225,0.5240
523,200.0,154.75,0.7698455283441881,277754,0.3130
524,125.0,151.6,0.769460605580016,278357,0.4453
525,155.0,148.1,0.7690758752772261,278918,0.2445
526,210.0,149.05,0.7686913373395875,279622,0.3559
527,155.0,149.8,0.7683069916709178,280135,0.4522
528,195.0,151.25,0.7679228381750823,280730,0.3225
529,145.0,151.15,0.7675388767559949,281233,0.2893
530,100.0,150.5,0.7671551073176169,281624,0.2306
531,185.0,151.55,0.7667715297639581,282362,0.8517
532,210.0,152.05,0.7663881439990762,283011,0.3625
533,215.0,152.85,0.7660049499270767,283576,0.7747
534,90.0,152.7,0.7656219474521132,283959,0.6457
535,80.0,150.6,0.7652391364783871,284380,0.2018
536,260.0,152.7,0.764856516910148,285092,0.4483
537,350.0,155.75,0.764474088651693,285925,0.3712
538,290.0,156.5,0.7640918516073671,286493,2.0430
539,215.0,155.45,0.7637098056815635,287117,0.5567
540,280.0,157.6,0.7633279507787228,287749,1.0917
541,170.0,158.05,0.7629462868033335,288387,0.5302
542,105.0,154.9,0.7625648136599319,288887,1.6482
543,135.0,155.8,0.762183531253102,289550,0.1592
544,265.0,157.2,0.7618024394874755,290332,0.5937
545,125.0,157.1,0.7614215382677318,290748,2.1366
546,160.0,158.3,0.761040827498598,291253,1.2354
547,460.0,160.95,0.7606603070848488,292037,0.3686
548,200.0,161.15,0.7602799769313064,292644,1.6861
549,200.0,161.35,0.7598998369428408,293201,2.2869
550,245.0,162.75,0.7595198870243695,293850,1.1818
551,200.0,163.95,0.7591401270808573,294578,0.3565
552,170.0,165.4,0.7587605570173169,295146,2.2630
553,110.0,166.0,0.7583811767388083,295573,0.6015
554,425.0,168.0,0.758001986150439,296141,0.5162
555,95.0,164.85,0.7576229851573638,296492,0.6242
556,215.0,165.5,0.7572441736647851,297139,0.6266
557,110.0,165.1,0.7568655515779528,297604,0.1416
558,620.0,170.25,0.7564871188021638,298413,0.5058
559,105.0,170.25,0.7561088752427627,298797,1.0220
560,80.0,170.45,0.7557308208051414,299079,0.2535
561,265.0,171.9,0.7553529553947389,299781,1.5249
562,150.0,172.85,0.7549752789170415,300229,1.3814
563,70.0,170.1,0.7545977912775831,300532,0.3142
564,175.0,169.8,0.7542204923819443,301057,0.8643
565,185.0,171.1,0.7538433821357534,301579,0.8109
566,250.0,172.45,0.7534664604446856,302231,0.5498
567,145.0,173.6,0.7530897272144633,302711,1.2484
568,240.0,173.7,0.7527131823508562,303437,0.8171
569,210.0,174.05,0.7523368257596807,303951,1.1176
570,310.0,175.15,0.751960657346801,304639,0.5897
571,60.0,173.05,0.7515846770181276,305050,1.1544
572,25.0,172.85,0.7512088846796185,305371,0.6805
573,60.0,172.7,0.7508332802372788,305742,1.0044
574,165.0,171.75,0.7504578635971602,306317,0.1993
575,50.0,170.75,0.7500826346653616,306788,0.8078
576,65.0,171.05,0.7497075933480289,307170,0.9349
577,205.0,172.45,0.7493327395513549,307827,1.1867
578,120.0,170.5,0.7489580731815793,308259,0.1453
579,355.0,173.3,0.7485835941449885,308834,0.5742
580,225.0,173.95,0.748209302347916,309564,0.4587
581,180.0,174.65,0.7478351976967421,310072,0.8472
582,255.0,176.95,0.7474612800978938,310700,0.7763
583,210.0,175.1,0.747087549457845,311087,0.4069
584,695.0,179.9,0.7467140056831161,312273,1.2468
585,490.0,183.6,0.7463406486802746,313049,1.7694
586,575.0,187.25,0.7459674783559345,314031,0.2160
587,650.0,193.0,0.7455944946167565,315363,0.9590
588,100.0,193.6,0.7452216973694482,315701,0.3539
589,200.0,195.3,0.7448490865207635,316289,1.1994
590,210.0,196.75,0.7444766619775032,316751,0.6673
591,150.0,195.25,0.7441044236465144,317262,0.3514
592,260.0,197.0,0.7437323714346912,318046,0.9027
593,155.0,195.4,0.7433605052489739,318590,0.7123
594,200.0,196.45,0.7429888249963494,319273,0.6100
595,220.0,196.3,0.7426173305838513,319876,0.5989
596,100.0,196.75,0.7422460219185594,320300,0.2910
597,135.0,197.6,0.7418748989076002,320683,0.8005
598,165.0,194.3,0.7415039614581465,321212,0.3505
599,265.0,195.0,0.7411332094774175,321825,1.1258
600,185.0,195.95,0.7407626428726788,322306,1.3944
601,205.0,197.2,0.7403922615512425,322868,1.1812
602,110.0,196.0,0.7400220654204669,323248,0.8255
603,180.0,197.15,0.7396520543877567,323765,0.9741
604,175.0,197.0,0.7392822283605629,324175,1.2089
605,100.0,196.8,0.7389125872463826,324473,0.4251
606,745.0,202.4,0.7385431309527595,325466,0.2710
607,150.0,203.2,0.7381738593872831,326115,0.3186
608,215.0,203.35,0.7378047724575895,326792,0.3486
609,120.0,203.75,0.7374358700713607,327293,1.4912
610,65.0,203.15,0.737067152136325,327600,0.2654
611,85.0,199.7,0.7366986185602569,327888,0.6003
612,640.0,205.55,0.7363302692509768,328847,1.9317
613,250.0,205.25,0.7359621041163513,329478,0.2347
614,520.0,210.25,0.7355941230642932,330619,0.8399
615,65.0,209.35,0.735226326002761,330891,0.1719
616,130.0,209.2,0.7348587128397597,331402,0.4955
617,115.0,208.75,0.7344912834833398,331969,0.2682
618,180.0,209.0,0.7341240378415982,332492,0.2117
619,55.0,208.45,0.7337569758226774,332898,0.5857
620,160.0,208.95,0.7333900973347661,333404,0.2497
621,175.0,208.9,0.7330234022860987,334182,0.4260
622,145.0,209.7,0.7326568905849558,334671,0.9584
623,370.0,211.4,0.7322905621396634,335635,0.7262
624,155.0,211.7,0.7319244168585936,336273,0.8781
625,210.0,212.25,0.7315584546501643,336819,0.6394
626,300.0,213.15,0.7311926754228393,337517,1.3433
627,30.0,211.9,0.7308270790851279,337866,0.4423
628,360.0,213.55,0.7304616655455853,338692,0.4148
629,210.0,214.2,0.7300964347128126,339167,0.2797
630,120.0,214.4,0.7297313864954562,339625,2.2315
631,120.0,213.75,0.7293665208022085,340091,0.4315
632,125.0,212.9,0.7290018375418075,340686,0.6613
633,160.0,212.35,0.7286373366230366,341178,0.3791
634,85.0,212.3,0.7282730179547252,341783,0.1763
635,215.0,213.65,0.7279088814457478,342491,0.3552
636,50.0,211.55,0.727544927005025,342774,0.2661
637,605.0,214.1,0.7271811545415225,343618,0.6125
638,340.0,214.6,0.7268175639642518,344453,0.6990
639,510.0,217.55,0.7264541551822697,345195,0.8731
640,115.0,215.9,0.7260909281046787,345675,0.1917
641,105.0,215.25,0.7257278826406264,346050,0.3267
642,30.0,214.5,0.7253650186993061,346300,0.1534
643,490.0,218.05,0.7250023361899566,347111,0.5571
644,115.0,216.55,0.7246398350218617,347620,1.6642
645,310.0,218.4,0.7242775151043508,348511,1.6105
646,105.0,217.85,0.7239153763467987,348896,0.6496
647,265.0,215.9,0.7235534186586253,349516,0.4907
648,245.0,216.35,0.7231916419492961,350175,1.0475
649,105.0,215.4,0.7228300461283215,350568,0.4336
650,80.0,213.75,0.7224686311052574,350917,0.4756
651,190.0,213.65,0.7221073967897048,351418,2.6778
652,125.0,213.2,0.72174634309131,351766,0.3494
653,35.0,212.45,0.7213854699197644,352208,1.4228
654,135.0,209.55,0.7210247771848045,352627,1.6548
655,265.0,211.25,0.7206642647962122,353395,2.0069
656,390.0,213.0,0.7203039326638141,354297,0.5067
657,190.0,213.8,0.7199437806974822,355140,0.5953
658,65.0,208.25,0.7195838088071335,355512,0.2301
659,360.0,210.8,0.71922401690273,356133,0.4876
660,275.0,212.75,0.7188644048942786,356720,0.6922
661,185.0,211.95,0.7185049726918316,357231,1.7933
662,75.0,211.2,0.7181457202054857,357520,0.5897
663,285.0,213.35,0.717786647345383,358215,0.3704
664,345.0,215.05,0.7174277540217103,358847,1.4612
665,175.0,214.95,0.7170690401446995,359501,0.3343
666,205.0,214.5,0.7167105056246272,360048,0.4305
667,110.0,214.15,0.716352150371815,360434,0.9077
668,125.0,213.0,0.7159939742966291,360927,0.2063
669,175.0,212.65,0.7156359773094809,361366,0.4058
670,265.0,212.2,0.7152781593208262,362064,0.9528
671,395.0,215.55,0.7149205202411658,362795,0.2878
672,255.0,217.85,0.7145630599810453,363524,0.9032
673,195.0,219.2,0.7142057784510548,364092,1.0962
674,75.0,218.3,0.7138486755618293,364588,1.2203
675,265.0,220.45,0.7134917512240484,365188,0.3197
676,340.0,223.2,0.7131350053484364,365864,0.5660
677,340.0,224.55,0.7127784378457622,366564,0.4365
678,215.0,225.5,0.7124220486268393,367119,1.6577
679,200.0,223.95,0.712065837602526,367673,0.5986
680,310.0,224.8,0.7117098046837247,368609,0.7847
681,130.0,224.3,0.7113539497813829,368900,0.6599
682,165.0,223.4,0.7109982728064922,369462,0.1566
683,150.0,222.8,0.710642773670089,370053,0.5221
684,350.0,219.35,0.710287452283254,370821,0.4099
685,140.0,215.85,0.7099323085571124,371395,0.5305
686,80.0,210.9,0.7095773424028339,371688,0.8499
687,210.0,206.5,0.7092225537316325,372185,0.8549
688,260.0,208.1,0.7088679424547667,372873,0.1673
689,165.0,207.75,0.7085135084835393,373344,0.2583
690,150.0,207.15,0.7081592517292976,373872,0.1890
691,135.0,207.0,0.707805172103433,374285,0.3165
692,260.0,207.0,0.7074512695173812,374849,0.2348
693,240.0,207.85,0.7070975438826226,375385,0.2747
694,310.0,208.95,0.7067439951106813,376122,1.1083
695,90.0,207.65,0.7063906231131261,376541,0.8135
696,310.0,209.75,0.7060374278015695,377364,0.8527
697,440.0,212.8,0.7056844090876688,378263,1.2280
698,265.0,213.8,0.705331566883125,378985,0.2263
699,155.0,212.7,0.7049789010996835,379653,0.1530
700,80.0,211.65,0.7046264116491338,379939,0.9197
701,320.0,212.8,0.7042740984433092,380579,1.3420
702,305.0,214.75,0.7039219613940876,381410,0.6062
703,275.0,215.7,0.7035700004133906,382122,0.2769
704,180.0,215.75,0.703218215413184,382663,0.4257
705,265.0,217.4,0.7028666063054774,383284,0.9626
706,405.0,214.0,0.7025151730023247,384068,0.1681
707,255.0,215.05,0.7021639154158236,384783,0.9360
708,190.0,214.8,0.7018128334581157,385232,0.2314
709,105.0,214.65,0.7014619270413868,385652,0.5732
710,320.0,217.2,0.7011111960778661,386456,0.9375
711,50.0,216.85,0.7007606404798272,386936,0.1942
712,320.0,213.65,0.7004102601595873,387746,0.1949
713,215.0,213.3,0.7000600550295075,388390,1.1425
714,215.0,210.25,0.6997100250019928,388884,1.9924
715,230.0,211.9,0.6993601699894918,389451,2.3680
716,380.0,214.4,0.6990104899044971,390308,0.7127
717,285.0,216.1,0.6986609846595448,391075,0.6745
718,135.0,215.65,0.6983116541672151,391634,1.0072
719,135.0,216.45,0.6979624983401315,391937,0.8612
720,230.0,217.15,0.6976135170909614,392609,0.2433
721,260.0,218.0,0.697264710332416,393231,0.2484
722,85.0,217.4,0.6969160779772499,393613,0.7905
723,55.0,214.25,0.6965676199382612,393901,1.4154
724,175.0,214.45,0.6962193361282921,394322,0.3217
725,130.0,213.65,0.695871226460228,394851,0.3756
726,155.0,212.2,0.6955232908469979,395219,0.3058
727,135.0,213.25,0.6951755292015744,395809,0.1753
728,125.0,210.9,0.6948279414369737,396219,0.2921
729,265.0,211.45,0.6944805274662552,397095,0.6486
730,185.0,212.1,0.6941332872025221,397573,1.5947
731,180.0,212.7,0.6937862205589209,398103,0.4754
732,85.0,212.3,0.6934393274486415,398476,0.8846
733,85.0,211.55,0.6930926077849172,398850,0.4179
734,105.0,211.75,0.6927460614810248,399185,0.8160
735,170.0,211.3,0.6923996884502843,399824,0.1091
736,60.0,211.4,0.6920534886060592,400106,1.0220
737,55.0,205.9,0.6917074618617562,400478,1.1079
738,200.0,204.5,0.6913616081308254,400972,1.1442
739,105.0,200.45,0.69101592732676,401388,0.2545
740,285.0,202.15,0.6906704193630966,402190,1.8399
741,65.0,201.75,0.6903250841534151,402657,0.6673
742,305.0,204.5,0.6899799216113385,403360,0.2018
743,310.0,202.7,0.6896349316505328,403970,0.2032
744,210.0,203.65,0.6892901141847075,404627,1.6081
745,370.0,204.25,0.6889454691276152,405324,2.0894
746,100.0,204.2,0.6886009963930515,405758,2.6465
747,195.0,203.5,0.688256695894855,406238,0.9797
748,295.0,204.0,0.6879125675469077,406935,1.3943
749,140.0,204.35,0.6875686112631343,407389,0.2538
750,345.0,207.0,0.6872248269575028,408139,0.3954
751,80.0,205.9,0.6868812145440241,408436,0.3121
752,120.0,205.85,0.6865377739367521,408924,0.1997
753,495.0,210.45,0.6861945050497837,409743,0.3293
754,155.0,210.65,0.6858514077972588,410098,1.6206
755,200.0,210.0,0.6855084820933602,410605,0.1821
756,100.0,207.1,0.6851657278523136,411070,0.2431
757,170.0,206.9,0.6848231449883875,411560,1.1290
758,155.0,207.8,0.6844807334158933,412056,2.5128
759,225.0,206.45,0.6841384930491854,412618,1.1292
760,430.0,208.0,0.6837964238026608,413549,0.5508
761,120.0,207.35,0.6834545255907595,413986,0.2693
762,120.0,207.8,0.6831127983279641,414457,0.1526
763,150.0,206.45,0.6827712419288002,414854,0.2056
764,140.0,204.4,0.6824298563078359,415290,0.3985
765,140.0,204.05,0.6820886413796821,415832,0.2723
766,335.0,205.35,0.6817475970589922,416470,0.3544
767,240.0,206.65,0.6814067232604628,417091,1.1828
768,200.0,207.4,0.6810660198988326,417974,0.9964
769,205.0,207.7,0.6807254868888832,418601,0.1409
770,45.0,205.5,0.6803851241454388,418887,0.8492
771,140.0,202.95,0.6800449315833662,419412,0.3015
772,220.0,202.6,0.6797049091175745,420043,0.5095
773,95.0,201.6,0.6793650566630158,420437,0.7666
774,230.0,203.15,0.6790253741346843,420907,3.1144
775,120.0,201.7,0.678685861447617,421376,1.2629
776,85.0,199.15,0.6783465185168932,421846,0.8439
777,270.0,198.45,0.6780073452576348,422380,0.1799
778,200.0,198.3,0.6776683415850061,422978,0.7602
779,225.0,198.55,0.6773295074142136,423549,1.7287
780,180.0,197.25,0.6769908426605066,424050,0.1219
781,450.0,200.45,0.6766523472391763,424696,1.0494
782,210.0,200.9,0.6763140210655568,425303,0.2367
783,120.0,200.6,0.6759758640550241,425746,2.4171
784,155.0,198.65,0.6756378761229966,426226,0.2031
785,315.0,200.4,0.6753000571849351,427227,0.7245
786,160.0,201.2,0.6749624071563427,427845,0.4927
787,230.0,201.4,0.6746249259527646,428492,0.9031
788,270.0,201.5,0.6742876134897883,429153,0.6585
789,220.0,202.05,0.6739504696830434,429630,0.5474
790,155.0,202.1,0.673613494448202,430124,0.1523
791,180.0,202.55,0.6732766877009779,430631,0.9455
792,355.0,203.5,0.6729400493571275,431324,1.3201
793,370.0,204.8,0.672603579332449,432244,0.1859
794,245.0,204.15,0.6722672775427828,432933,0.5745
795,255.0,205.8,0.6719311439040114,433563,0.8279
796,215.0,204.85,0.6715951783320595,434269,0.3578
797,390.0,204.35,0.6712593807428935,434964,0.4705
798,140.0,203.1,0.6709237510525221,435466,0.2870
799,125.0,202.8,0.6705882891769959,435919,0.6895
800,135.0,203.35,0.6702529950324074,436357,0.2366
801,200.0,202.15,0.6699178685348912,436841,1.0290
802,375.0,202.85,0.6695829096006238,437595,1.1966
803,90.0,201.0,0.6692481181458235,438093,0.4600
804,290.0,202.1,0.6689134940867506,438895,0.3090
805,180.0,201.25,0.6685790373397072,439269,0.2652
806,455.0,201.75,0.6682447478210375,440176,0.2796
807,330.0,202.5,0.667910625447127,441006,0.1431
808,240.0,203.0,0.6675766701344035,441607,0.8631
809,175.0,203.7,0.6672428817993363,442093,0.2408
810,125.0,201.75,0.6669092603584367,442488,0.4820
811,210.0,203.35,0.6665758057282575,443015,0.9644
812,415.0,204.3,0.6662425178253933,443884,0.2017
813,260.0,204.75,0.6659093965664807,444585,0.6553
814,90.0,203.5,0.6655764418681975,444879,1.4123
815,155.0,202.75,0.6652436536472635,445385,0.5821
816,200.0,200.95,0.6649110318204399,445979,1.1169
817,275.0,200.85,0.6645785763045297,446596,0.2141
818,130.0,200.8,0.6642462870163774,447089,0.2758
819,300.0,202.45,0.6639141638728693,447744,1.4016
820,335.0,203.5,0.6635822067909328,448529,0.3129
821,670.0,207.6,0.6632504156875374,449271,1.3863
822,365.0,210.4,0.6629187904796937,449912,0.3350
823,230.0,212.15,0.6625873310844539,450680,1.2021
824,135.0,211.75,0.6622560374189117,451158,0.1775
825,290.0,213.35,0.6619249094002023,451819,0.4191
826,210.0,213.9,0.6615939469455022,452279,0.2512
827,475.0,217.3,0.6612631499720295,453012,1.1908
828,130.0,217.35,0.6609325183970435,453484,0.8599
829,180.0,216.5,0.660602052137845,454088,0.2127
830,295.0,217.6,0.660271751111776,454896,0.8258
831,275.0,218.55,0.6599416152362202,455509,1.3714
832,350.0,221.2,0.6596116444286021,456288,1.3618
833,185.0,222.2,0.6592818386063878,456791,0.4078
834,320.0,224.35,0.6589521976870846,457555,0.3271
835,155.0,224.2,0.6586227215882411,457957,0.1931
836,100.0,224.6,0.658293410227447,458394,0.8591
837,110.0,225.15,0.6579642635223334,458762,0.2906
838,100.0,224.15,0.6576352813905723,459103,0.1779
839,270.0,225.8,0.657306463749877,459654,0.9160
840,90.0,223.85,0.6569778105180021,460036,1.3851
841,100.0,224.2,0.6566493216127431,460391,0.4174
842,110.0,222.25,0.6563209969519368,460929,0.3577
843,520.0,224.35,0.6559928364534608,461648,0.3048
844,335.0,225.6,0.6556648400352342,462349,1.3161
845,120.0,223.1,0.6553370076152166,462760,1.3111
846,105.0,223.15,0.655009339111409,463049,0.4067
847,150.0,222.7,0.6546818344418533,463475,0.6541
848,240.0,222.15,0.6543544935246325,464440,0.9907
849,180.0,222.55,0.6540273162778703,464829,0.9462
850,135.0,220.45,0.6537003026197313,465243,0.5388
851,285.0,222.5,0.6533734524684215,465863,1.9196
852,215.0,223.45,0.6530467657421873,466512,0.5722
853,75.0,219.25,0.6527202423593162,466869,0.6370
854,185.0,219.55,0.6523938822381367,467563,1.7983
855,120.0,218.75,0.6520676852970176,467943,1.0866
856,150.0,219.25,0.6517416514543691,468455,2.0188
857,130.0,218.85,0.651415780628642,468924,1.3407
858,180.0,219.1,0.6510900727383278,469441,6.4942
859,560.0,222.45,0.6507645277019586,470169,1.2018
860,335.0,221.5,0.6504391454381077,470863,0.4444
861,230.0,222.6,0.6501139258653886,471483,0.9052
862,140.0,222.8,0.649788868902456,471887,0.3415
863,50.0,221.8,0.6494639744680049,472161,0.6943
864,200.0,222.4,0.6491392424807709,472735,1.5735
865,420.0,225.2,0.6488146728595305,473483,1.1677
866,225.0,224.1,0.6484902655231009,474123,0.1726
867,285.0,224.55,0.6481660203903393,474694,0.5736
868,305.0,225.6,0.6478419373801442,475446,0.2493
869,180.0,225.35,0.6475180164114541,475910,0.9351
870,105.0,225.95,0.6471942574032484,476321,1.1131
871,395.0,228.5,0.6468706602745469,477051,0.3215
872,110.0,227.4,0.6465472249444096,477459,1.6050
873,160.0,228.05,0.6462239513319374,477948,1.4874
874,210.0,227.85,0.6459008393562715,478467,0.6173
875,155.0,228.2,0.6455778889365934,478943,0.5737
876,215.0,229.5,0.6452550999921252,479467,0.7710
877,140.0,228.2,0.6449324724421291,479906,0.2307
878,205.0,228.25,0.6446100062059081,480398,0.2480
879,225.0,228.25,0.6442877012028052,480989,0.6398
880,495.0,231.4,0.6439655573522038,481767,0.2921
881,105.0,227.95,0.6436435745735278,482244,1.1920
882,225.0,228.1,0.6433217527862412,482778,0.6704
883,215.0,229.05,0.6430000919098481,483309,0.8952
884,45.0,227.95,0.6426785918638932,483652,1.1543
885,230.0,227.1,0.6423572525679613,484314,0.8336
886,260.0,228.1,0.6420360739416774,484993,0.3160
887,165.0,227.45,0.6417150559047066,485477,0.9901
888,110.0,225.85,0.6413941983767543,485904,0.6855
889,125.0,224.9,0.6410735012775659,486272,1.0119
890,140.0,224.75,0.6407529645269272,486759,0.7423
891,120.0,224.15,0.6404325880446637,487133,0.9235
892,100.0,221.6,0.6401123717506414,487434,0.3247
893,255.0,220.45,0.6397923155647661,488155,0.3681
894,260.0,220.6,0.6394724194069837,488781,1.4333
895,185.0,219.9,0.6391526831972802,489387,0.9622
896,225.0,220.0,0.6388331068556816,489847,0.7044
897,160.0,217.7,0.6385136903022538,490314,0.1205
898,160.0,217.9,0.6381944334571027,490816,1.0629
899,375.0,220.4,0.6378753362403742,491466,0.7683
900,105.0,220.1,0.637556398572254,491855,0.2869
901,255.0,220.65,0.6372376203729679,492391,0.6467
902,65.0,217.55,0.6369190015627815,492768,1.4191
903,345.0,220.1,0.6366005420620001,493405,0.6773
904,205.0,219.25,0.6362822417909691,493957,0.4648
905,240.0,219.85,0.6359641006700737,494603,0.7100
906,235.0,217.65,0.6356461186197387,495246,0.2336
907,410.0,218.45,0.6353282955604289,495880,1.2954
908,175.0,217.8,0.6350106314126487,496411,2.0496
909,215.0,218.2,0.6346931260969424,496966,0.4590
910,495.0,221.9,0.634375779533894,497543,0.7686
911,285.0,222.65,0.6340585916441271,498250,0.2538
912,195.0,220.45,0.6337415623483051,498720,0.7038
913,155.0,219.4,0.633424691567131,499248,0.1549
914,100.0,219.5,0.6331079792213474,499606,0.2834
915,165.0,219.6,0.6327914252317368,500212,0.4202
916,145.0,219.05,0.6324750295191209,500661,1.6242
917,170.0,218.0,0.6321587920043614,501272,0.2050
918,315.0,219.85,0.6318427126083592,501877,0.3073
919,255.0,219.4,0.6315267912520551,502425,0.1867
920,130.0,217.35,0.6312110278564291,502786,1.1903
921,600.0,216.65,0.630895422342501,503498,0.1709
922,305.0,216.05,0.6305799746313298,504374,0.2097
923,110.0,214.85,0.6302646846440141,504854,0.3725
924,170.0,215.2,0.6299495523016921,505340,0.2397
925,205.0,214.35,0.6296345775255413,506026,0.5306
926,230.0,214.55,0.6293197602367786,506832,0.7100
927,260.0,212.4,0.6290051003566602,507573,0.3685
928,340.0,214.5,0.628690597806482,508331,1.1273
929,225.0,214.95,0.6283762525075788,508964,0.4933
930,565.0,217.65,0.6280620643813251,509720,0.6463
931,140.0,216.3,0.6277480333491344,510338,0.2695
932,135.0,214.15,0.6274341593324599,510797,1.0571
933,180.0,214.1,0.6271204422527937,511351,0.4062
934,200.0,212.9,0.6268068820316673,511954,1.2270
935,320.0,214.55,0.6264934785906515,512735,0.1532
936,215.0,215.7,0.6261802318513562,513339,1.3027
937,205.0,216.65,0.6258671417354306,513925,0.2167
938,80.0,216.45,0.6255542081645629,514326,1.6998
939,310.0,216.85,0.6252414310604806,514940,1.9109
940,260.0,218.55,0.6249288103449504,515537,0.4010
941,150.0,219.05,0.624616345939778,516008,0.1872
942,405.0,222.0,0.6243040377668081,516706,0.9616
943,460.0,221.4,0.6239918857479247,517423,0.6213
944,175.0,219.8,0.6236798898050508,517947,0.2863
945,90.0,219.5,0.6233680498601484,518337,0.9676
946,260.0,221.05,0.6230563658352183,518872,2.0977
947,465.0,224.2,0.6227448376523007,519615,1.1959
948,365.0,225.45,0.6224334652334746,520256,0.6852
949,250.0,226.15,0.622122248500858,520904,0.3053
950,470.0,229.5,0.6218111873766076,521769,0.4566
951,110.0,227.75,0.6215002817829193,522085,0.2532
952,350.0,229.1,0.6211895316420278,522858,0.1831
953,315.0,231.5,0.6208789368762069,523699,0.2885
954,365.0,233.3,0.6205684974077688,524478,1.9899
955,270.0,234.8,0.6202582131590649,525021,0.1092
956,155.0,234.85,0.6199480840524855,525509,0.3159
957,85.0,234.4,0.6196381100104592,525804,0.2594
958,155.0,234.15,0.619328290955454,526289,1.4110
959,90.0,229.45,0.6190186268099763,526709,0.3174
960,105.0,227.15,0.6187091174965714,527132,0.2953
961,365.0,228.5,0.6183997629378232,527851,0.3033
962,250.0,229.6,0.6180905630563543,528476,1.3664
963,135.0,230.45,0.6177815177748261,529013,1.9131
964,150.0,229.95,0.6174726270159387,529486,0.2033
965,445.0,230.2,0.6171638907024308,530234,0.5995
966,270.0,230.65,0.6168553087570796,530801,0.8178
967,145.0,229.25,0.6165468811027011,531376,0.8945
968,155.0,227.75,0.6162386076621498,531754,0.1242
969,160.0,227.55,0.6159304883583188,532228,0.2849
970,80.0,227.3,0.6156225231141397,532601,0.2491
971,135.0,224.7,0.6153147118525827,533004,0.1340
972,145.0,225.05,0.6150070544966564,533462,2.0041
973,45.0,223.9,0.6146995509694081,533752,0.8678
974,260.0,224.4,0.6143922011939235,534460,1.4285
975,210.0,224.95,0.6140850050933265,534929,0.7390
976,180.0,224.6,0.6137779625907799,535411,0.2995
977,260.0,225.8,0.6134710736094845,536060,0.9304
978,175.0,225.5,0.6131643380726798,536539,0.3334
979,320.0,226.45,0.6128577559036434,537322,0.0803
980,80.0,222.3,0.6125513270256917,537799,1.4755
981,165.0,222.9,0.6122450513621789,538276,1.2264
982,125.0,221.9,0.6119389288364978,538657,1.7449
983,270.0,222.45,0.6116329593720796,539250,0.6926
984,130.0,223.3,0.6113271428923936,539641,0.9630
985,155.0,222.55,0.6110214793209475,540240,0.3132
986,80.0,220.75,0.6107159685812871,540567,0.9210
987,60.0,219.7,0.6104106105969964,540979,0.1383
988,105.0,219.65,0.610105405291698,541352,1.1393
989,230.0,220.7,0.6098003525890522,541964,1.1388
990,60.0,219.9,0.6094954524127577,542287,0.6810
991,65.0,219.35,0.6091907046865513,542694,0.8398
992,230.0,220.65,0.6088861093342081,543398,1.2225
993,75.0,218.85,0.608581666279541,543754,0.7328
994,125.0,217.5,0.6082773754464013,544142,0.8264
995,150.0,217.15,0.6079732367586781,544589,1.7572
996,135.0,216.25,0.6076692501402988,544981,0.2626
997,210.0,216.75,0.6073654155152287,545546,0.1503
998,275.0,217.9,0.6070617328074711,546273,0.3609
999,180.0,215.95,0.6067582019410674,546713,1.4319
1000,260.0,217.5,0.606454822840097,547459,0.5811
1001,155.0,216.5,0.606151595428677,547828,0.3815
1002,220.0,218.05,0.6058485196309628,548404,1.1475
1003,60.0,215.2,0.6055455953711473,548681,0.8176
1004,270.0,215.85,0.6052428225734617,549209,0.9140
1005,180.0,215.25,0.6049402011621751,549629,1.9874
1006,545.0,218.35,0.604637731061594,550342,0.6421
1007,155.0,215.8,0.6043354121960632,550778,1.2920
1008,385.0,217.9,0.6040332444899652,551585,0.2090
1009,105.0,216.8,0.6037312278677203,551879,0.2222
1010,210.0,213.95,0.6034293622537864,552435,0.9717
1011,590.0,217.0,0.6031276475726596,553436,1.0153
1012,135.0,216.4,0.6028260837488733,553845,0.2033
1013,165.0,216.5,0.6025246707069989,554417,1.6234
1014,80.0,216.3,0.6022234083716455,554707,0.6378
1015,95.0,215.6,0.6019222966674597,555129,0.3118
1016,245.0,216.6,0.601621335519126,555549,0.4874
1017,225.0,217.15,0.6013205248513664,556036,1.1106
1018,190.0,215.9,0.6010198645889407,556563,0.3117
1019,280.0,216.15,0.6007193546566463,557421,0.2825
1020,145.0,216.3,0.6004189949793179,557846,0.7042
1021,125.0,211.55,0.6001187854818283,558181,1.7807
1022,275.0,211.25,0.5998187260890874,558876,1.6082
1023,445.0,214.6,0.5995188167260429,559791,0.2491
1024,375.0,216.65,0.5992190573176799,560471,2.4725
1025,250.0,217.1,0.5989194477890211,561140,0.3056
1026,210.0,216.9,0.5986199880651266,561574,0.1995
1027,260.0,216.9,0.5983206780710941,562275,0.4180
1028,245.0,215.95,0.5980215177320586,562789,1.1205
1029,290.0,216.6,0.5977225069731926,563496,0.6581
1030,255.0,213.5,0.5974236457197061,564011,0.6803
1031,255.0,214.65,0.5971249338968463,564793,1.1450
1032,260.0,215.9,0.5968263714298979,565338,0.5011
1033,210.0,216.2,0.596527958244183,565806,0.3164
1034,140.0,215.6,0.596229694265061,566179,1.2752
1035,120.0,213.6,0.5959315794179285,566552,0.2049
1036,580.0,217.25,0.5956336136282195,567407,0.1976
1037,240.0,217.6,0.5953357968214055,567994,1.2485
1038,385.0,220.65,0.5950381289229948,568576,0.4816
1039,255.0,220.1,0.5947406098585333,569263,0.4857
1040,180.0,219.3,0.594443239553604,569680,1.1478
1041,455.0,222.35,0.5941460179338273,570600,0.6821
1042,225.0,220.55,0.5938489449248604,571229,0.5436
1043,180.0,217.75,0.593552020452398,571693,0.6665
1044,180.0,217.8,0.5932552444421718,572352,0.9367
1045,105.0,217.95,0.5929586168199508,572656,0.3249
1046,160.0,216.95,0.5926621375115408,573132,0.5999
1047,175.0,214.05,0.5923658064427851,573667,1.0613
1048,110.0,211.5,0.5920696235395638,574154,0.1647
1049,495.0,213.95,0.5917735887277941,574864,1.7799
1050,140.0,210.65,0.5914777019334302,575283,0.9568
1051,225.0,211.8,0.5911819630824635,575743,1.5099
1052,285.0,211.15,0.5908863721009223,576339,0.7570
1053,100.0,209.0,0.5905909289148719,576643,0.7812
1054,240.0,207.75,0.5902956334504145,577364,0.4322
1055,225.0,207.3,0.5900004856336893,577956,0.3793
1056,205.0,207.8,0.5897054853908725,578381,0.9705
1057,90.0,207.85,0.5894106326481772,578756,0.4894
1058,215.0,208.45,0.5891159273318531,579343,0.3952
1059,160.0,209.15,0.5888213693681873,579856,0.4167
1060,270.0,210.8,0.5885269586835032,580526,1.4518
1061,65.0,207.8,0.5882326952041615,580866,0.5320
1062,265.0,207.95,0.5879385788565595,581518,1.1499
1063,250.0,209.1,0.5876446095671313,582102,0.8361
1064,210.0,209.7,0.5873507872623477,582822,0.1678
1065,245.0,207.7,0.5870571118687166,583457,1.9968
1066,60.0,205.6,0.5867635833127822,583724,1.5158
1067,235.0,206.5,0.5864702015211258,584373,0.2351
1068,80.0,205.75,0.5861769664203653,584659,1.2017
1069,215.0,206.3,0.5858838779371551,585201,0.5203
1070,185.0,207.35,0.5855909359981866,585614,0.3737
1071,280.0,208.8,0.5852981405301875,586265,0.6797
1072,140.0,208.75,0.5850054914599224,586609,0.3236
1073,245.0,210.75,0.5847129887141925,587207,1.3706
1074,100.0,209.15,0.5844206322198354,587680,0.4933
1075,600.0,213.05,0.5841284219037255,588612,0.4609
1076,570.0,216.95,0.5838363576927736,589509,0.4567
1077,45.0,214.8,0.5835444395139273,589804,0.6171
1078,260.0,215.65,0.5832526672941704,590410,0.2183
1079,105.0,213.5,0.5829610409605233,590795,2.5312
1080,485.0,217.55,0.582669560440043,591851,1.2957
1081,210.0,218.0,0.582378225659823,592245,0.3723
1082,100.0,217.75,0.5820870365469931,592829,1.3514
1083,255.0,217.6,0.5817959930287196,593461,0.4700
1084,60.0,216.9,0.5815050950322053,593754,3.4426
1085,335.0,218.7,0.5812143424846892,594463,0.7459
1086,450.0,222.4,0.5809237353134469,595092,1.0455
1087,140.0,223.2,0.5806332734457902,595625,0.8363
1088,395.0,226.1,0.5803429568090673,596478,1.6521
1089,130.0,225.1,0.5800527853306628,596995,2.2504
1090,110.0,225.6,0.5797627589379976,597362,0.2853
1091,295.0,227.9,0.5794728775585286,598014,0.2475
1092,165.0,227.25,0.5791831411197493,598392,0.4537
1093,135.0,227.85,0.5788935495491895,598871,0.3228
1094,325.0,229.85,0.5786041027744149,599568,0.9926
1095,325.0,231.6,0.5783148007230277,600229,0.3344
1096,315.0,233.4,0.5780256433226661,600941,0.2210
1097,95.0,232.25,0.5777366305010049,601404,0.6616
1098,60.0,230.1,0.5774477621857544,601705,0.1885
1099,245.0,230.75,0.5771590383046616,602345,1.5828
1100,340.0,231.55,0.5768704587855094,602966,0.2819
1101,295.0,232.95,0.5765820235561167,603618,2.4032
1102,50.0,231.25,0.5762937325443386,603987,0.3925
1103,185.0,232.5,0.5760055856780665,604394,0.3731
1104,345.0,233.25,0.5757175828852275,605177,1.0900
1105,130.0,232.75,0.5754297240937849,605702,0.2506
1106,295.0,230.25,0.5751420092317381,606315,1.8465
1107,445.0,233.15,0.5748544382271222,606978,3.3057
1108,375.0,233.05,0.5745670110080087,607580,0.3986
1109,710.0,239.1,0.5742797275025047,608448,0.8811
1110,80.0,237.8,0.5739925876387535,608739,0.3327
1111,245.0,234.35,0.5737055913449342,609445,0.3611
1112,430.0,237.3,0.5734187385492617,610133,0.8678
1113,305.0,238.7,0.5731320291799872,610752,1.0247
1114,145.0,239.35,0.5728454631653972,611357,1.9316
1115,155.0,239.95,0.5725590404338146,611774,0.9517
1116,155.0,239.05,0.5722727609135977,612368,0.2345
1117,480.0,241.6,0.571986624533141,613338,2.1792
1118,120.0,240.9,0.5717006312208744,613705,1.9330
1119,210.0,240.2,0.571414780905264,614190,0.2296
1120,220.0,240.95,0.5711290735148113,614776,0.3213
1121,115.0,240.85,0.570843508978054,615266,1.2387
1122,145.0,239.55,0.570558087223565,615754,0.1868
1123,245.0,237.55,0.5702728081799533,616383,0.2054
1124,165.0,235.45,0.5699876717758634,616988,0.4921
1125,385.0,236.8,0.5697026779399755,617918,0.3975
1126,260.0,237.3,0.5694178266010056,618674,0.5050
1127,320.0,237.9,0.5691331176877051,619379,1.1883
1128,80.0,236.25,0.5688485511288613,619647,0.3900
1129,125.0,234.6,0.5685641268532969,620076,0.5388
1130,445.0,236.5,0.5682798447898704,620768,1.6768
1131,270.0,236.65,0.5679957048674754,621355,0.5085
1132,110.0,235.15,0.5677117070150417,621829,1.8008
1133,215.0,235.2,0.5674278511615342,622524,0.5833
1134,185.0,235.65,0.5671441372359535,622945,0.4375
1135,190.0,236.35,0.5668605651673355,623486,0.4560
1136,315.0,233.7,0.5665771348847519,624116,0.6594
1137,210.0,233.4,0.5662938463173096,624670,1.3569
1138,80.0,230.35,0.5660106993941509,625063,0.8725
1139,85.0,228.65,0.5657276940444539,625420,0.9421
1140,345.0,230.3,0.5654448301974317,625988,1.3367
1141,250.0,228.25,0.5651621077823331,626682,0.2576
1142,130.0,227.3,0.564879526728442,627236,0.5105
1143,160.0,227.1,0.5645970869650778,627754,0.2758
1144,350.0,228.8,0.5643147884215953,628470,2.1668
1145,155.0,229.3,0.5640326310273845,628793,1.4079
1146,420.0,231.9,0.5637506147118709,629660,0.2503
1147,290.0,233.05,0.563468739404515,630549,2.3729
1148,405.0,236.0,0.5631870050348128,631299,0.8184
1149,60.0,231.65,0.5629054115322955,631588,0.5390
1150,325.0,233.5,0.5626239588265294,632262,0.4091
1151,250.0,233.75,0.5623426468471161,632966,1.5228
1152,105.0,231.95,0.5620614755236926,633272,0.4829
1153,70.0,231.65,0.5617804447859307,633715,1.1469
1154,240.0,231.65,0.5614995545635377,634261,0.5901
1155,170.0,231.1,0.561218804786256,634766,0.7578
1156,290.0,231.95,0.5609381953838629,635441,0.9389
1157,130.0,232.35,0.560657726286171,635916,0.3883
1158,365.0,233.85,0.560377397423028,636665,0.8241
1159,230.0,234.55,0.5600972087243165,637298,1.0583
1160,205.0,233.9,0.5598171601199543,637801,0.2280
1161,270.0,235.95,0.5595372515398943,638295,0.6897
1162,100.0,234.3,0.5592574829141244,638681,1.0169
1163,360.0,235.4,0.5589778541726673,639345,1.4783
1164,385.0,237.15,0.558698365245581,639982,0.2732
1165,165.0,236.35,0.5584190160629583,640373,1.2489
1166,140.0,237.15,0.5581398065549269,640760,0.3580
1167,255.0,237.35,0.5578607366516495,641343,0.6806
1168,255.0,239.1,0.5575818062833237,641919,0.3875
1169,265.0,239.6,0.557303015380182,642545,1.4044
1170,60.0,238.35,0.557024363872492,642877,0.3304
1171,235.0,237.9,0.5567458516905558,643478,1.4498
1172,100.0,237.5,0.5564674787647106,643776,0.3623
1173,255.0,237.6,0.5561892450253283,644414,0.5507
1174,460.0,241.2,0.5559111504028157,645167,0.8349
1175,180.0,237.0,0.5556331948276143,645651,0.8897
1176,225.0,233.55,0.5553553782302005,646271,1.3086
1177,80.0,233.9,0.5550777005410855,646592,0.4842
1178,240.0,233.7,0.554800161690815,647160,0.9371
1179,320.0,235.85,0.5545227616099696,647795,0.4600
1180,180.0,232.8,0.5542455002291646,648224,0.7119
1181,205.0,232.75,0.55396837747905,648766,0.3145
1182,170.0,233.45,0.5536913932903106,649212,1.0926
1183,175.0,232.65,0.5534145475936655,649915,1.4124
1184,285.0,234.9,0.5531378403198687,650581,1.1268
1185,225.0,233.8,0.5528612713997088,651265,0.6405
1186,410.0,233.4,0.5525848407640089,651902,0.3977
1187,275.0,234.75,0.552308548343627,652453,0.3320
1188,160.0,232.4,0.5520323940694551,652937,0.2593
1189,235.0,233.45,0.5517563778724205,653497,1.1839
1190,210.0,234.45,0.5514804996834843,653948,3.0407
1191,325.0,234.75,0.5512047594336427,654651,0.6081
1192,65.0,233.75,0.5509291570539259,655013,0.7609
1193,290.0,235.3,0.550653692475399,655609,0.5069
1194,110.0,233.15,0.5503783656291613,656217,1.0905
1195,270.0,232.6,0.5501031764463468,656879,1.3601
1196,180.0,231.25,0.5498281248581236,657379,0.4381
1197,150.0,231.8,0.5495532107956945,657857,0.7320
1198,225.0,233.45,0.5492784341902968,658477,0.4509
1199,375.0,234.75,0.5490037949732016,659169,0.3562
1200,215.0,233.5,0.548729293075715,659820,0.1761
1201,475.0,235.3,0.5484549284291772,660774,1.3670
1202,530.0,240.1,0.5481807009649626,661679,0.6157
1203,445.0,242.7,0.5479066106144802,662410,1.1457
1204,50.0,239.75,0.547632657309173,662707,0.1703
1205,320.0,241.65,0.5473588409805185,663302,0.3094
1206,190.0,240.6,0.5470851615600282,663830,0.4702
1207,140.0,237.55,0.5468116189792482,664210,0.2276
1208,210.0,235.9,0.5465382131697586,664693,0.9658
1209,80.0,229.6,0.5462649440631737,664980,0.9293
1210,430.0,233.1,0.5459918115911422,665529,0.1952
1211,365.0,234.3,0.5457188156853466,666277,1.0821
1212,75.0,230.75,0.545445956277504,666655,0.5825
1213,485.0,232.55,0.5451732332993653,667531,0.5813
1214,260.0,233.7,0.5449006466827157,668268,0.1444
1215,155.0,233.7,0.5446281963593743,668728,0.2681
1216,215.0,234.3,0.5443558822611947,669293,0.2796
1217,310.0,232.6,0.5440837043200641,669928,1.7170
1218,380.0,235.2,0.5438116624679041,670700,1.3968
1219,500.0,238.1,0.5435397566366702,671779,1.1152
1220,280.0,238.7,0.5432679867583519,672542,0.9289
1221,85.0,238.4,0.5429963527649727,672903,1.2057
1222,260.0,239.55,0.5427248545885902,673489,1.2619
1223,335.0,240.45,0.5424534921612959,674195,1.0207
1224,340.0,242.2,0.5421822654152153,674805,0.4209
1225,155.0,239.9,0.5419111742825077,675261,1.1337
1226,140.0,238.7,0.5416402186953665,675642,0.8883
1227,205.0,237.55,0.5413693985860188,676243,2.1817
1228,100.0,237.75,0.5410987138867258,676536,1.0582
1229,125.0,237.75,0.5408281645297824,676869,1.6828
1230,180.0,235.1,0.5405577504475175,677303,0.8893
1231,100.0,233.4,0.5402874715722938,677597,1.0622
1232,220.0,234.5,0.5400173278365077,678170,0.9632
1233,640.0,238.75,0.5397473191725894,679010,0.1277
1234,205.0,238.95,0.5394774455130031,679502,0.7779
1235,175.0,238.8,0.5392077067902467,679967,2.4372
1236,500.0,240.65,0.5389381029368515,680606,0.4528
1237,295.0,241.5,0.5386686338853831,681404,1.2240
1238,130.0,242.0,0.5383992995684405,681948,1.6036
1239,365.0,244.8,0.5381300999186562,682637,0.8679
1240,220.0,243.55,0.537861034868697,683183,0.8228
1241,135.0,242.4,0.5375921043512626,683572,0.3205
1242,100.0,242.1,0.537323308299087,683976,0.2625
1243,730.0,247.8,0.5370546466449375,684803,0.2804
1244,160.0,245.9,0.5367861193216151,685195,1.3989
1245,250.0,246.85,0.5365177262619544,685795,0.6232
1246,220.0,244.85,0.5362494673988234,686231,0.4065
1247,85.0,242.8,0.535981342665124,686738,1.1161
1248,210.0,240.85,0.5357133519937914,687239,0.2386
1249,270.0,242.95,0.5354454953177946,687916,0.1869
1250,195.0,241.65,0.5351777725701358,688503,0.4411
1251,495.0,244.1,0.5349101836838507,689565,1.8925
1252,215.0,245.2,0.5346427285920088,690066,1.0591
1253,205.0,246.55,0.5343754072277128,690518,0.3900
1254,395.0,248.1,0.534108219524099,691455,0.3715
1255,350.0,249.9,0.533841165414337,692321,1.9237
1256,360.0,250.6,0.5335742448316299,693050,0.3843
1257,210.0,251.4,0.5333074577092141,693479,0.1916
1258,280.0,250.55,0.5330408039803595,694211,0.3121
1259,315.0,251.4,0.5327742835783693,694937,0.4791
1260,265.0,252.0,0.5325078964365801,695521,0.2722
1261,175.0,251.05,0.5322416424883619,696012,0.9440
1262,180.0,251.85,0.5319755216671178,696423,1.6276
1263,245.0,250.7,0.5317095339062843,696928,1.5895
1264,505.0,251.9,0.5314436791393312,697712,0.6026
1265,315.0,253.4,0.5311779572997616,698434,0.9127
1266,390.0,255.9,0.5309123683211118,699293,0.4685
1267,175.0,255.1,0.5306469121369513,699772,1.0165
1268,190.0,254.45,0.5303815886808828,700257,0.4794
1269,290.0,254.7,0.5301163978865424,701011,0.8032
1270,35.0,254.45,0.5298513396875991,701267,0.4144
1271,435.0,256.45,0.5295864140177553,702057,0.2586
1272,65.0,256.1,0.5293216208107464,702393,0.6431
1273,405.0,257.6,0.5290569600003411,703319,1.2827
1274,90.0,253.9,0.5287924315203409,703721,1.2555
1275,165.0,253.75,0.5285280353045808,704188,0.4251
1276,190.0,253.4,0.5282637712869286,704691,0.4593
1277,160.0,254.2,0.5279996394012851,705107,1.4966
1278,260.0,254.4,0.5277356395815845,705756,1.0722
1279,440.0,255.6,0.5274717717617938,706402,0.6775
1280,60.0,254.4,0.5272080358759129,706749,0.4286
1281,415.0,256.5,0.526944431857975,707685,1.5288
1282,160.0,256.4,0.5266809596420461,708157,0.6611
1283,150.0,256.15,0.5264176191622251,708670,0.9133
1284,310.0,256.4,0.526154410352644,709279,2.2881
1285,80.0,254.95,0.5258913331474677,709629,1.6835
1286,210.0,252.95,0.525628387480894,710130,0.8732
1287,285.0,253.05,0.5253655732871536,710802,0.8217
1288,360.0,255.05,0.5251028905005101,711836,0.2078
1289,155.0,254.25,0.5248403390552598,712366,0.7733
1290,320.0,255.35,0.5245779188857322,712991,0.4323
1291,380.0,255.9,0.5243156299262894,713652,0.8978
1292,150.0,256.75,0.5240534721113264,713973,0.3507
1293,200.0,255.85,0.5237914453752707,714642,0.4810
1294,310.0,257.85,0.523529549652583,715247,1.8453
1295,320.0,258.35,0.5232677848777567,715946,0.3167
1296,80.0,257.35,0.5230061509853179,716238,0.6669
1297,120.0,257.05,0.5227446479098252,716760,1.5132
1298,335.0,258.15,0.5224832755858704,717433,1.7723
1299,435.0,258.75,0.5222220339480774,718058,0.9686
1300,750.0,264.1,0.5219609229311034,718917,3.2390
1301,240.0,261.75,0.5216999424696379,719504,0.3429
1302,405.0,260.5,0.5214390924984031,720479,1.7341
1303,395.0,260.0,0.521178372952154,721107,0.2729
1304,160.0,261.1,0.5209177837656779,721605,0.3688
1305,85.0,258.75,0.520657324873795,722054,0.3044
1306,280.0,259.65,0.5203969962113582,722739,1.0085
1307,450.0,262.75,0.5201367977132525,723574,0.2452
1308,175.0,262.4,0.5198767293143959,724158,0.9273
1309,160.0,263.2,0.5196167909497387,724617,1.5859
1310,45.0,259.35,0.5193569825542639,724899,1.0212
1311,140.0,257.1,0.5190973040629868,725291,1.1942
1312,340.0,259.75,0.5188377554109553,726075,0.7897
1313,200.0,256.9,0.5185783365332499,726587,0.6323
1314,190.0,256.2,0.5183190473649834,727122,0.2781
1315,370.0,258.35,0.5180598878413009,728012,1.3646
1316,215.0,258.35,0.5178008578973803,728543,1.5953
1317,145.0,256.7,0.5175419574684316,729066,1.1512
1318,260.0,255.5,0.5172831864896974,729749,0.2540
1319,125.0,251.75,0.5170245448964526,730094,1.0178
1320,280.0,251.75,0.5167660326240043,730814,1.0069
1321,320.0,254.1,0.5165076496076924,731463,2.1370
1322,445.0,255.95,0.5162493957828885,732237,1.6688
1323,465.0,257.25,0.5159912710849971,733186,0.5810
1324,190.0,255.75,0.5157332754494546,733561,0.2566
1325,200.0,256.2,0.5154754088117299,733979,0.5563
1326,355.0,258.35,0.5152176711073241,734724,0.6165
1327,335.0,259.65,0.5149600622717705,735367,0.2705
1328,105.0,259.7,0.5147025822406346,735872,0.7005
1329,325.0,261.7,0.5144452309495143,736593,2.2952
1330,430.0,264.2,0.5141880083340395,737634,2.3344
1331,80.0,264.0,0.5139309143298726,738080,0.3834
1332,260.0,264.4,0.5136739488727077,738637,1.0065
1333,340.0,261.4,0.5134171118982713,739253,1.5815
1334,130.0,260.65,0.5131604033423223,739726,0.9865
1335,375.0,262.65,0.5129038231406511,740442,2.5749
1336,250.0,260.15,0.5126473712290808,741063,0.3050
1337,115.0,258.35,0.5123910475434663,741437,1.2214
1338,690.0,263.95,0.5121348520196947,742394,1.5337
1339,265.0,262.95,0.5118787845936849,742934,0.2619
1340,415.0,264.9,0.511622845201388,743786,0.1665
1341,120.0,264.75,0.5113670337787873,744193,0.2804
1342,110.0,264.85,0.511111350261898,744604,2.0086
1343,185.0,259.4,0.5108557945867671,745004,2.6346
1344,440.0,262.2,0.5106003666894737,745888,0.3149
1345,310.0,262.8,0.510345066506129,746552,0.4153
1346,245.0,263.05,0.510089893972876,747078,1.2653
1347,50.0,262.7,0.5098348490258896,747388,0.4487
1348,215.0,262.75,0.5095799316013767,747837,0.3225
1349,235.0,262.4,0.5093251416355761,748394,0.2175
1350,45.0,260.9,0.5090704790647583,748706,0.5179
1351,285.0,258.8,0.508815943825226,749509,0.9933
1352,150.0,258.15,0.5085615358533134,750136,0.6201
1353,210.0,258.2,0.5083072550853868,750736,0.2005
1354,260.0,256.85,0.5080531014578441,751228,0.7654
1355,305.0,256.4,0.5077990749071152,752074,1.2682
1356,610.0,258.9,0.5075451753696616,752974,0.4426
1357,335.0,260.15,0.5072914027819768,753719,0.6842
1358,420.0,261.55,0.5070377570805858,754219,0.4047
1359,420.0,262.6,0.5067842382020455,755001,0.8619
1360,525.0,265.2,0.5065308460829445,755624,0.9411
1361,235.0,265.8,0.506277580659903,756261,0.5561
1362,120.0,265.2,0.5060244418695731,756743,1.2114
1363,80.0,263.55,0.5057714296486383,757031,1.8816
1364,320.0,261.7,0.505518543933814,757573,1.0246
1365,170.0,260.25,0.5052657846618471,757951,0.5895
1366,275.0,259.1,0.5050131517695162,758555,0.8142
1367,270.0,260.05,0.5047606451936315,759196,0.7399
1368,290.0,261.05,0.5045082648710347,759751,1.4732
1369,165.0,259.8,0.5042560107385993,760131,0.3242
1370,320.0,262.65,0.50400388273323,760805,0.3653
1371,245.0,260.75,0.5037518807918635,761348,0.1699
1372,245.0,262.55,0.5035000048514676,762042,1.3795
1373,205.0,260.55,0.5032482548490419,762979,0.8626
1374,245.0,262.1,0.5029966307216174,763514,0.2736
1375,280.0,263.25,0.5027451324062566,764154,0.2847
1376,160.0,262.95,0.5024937598400535,764574,0.2275
1377,375.0,265.1,0.5022425129601336,765241,0.8281
1378,135.0,263.85,0.5019913917036535,765691,0.6501
1379,415.0,263.6,0.5017403960078016,766545,0.4777
1380,255.0,265.55,0.5014895258097978,767183,1.6221
1381,140.0,262.8,0.5012387810468929,767569,0.7905
1382,165.0,262.85,0.5009881616563695,768051,1.5371
1383,140.0,262.75,0.5007376675755414,768456,0.4868
1384,100.0,260.65,0.5004872987417537,768743,0.3159
1385,235.0,262.2,0.5002370550923828,769489,0.7966
1386,385.0,263.95,0.49998693656483667,770387,0.1760
1387,175.0,262.85,0.49973694309655425,770886,2.0227
1388,275.0,262.0,0.499487074625006,771467,0.3503
1389,285.0,263.3,0.4992373310876935,772099,1.3712
1390,210.0,262.2,0.49898771242214973,772658,0.9705
1391,545.0,263.85,0.4987382185659387,773481,0.5831
1392,350.0,265.85,0.4984888494566558,774181,0.7781
1393,75.0,264.6,0.4982396050319275,774540,0.8541
1394,225.0,263.75,0.49799048522941153,775014,0.5710
1395,360.0,264.15,0.49774148998679685,775663,1.0946
1396,140.0,264.75,0.4974926192418035,776135,0.6540
1397,490.0,268.45,0.49724387293218264,777216,1.1935
1398,395.0,269.05,0.49699525099571656,778126,0.8794
1399,80.0,265.5,0.49674675337021873,778426,0.7443
1400,135.0,259.35,0.49649837999353363,778934,0.6349
1401,180.0,258.75,0.4962501308035369,779428,1.7802
1402,520.0,259.9,0.4960020057381352,780536,0.8413
1403,100.0,256.95,0.49575400473526615,780875,0.5373
1404,200.0,257.35,0.49550612773289854,781492,1.3093
1405,335.0,259.85,0.4952583746690321,782194,0.9375
1406,470.0,261.75,0.4950107454816976,782861,0.5786
1407,125.0,258.5,0.4947632401089568,783334,1.1249
1408,260.0,259.35,0.49451585848890234,783790,0.3985
1409,230.0,260.05,0.49426860055965793,784650,0.2463
1410,140.0,261.0,0.49402146625937815,785067,0.2636
1411,360.0,263.2,0.4937744555262485,785732,1.6059
1412,170.0,261.5,0.4935275682984854,786280,0.1700
1413,420.0,263.7,0.49328080451433615,787117,1.2722
1414,110.0,262.9,0.493034164112079,787412,0.4943
1415,60.0,259.8,0.492787647030023,787718,0.2213
1416,165.0,259.3,0.492541253206508,788307,1.8007
1417,205.0,259.9,0.4922949825799048,788842,0.2055
1418,365.0,260.95,0.49204883508861486,789771,0.3811
1419,500.0,264.7,0.49180281067107057,790744,0.6921
1420,385.0,265.75,0.49155690926573503,791316,0.3639
1421,125.0,263.8,0.49131113081110217,791622,0.8352
1422,275.0,262.1,0.49106547524569666,792295,0.3335
1423,145.0,258.9,0.4908199425080738,792841,0.4082
1424,100.0,258.0,0.4905745325368198,793204,1.5475
1425,505.0,261.05,0.49032924527055144,793898,1.3217
1426,165.0,259.15,0.4900840806479162,794333,0.6970
1427,400.0,259.8,0.48983903860759226,795029,0.2257
1428,375.0,262.5,0.4895941190882885,795755,0.5012
1429,415.0,263.4,0.48934932202874437,796462,0.8770
1430,410.0,263.2,0.48910464736773,797116,0.5811
1431,265.0,265.05,0.4888600950440462,797799,0.4206
1432,270.0,265.15,0.4886156649965242,798616,0.7231
1433,130.0,263.05,0.48837135716402597,799112,1.1846
1434,300.0,264.75,0.488127171485444,799805,0.4499
1435,160.0,262.6,0.4878831078997013,800203,0.5934
1436,460.0,264.7,0.4876391663457515,800771,0.6867
1437,270.0,266.25,0.4873953467625787,801488,1.0207
1438,345.0,262.8,0.4871516490891974,802154,1.0493
1439,275.0,262.9,0.4869080732646528,802808,0.4106
1440,275.0,261.5,0.4866646192280205,803497,0.5607
1441,105.0,261.35,0.4864212869184065,803925,1.0315
1442,300.0,263.25,0.48617807627494736,804566,0.8216
1443,275.0,264.15,0.4859349872368099,805356,1.2687
1444,420.0,263.95,0.48569201974319154,806257,0.9036
1445,595.0,266.8,0.48544917373331997,807157,0.9006
1446,300.0,267.35,0.48520644914645333,807754,0.3873
1447,255.0,269.4,0.48496384592188013,808333,0.5460
1448,45.0,267.7,0.48472136399891924,808634,1.3331
1449,110.0,266.45,0.4844790033169198,809023,0.2428
1450,745.0,273.45,0.4842367638152614,810262,1.1954
1451,225.0,272.85,0.48399464543335374,810770,0.3838
1452,160.0,272.95,0.4837526481106371,811161,1.0013
1453,260.0,273.45,0.4835107717865818,811595,0.4744
1454,180.0,272.65,0.48326901640068853,811988,0.7281
1455,335.0,272.95,0.48302738189248823,812717,1.8834
1456,330.0,270.15,0.482785868201542,813435,1.0623
1457,250.0,269.3,0.48254447526744126,813850,0.3344
1458,195.0,267.05,0.48230320302980756,814385,1.3234
1459,190.0,264.75,0.48206205142829267,814824,0.7795
1460,110.0,260.6,0.48182102040257857,815192,0.2163
1461,230.0,260.55,0.4815801098923773,815955,0.4901
1462,140.0,260.75,0.48133931983743117,816425,0.9027
1463,245.0,262.4,0.48109865017751247,816945,1.0684
1464,180.0,261.0,0.48085810085242375,817440,0.9512
1465,260.0,261.9,0.48061767180199755,818018,0.8783
1466,275.0,261.9,0.48037736296609657,818583,0.3397
1467,645.0,265.65,0.48013717428461355,819463,0.9465
1468,310.0,265.85,0.4798971056974713,820059,1.2433
1469,290.0,267.1,0.4796571571446226,820631,0.8601
1470,580.0,269.7,0.4794173285660503,821692,0.3495
1471,495.0,272.2,0.47917761990176727,822698,0.7527
1472,335.0,273.1,0.47893803109181643,823284,1.8685
1473,110.0,272.15,0.47869856207627054,823733,0.9192
1474,305.0,272.75,0.47845921279523246,824492,1.6429
1475,130.0,271.25,0.47821998318883485,824995,1.3942
1476,340.0,273.05,0.4779808731972405,825721,1.2759
1477,450.0,273.8,0.4777418827606419,826499,1.0213
1478,260.0,275.05,0.4775030118192616,827037,0.4907
1479,185.0,272.75,0.47726426031335195,827412,1.4053
1480,275.0,272.95,0.4770256281831953,828008,0.1640
1481,220.0,273.75,0.47678711536910373,828588,1.3233
1482,275.0,274.85,0.4765487218114192,829299,1.9227
1483,180.0,275.25,0.47631044745051354,829959,0.4874
1484,640.0,280.65,0.4760722922267883,830873,0.3836
1485,190.0,280.2,0.475834256080675,831413,0.3004
1486,285.0,279.2,0.47559633895263465,831997,1.3955
1487,205.0,279.5,0.47535854078315837,832572,0.5559
1488,255.0,279.3,0.47512086151276683,833061,0.4170
1489,105.0,277.5,0.4748833010820105,833417,0.2843
1490,200.0,277.4,0.47464585943146953,833991,1.1204
1491,450.0,276.45,0.4744085365017538,834647,0.6520
1492,205.0,275.0,0.47417133223350294,835198,0.3156
1493,265.0,276.9,0.4739342465673862,835875,0.3679
1494,125.0,275.9,0.4736972794441025,836327,1.8429
1495,235.0,274.65,0.4734604308043805,836965,0.8579
1496,125.0,274.5,0.47322370058897834,837295,0.8027
1497,400.0,273.6,0.4729870887386839,838036,0.3315
1498,340.0,273.05,0.47275059519431456,838660,0.4995
1499,205.0,274.3,0.47251421989671744,839226,1.2431
1500,290.0,275.85,0.4722779627867691,840097,0.5172
1501,640.0,280.45,0.47204182380537574,840785,0.5078
1502,100.0,276.25,0.47180580289347307,841190,0.3005
1503,900.0,284.25,0.47156989999202636,842125,0.8827
1504,220.0,284.45,0.4713341150420304,842690,0.6207
1505,355.0,284.65,0.4710984479845094,843431,1.1378
1506,320.0,283.15,0.4708628987605172,844077,0.3445
1507,150.0,283.4,0.47062746731113697,844576,1.0217
1508,120.0,282.0,0.47039215357748143,845007,1.1524
1509,125.0,280.95,0.4701569575006927,845295,0.4437
1510,100.0,280.55,0.4699218790219424,845573,0.3098
1511,380.0,280.75,0.46968691808243146,846221,0.4150
1512,700.0,286.05,0.4694520746233903,847642,0.9532
1513,230.0,284.15,0.4692173485860786,848156,0.4364
1514,485.0,287.9,0.4689827399117856,849019,1.4830
1515,395.0,291.25,0.4687482485418297,849884,1.1116
1516,255.0,292.15,0.4685138744175588,850477,1.8557
1517,150.0,291.6,0.4682796174803501,850961,1.7779
1518,440.0,292.35,0.4680454776716099,851646,1.3124
1519,305.0,290.4,0.46781145493277415,852321,1.1515
1520,460.0,291.15,0.4675775492053078,853281,0.8039
1521,330.0,293.2,0.4673437604307052,853953,1.1326
1522,380.0,294.25,0.46711008855048985,854667,0.4369
1523,595.0,298.75,0.4668765335062146,855546,0.6365
1524,550.0,303.25,0.4666430952394615,856324,0.4184
1525,215.0,300.35,0.46640977369184183,856800,1.4685
1526,215.0,300.85,0.4661765688049959,857279,3.0348
1527,700.0,303.85,0.4659434805205934,858127,0.6094
1528,120.0,301.3,0.46571050878033315,858518,0.2974
1529,355.0,300.7,0.465477653525943,859255,0.3937
1530,290.0,299.5,0.46524491469918006,859821,0.4163
1531,185.0,298.7,0.4650122922418305,860421,0.3165
1532,330.0,299.3,0.4647797860957096,861100,0.4186
1533,400.0,302.0,0.4645473962026618,861740,1.1220
1534,205.0,301.05,0.4643151225045605,862136,2.2773
1535,730.0,306.75,0.4640829649433082,863509,1.5917
1536,235.0,304.5,0.46385092346083656,864108,0.8574
1537,195.0,303.75,0.46361899799910616,864648,0.4373
1538,255.0,302.85,0.46338718850010663,865146,0.4174
1539,335.0,303.45,0.4631554949058566,865787,0.3195
1540,435.0,305.05,0.4629239171584037,866590,1.5564
1541,325.0,307.25,0.46269245519982455,867296,1.5207
1542,285.0,307.1,0.46246110897222464,867848,0.9062
1543,230.0,306.65,0.46222987841773855,868318,1.2214
1544,410.0,306.55,0.4619987634785297,869053,1.3549
1545,115.0,301.75,0.46176776409679043,869425,1.5804
1546,370.0,302.45,0.46153688021474204,870176,1.2692
1547,565.0,305.55,0.4613061117746347,870921,1.0041
1548,140.0,306.5,0.46107545871874744,871387,0.3363
1549,255.0,307.95,0.4608449209893881,872051,0.1811
1550,185.0,302.35,0.46061449852889347,872512,0.6604
1551,125.0,301.35,0.46038419127962904,872895,1.4257
1552,235.0,302.1,0.46015399918398925,873446,0.2880
1553,520.0,304.7,0.45992392218439726,874108,0.7743
1554,345.0,306.35,0.4596939602233051,874779,1.5937
1555,515.0,308.15,0.4594641132431935,875595,0.9749
1556,335.0,308.2,0.4592343811865719,876357,7.5505
1557,215.0,307.85,0.4590047639959786,877099,1.1642
1558,225.0,308.15,0.45877526161398063,877724,0.8919
1559,145.0,307.7,0.45854587398317365,878140,0.4840
1560,155.0,308.15,0.4583166010461821,878613,0.6972
1561,90.0,306.75,0.45808744274565905,878978,0.9813
1562,350.0,308.85,0.45785839902428627,879644,1.8682
1563,520.0,311.6,0.45762946982477415,880409,2.5292
1564,505.0,314.85,0.4574006550898618,881069,1.1819
1565,100.0,313.25,0.45717195476231687,881393,0.6557
1566,185.0,312.35,0.45694336878493574,881870,1.0980
1567,455.0,310.45,0.4567148971005433,882607,1.8177
1568,365.0,311.0,0.45648653965199304,883425,1.0644
1569,440.0,312.5,0.4562582963821671,884066,0.4153
1570,380.0,310.5,0.45603016723397605,884843,0.8004
1571,335.0,308.9,0.4558021521503591,885401,0.7530
1572,530.0,310.85,0.4555742510742839,886123,0.2827
1573,455.0,314.3,0.4553464639487468,887230,0.4964
1574,230.0,313.55,0.4551187907167724,887703,0.4401
1575,100.0,313.25,0.45489123132141407,887999,0.8814
1576,280.0,312.65,0.4546637857057534,888700,0.2824
1577,320.0,311.35,0.45443645381290054,889319,0.4802
1578,45.0,309.2,0.45420923558599413,889576,1.3307
1579,525.0,312.6,0.45398213096820117,890421,0.5813
1580,180.0,311.65,0.4537551399027171,890886,0.9188
1581,345.0,312.9,0.4535282623327658,891570,0.2770
1582,305.0,313.2,0.45330149820159943,892236,1.9868
1583,515.0,316.55,0.45307484745249865,893171,0.3706
1584,120.0,311.35,0.4528483100287724,893642,0.7058
1585,335.0,312.8,0.45262188587375807,894370,0.4166
1586,170.0,311.65,0.4523955749308212,894908,1.1074
1587,220.0,311.8,0.4521693771433558,895503,0.3724
1588,410.0,313.35,0.45194329245478415,896172,2.2562
1589,195.0,314.25,0.4517173208085568,896655,0.2156
1590,250.0,314.75,0.45149146214815256,897278,1.4043
1591,425.0,314.5,0.4512657164170785,897948,1.5335
1592,155.0,314.0,0.45104008355887,898335,1.2149
1593,290.0,314.25,0.4508145635170906,898929,0.8937
1594,545.0,318.45,0.4505891562353321,899602,0.5950
1595,520.0,321.3,0.4503638616572144,900274,0.9835
1596,355.0,323.6,0.4501386797263858,900870,0.9371
1597,60.0,320.2,0.44991361038652267,901261,2.6748
1598,345.0,320.25,0.4496886535813294,902124,0.2851
1599,110.0,319.3,0.44946380925453877,902502,0.8934
1600,415.0,320.55,0.44923907734991153,903191,1.3188
1601,360.0,317.75,0.4490144578112366,903994,0.5536
1602,600.0,322.75,0.448789950582331,905326,0.9888
1603,135.0,315.1,0.44856555560703987,905776,0.9241
1604,350.0,316.4,0.44834127282923636,906445,0.6017
1605,230.0,315.15,0.44811710219282175,906947,0.8293
1606,600.0,317.95,0.4478930436417254,907776,0.3847
1607,335.0,319.8,0.44766909711990455,908444,1.9954
1608,485.0,323.45,0.4474452625713446,909285,0.2521
1609,310.0,325.3,0.4472215399400589,909989,0.9479
1610,355.0,327.85,0.4469979291700889,910668,1.9436
1611,190.0,325.95,0.4467744302055039,911216,0.5985
1612,270.0,321.65,0.44655104299040116,911797,0.7371
1613,345.0,322.8,0.44632776746890596,912446,1.4197
1614,215.0,320.1,0.4461046035851715,912953,1.6299
1615,315.0,319.3,0.445881551283379,913637,0.2520
1616,795.0,324.7,0.4456586105077373,914550,0.4342
1617,410.0,327.3,0.44543578120248345,915434,1.8145
1618,255.0,325.45,0.4452130633118822,916035,0.7762
1619,350.0,325.9,0.4449904567802263,916703,0.7818
1620,155.0,322.85,0.44476796155183623,917104,0.6293
1621,475.0,324.3,0.44454557757106034,918066,0.4869
1622,80.0,321.3,0.44432330478227483,918355,0.9850
1623,495.0,320.3,0.4441011431298837,919064,1.7428
1624,195.0,316.75,0.44387909255831876,919443,1.6255
1625,520.0,319.8,0.4436571530120396,920325,0.4726
1626,410.0,321.75,0.44343532443553363,920990,1.4634
1627,340.0,318.15,0.4432136067733159,921605,2.7441
1628,395.0,320.9,0.4429919999699293,922677,0.5297
1629,170.0,319.05,0.44277050396994433,923079,1.4468
1630,615.0,322.3,0.4425491187179594,924045,0.6884
1631,175.0,322.2,0.44232784415860044,924430,8.7994
1632,255.0,321.45,0.44210668023652117,925003,1.2116
1633,390.0,321.35,0.4418856268964029,925874,2.9597
1634,235.0,321.65,0.44166468408295473,926380,2.9028
1635,445.0,318.8,0.4414438517409133,927104,0.3021
1636,135.0,317.8,0.44122312981504286,927392,0.5193
1637,230.0,318.15,0.44100251825013537,927938,1.3288
1638,320.0,318.8,0.44078201699101033,928649,1.7724
1639,380.0,319.25,0.44056162598251486,929190,2.5624
1640,460.0,319.5,0.4403413451695236,929721,0.9155
1641,525.0,321.5,0.4401211744969389,930710,1.8493
1642,600.0,324.65,0.43990111390969044,931633,0.4578
1643,325.0,325.6,0.4396811633527356,932276,1.2668
1644,180.0,323.3,0.43946132277105926,932672,0.5515
1645,155.0,323.7,0.43924159210967373,933139,0.2997
1646,345.0,323.45,0.4390219713136189,933701,0.8016
1647,355.0,321.35,0.4388024603279621,934459,1.4517
1648,785.0,327.8,0.43858305909779816,935440,0.3758
1649,380.0,329.05,0.4383637675682493,936180,0.2919
1650,160.0,328.8,0.4381445856844652,936576,1.4971
1651,80.0,328.35,0.437925513391623,936857,1.3136
1652,435.0,330.35,0.4377065506349272,937574,3.5571
1653,300.0,328.15,0.43748769735960974,938193,0.7877
1654,360.0,328.3,0.43726895351093,938816,1.2993
1655,235.0,325.5,0.4370503190341745,939398,0.5344
1656,195.0,324.1,0.4368317938746575,939853,0.2337
1657,475.0,326.7,0.43661337797772015,940656,1.0272
1658,720.0,331.65,0.43639507128873134,941738,0.5795
1659,420.0,334.4,0.436176873753087,942578,1.1654
1660,285.0,335.7,0.43595878531621046,943139,0.6939
1661,560.0,340.4,0.43574080592355235,943749,0.4699
1662,290.0,339.8,0.4355229355205906,944314,1.1314
1663,305.0,337.65,0.43530517405283037,944986,0.4006
1664,180.0,334.4,0.435087521465804,945405,0.8082
1665,275.0,336.15,0.43486997770507113,946033,1.4008
1666,265.0,336.95,0.4346525427162186,946818,1.2713
1667,150.0,333.9,0.43443521644486055,947220,0.5175
1668,195.0,332.2,0.43421799883663814,947700,0.1963
1669,285.0,330.65,0.43400088983721985,948243,0.3114
1670,435.0,331.2,0.4337838893923013,949251,1.2129
1671,395.0,331.8,0.43356699744760513,949961,0.4708
1672,370.0,330.2,0.43335021394888135,950686,0.3786
1673,310.0,328.75,0.4331335388419069,951247,1.1181
1674,330.0,329.75,0.432916972072486,951778,1.6297
1675,350.0,332.25,0.43270051358644973,952355,0.5019
1676,265.0,332.1,0.43248416332965656,952873,0.8538
1677,80.0,329.7,0.43226792124799174,953240,0.4716
1678,180.0,331.05,0.43205178728736776,953633,0.5184
1679,180.0,327.6,0.4318357613937241,954024,0.3088
1680,690.0,332.7,0.43161984351302723,954945,0.7975
1681,210.0,331.35,0.4314040335912707,955440,0.6547
1682,255.0,330.85,0.4311883315744751,956037,0.4689
1683,495.0,330.65,0.4309727374086879,956796,1.0104
1684,45.0,329.9,0.4307572510399836,957061,0.3262
1685,200.0,328.55,0.4305418724144636,957447,0.6274
1686,465.0,331.5,0.4303266014782564,958082,1.1985
1687,425.0,333.55,0.4301114381775173,958727,0.6643
1688,305.0,332.5,0.42989638245842854,959363,0.2991
1689,100.0,331.55,0.42968143426719935,959649,0.7548
1690,485.0,333.9,0.4294665935500658,960729,1.9698
1691,555.0,335.2,0.42925186025329076,961391,0.4073
1692,115.0,334.8,0.42903723432316415,961749,1.4116
1693,80.0,332.7,0.4288227157060026,962042,0.3540
1694,95.0,328.2,0.4286083043481496,962325,1.5166
1695,75.0,323.75,0.42839400019597557,962701,1.3742
1696,165.0,321.85,0.4281798031958776,963125,1.0567
1697,390.0,325.15,0.4279657132942797,963773,0.9771
1698,400.0,325.7,0.42775173043763254,964389,0.3553
1699,180.0,326.4,0.4275378545724137,964813,0.4867
1700,210.0,324.35,0.4273240856451275,965239,0.9047
1701,150.0,322.25,0.427110423602305,965753,0.4393
1702,150.0,317.75,0.4268968683905039,966114,2.4235
1703,145.0,317.85,0.42668341995630865,966792,1.1689
1704,155.0,315.9,0.42647007824633054,967253,1.2299
1705,270.0,316.3,0.4262568432072074,967751,0.9176
1706,275.0,313.05,0.4260437147856038,968390,0.3772
1707,105.0,310.75,0.425830692928211,968757,1.4975
1708,350.0,309.4,0.42561777758174696,969427,0.4030
1709,330.0,309.6,0.42540496869295613,970068,1.4899
1710,705.0,313.1,0.42519226620860967,971019,0.7330
1711,205.0,313.25,0.4249796700755054,971669,0.7993
1712,275.0,313.3,0.42476718024046767,972342,0.6216
1713,195.0,311.8,0.42455479665034745,972840,0.3743
1714,160.0,311.25,0.4243425192520223,973295,0.7675
1715,80.0,308.9,0.42413034799239635,973596,1.0421
1716,505.0,306.0,0.42391828281840016,974339,0.3167
1717,205.0,303.95,0.42370632367699096,974774,0.3012
1718,550.0,306.9,0.4234944705151525,975717,0.8894
1719,75.0,304.15,0.4232827232798949,976138,1.9455
1720,385.0,306.45,0.423071081918255,976779,0.9181
1721,685.0,308.55,0.4228595463772959,978024,1.7408
1722,240.0,310.15,0.4226481166041073,978597,0.4851
1723,210.0,307.3,0.42243679254580524,979020,1.3004
1724,205.0,307.4,0.4222255741495324,979441,1.6834
1725,315.0,305.35,0.4220144613624576,980114,1.0997
1726,225.0,303.5,0.42180345413177645,980652,1.3217
1727,370.0,303.8,0.4215925524047106,981230,0.5217
1728,195.0,301.8,0.42138175612850826,981722,0.4790
1729,230.0,302.4,0.421171065250444,982225,1.0557
1730,270.0,298.95,0.4209604797178188,982690,0.6385
1731,125.0,298.45,0.42074999947795994,982972,1.4565
1732,210.0,298.0,0.42053962447822096,983361,1.5889
1733,250.0,296.6,0.42032935466598187,983914,2.0815
1734,220.0,296.45,0.4201191899886489,984518,1.4265
1735,410.0,296.1,0.4199091303936546,985331,1.5446
1736,215.0,296.9,0.4196991758284578,985758,0.6882
1737,420.0,298.8,0.4194893262405436,986405,1.0239
1738,195.0,297.55,0.41927958157742334,986813,1.5929
1739,395.0,297.7,0.41906994178663465,987618,1.0579
1740,125.0,294.35,0.4188604068157413,987894,1.7307
1741,125.0,290.35,0.41865097661233347,988217,0.5066
1742,350.0,287.85,0.4184416511240273,988875,0.6402
1743,320.0,287.8,0.4182324302984653,989572,1.1468
1744,180.0,287.8,0.4180233140833161,989959,1.5916
1745,105.0,287.3,0.4178143024262745,990244,0.8654
1746,120.0,285.05,0.41760539527506135,990619,1.3810
1747,155.0,283.05,0.41739659257742384,991121,0.5422
1748,190.0,277.1,0.4171878942811352,991533,0.5893
1749,285.0,276.15,0.4169793003339946,992167,1.0011
1750,175.0,276.3,0.41677081068382765,992557,1.3850
1751,195.0,277.45,0.41656242527848575,993071,0.3246
1752,150.0,274.6,0.41635414406584653,993424,1.4302
1753,305.0,274.65,0.4161459669938136,994014,0.7577
1754,125.0,272.3,0.4159378940103167,994393,0.5395
1755,245.0,272.4,0.4157299250633116,994917,1.9006
1756,570.0,276.15,0.41552206010077997,995574,1.0290
1757,275.0,274.15,0.4153142990707296,996177,1.8574
1758,465.0,271.6,0.41510664192119423,996957,1.1193
1759,105.0,268.45,0.41489908860023367,997329,0.4118
1760,200.0,267.6,0.4146916390559336,997816,1.2783
1761,135.0,263.35,0.4144842932364056,998100,0.6802
1762,295.0,263.4,0.41427705108978746,998625,1.7963
1763,610.0,266.45,0.4140699125642426,999275,1.5979
1764,260.0,267.25,0.4138628776079605,999803,0.3966
1765,210.0,266.6,0.4136559461691565,1000321,0.4347
1766,535.0,269.3,0.41344911819607194,1000933,0.4326
1767,440.0,272.2,0.4132423936369739,1001831,0.8686
1768,125.0,271.5,0.41303577244015544,1002122,0.4386
1769,170.0,270.35,0.4128292545539354,1002563,0.5084
1770,215.0,268.15,0.41262283992665844,1003066,0.4944
1771,450.0,268.7,0.41241652850669513,1003713,0.4335
1772,260.0,267.6,0.4122103202424418,1004635,1.4486
1773,80.0,265.3,0.4120042150823206,1004936,0.9266
1774,215.0,264.15,0.4117982129747795,1005348,0.3132
1775,290.0,263.55,0.4115923138682921,1006108,0.7462
1776,325.0,264.15,0.411386517711358,1006914,0.2850
1777,325.0,266.6,0.4111808244525023,1007673,0.4280
1778,360.0,268.4,0.4109752340402761,1008289,0.4344
1779,280.0,269.4,0.410769746423256,1008830,2.3911
1780,235.0,264.85,0.4105643615500444,1009309,1.0156
1781,600.0,268.75,0.4103590793692694,1009940,0.5721
1782,150.0,267.7,0.4101538998295848,1010424,1.1754
1783,60.0,263.35,0.40994882287967,1010712,1.0761
1784,255.0,265.45,0.4097438484682302,1011238,0.5820
1785,110.0,264.55,0.4095389765439961,1011594,1.2467
1786,325.0,263.15,0.40933420705572415,1012173,1.9507
1787,85.0,259.75,0.4091295399521963,1012456,0.6014
1788,160.0,258.3,0.4089249751822202,1012922,2.4558
1789,300.0,260.3,0.4087205126946291,1013713,0.7791
1790,195.0,257.4,0.4085161524382818,1014275,2.7167
1791,100.0,252.85,0.4083118943620627,1014554,0.9526
1792,60.0,252.3,0.40810773841488174,1014831,0.6301
1793,400.0,255.5,0.4079036845456743,1015549,0.8006
1794,525.0,259.8,0.40769973270340154,1016331,0.2528
1795,300.0,262.05,0.40749588283704985,1016904,1.3054
1796,220.0,262.6,0.4072921348956314,1017416,0.6899
1797,85.0,259.55,0.4070884888281836,1017997,1.7765
1798,230.0,257.85,0.40688494458376956,1018468,0.4341
1799,350.0,259.55,0.4066815021114777,1019228,3.3051
1800,135.0,258.8,0.406478161360422,1019632,0.4980
1801,335.0,260.65,0.40627492227974177,1020314,0.9517
1802,655.0,265.7,0.4060717848186019,1021140,1.6539
1803,325.0,267.5,0.4058687489261926,1021705,2.2496
1804,335.0,269.3,0.40566581455172956,1022203,0.4869
1805,310.0,269.7,0.4054629816444537,1022820,0.7698
1806,670.0,273.65,0.4052602501536315,1023760,0.9362
1807,240.0,275.0,0.40505762002855467,1024190,1.5219
1808,80.0,272.3,0.4048550912185404,1024468,2.3737
1809,315.0,272.15,0.4046526636729312,1025072,0.2918
1810,450.0,269.6,0.40445033734109476,1025924,0.8429
1811,225.0,269.8,0.40424811217242423,1026387,0.8021
1812,200.0,269.05,0.404045988116338,1026839,2.9083
1813,305.0,270.15,0.4038439651222799,1027418,1.1022
1814,105.0,269.6,0.40364204313971874,1027723,1.5260
1815,295.0,271.75,0.4034402221181489,1028287,0.4375
1816,345.0,270.15,0.4032385020070898,1029012,1.9919
1817,205.0,270.15,0.4030368827560863,1029459,1.1457
1818,265.0,267.3,0.4028353643147083,1029976,1.5042
1819,275.0,269.3,0.402633946632551,1030531,0.4996
1820,355.0,269.0,0.4024326296592347,1031264,0.8202
1821,310.0,265.25,0.4022314133444051,1031963,0.4472
1822,215.0,265.0,0.4020302976377329,1032450,2.6409
1823,160.0,264.5,0.4018292824889141,1032929,0.5980
1824,310.0,265.55,0.40162836784766964,1033581,1.3555
1825,115.0,263.55,0.40142755366374583,1033976,0.8999
1826,395.0,265.25,0.401226839886914,1034663,1.0741
1827,465.0,266.2,0.40102622646697056,1035317,1.5516
1828,325.0,267.5,0.4008257133537371,1036024,0.4220
1829,525.0,270.45,0.4006253004970603,1037197,0.5244
1830,220.0,269.95,0.4004249878468118,1037620,0.4486
1831,210.0,270.8,0.4002247753528884,1038378,0.4944
1832,245.0,271.15,0.400024662965212,1039008,1.7339
1833,345.0,272.1,0.3998246506337294,1039516,1.4811
1834,225.0,272.15,0.39962473830841255,1040061,1.9101
1835,180.0,269.85,0.3994249259392584,1040545,0.5247
1836,65.0,268.35,0.39922521347628875,1040815,0.9070
1837,180.0,265.95,0.39902560086955063,1041228,1.6624
1838,315.0,267.15,0.3988260880691159,1041743,0.7473
1839,170.0,264.9,0.39862667502508137,1042131,1.8297
1840,325.0,266.9,0.39842736168756887,1042675,0.6449
1841,245.0,268.1,0.3982281480067251,1043313,0.6169
1842,155.0,266.15,0.39802903393272177,1043678,2.5250
1843,250.0,265.45,0.3978300194157554,1044253,0.6433
1844,540.0,269.05,0.39763110440604754,1044932,0.6525
1845,260.0,270.6,0.3974322888538445,1045489,3.4184
1846,250.0,271.9,0.3972335727094176,1046059,1.4086
1847,275.0,273.1,0.3970349559230629,1046471,2.5896
1848,270.0,273.9,0.3968364384451014,1047051,0.7933
1849,230.0,273.35,0.3966380202258789,1047510,1.1552
1850,135.0,272.95,0.396439701215766,1047813,2.8082
1851,155.0,272.55,0.39624148136515813,1048273,0.7539
1852,155.0,272.6,0.3960433606244756,1048560,0.5880
1853,360.0,273.15,0.39584533894416335,1049432,1.1413
1854,80.0,272.7,0.3956474162746913,1049825,0.7504
1855,625.0,276.5,0.395449592566554,1050616,0.8678
1856,595.0,276.75,0.3952518677702707,1051275,0.7923
1857,160.0,275.6,0.3950542418363856,1051713,1.9185
1858,165.0,272.6,0.3948567147154674,1052176,6.8613
1859,180.0,273.35,0.3946592863581097,1052655,2.9723
1860,405.0,275.4,0.3944619567149307,1053275,0.7522
1861,645.0,280.5,0.39426472573657323,1054097,0.6232
1862,375.0,281.3,0.39406759337370495,1054746,0.3658
1863,325.0,278.45,0.3938705595770181,1055401,0.6734
1864,385.0,279.7,0.39367362429722963,1055986,0.7582
1865,355.0,281.15,0.393476787485081,1056758,0.3148
1866,95.0,276.75,0.3932800490913385,1057254,1.7141
1867,280.0,275.15,0.39308340906679284,1057932,0.6529
1868,265.0,276.55,0.3928868673622595,1058464,0.5960
1869,65.0,275.5,0.3926904239285784,1058735,0.7479
1870,350.0,276.85,0.3924940787166141,1059426,1.2323
1871,590.0,278.25,0.39229783167725585,1060063,0.5310
1872,350.0,279.15,0.39210168276141727,1060664,0.3297
1873,500.0,283.35,0.3919056319200366,1061558,1.9873
1874,315.0,284.35,0.39170967910407656,1062272,0.2980
1875,250.0,283.95,0.3915138242645245,1062800,0.6747
1876,155.0,282.25,0.3913180673523923,1063218,0.4601
1877,250.0,281.5,0.3911224083187161,1063815,0.4276
1878,275.0,280.65,0.3909268471145568,1064296,2.1463
1879,500.0,282.85,0.3907313836909995,1065076,0.2847
1880,240.0,282.9,0.39053601799915405,1065581,0.6580
1881,275.0,279.65,0.3903407499901545,1066190,0.4246
1882,285.0,281.0,0.39014557961515944,1066758,0.7094
1883,335.0,283.75,0.3899505068253519,1067282,0.3720
1884,125.0,282.45,0.3897555315719392,1067577,0.7169
1885,275.0,284.1,0.38956065380615323,1068182,0.6533
1886,120.0,282.05,0.38936587347925017,1068560,2.2588
1887,440.0,285.6,0.3891711905425106,1069287,0.5802
1888,440.0,288.4,0.38897660494723935,1070200,1.2589
1889,330.0,288.7,0.38878211664476575,1070720,0.7948
1890,345.0,290.2,0.3885877255864434,1071271,1.6349
1891,495.0,294.15,0.3883934317236502,1072256,0.9897
1892,125.0,294.8,0.3881992350077884,1072554,0.5990
1893,310.0,293.9,0.38800513539028453,1073165,1.3406
1894,150.0,290.15,0.3878111328225894,1073456,1.6872
1895,230.0,289.45,0.3876172272561781,1074023,0.6620
1896,285.0,290.1,0.38742341864255003,1074577,1.1211
1897,365.0,292.9,0.3872297069332288,1075312,1.0750
1898,80.0,291.4,0.3870360920797622,1075607,0.7796
1899,270.0,290.6,0.38684257403372235,1076072,2.8943
1900,335.0,292.6,0.3866491527467055,1076640,0.5953
1901,100.0,290.25,0.3864558281703322,1076930,0.3692
1902,180.0,285.5,0.38626260025624704,1077401,0.2829
1903,440.0,286.65,0.38606946895611893,1078119,1.6589
1904,495.0,288.25,0.3858764342216409,1078937,3.1412
1905,485.0,290.0,0.3856834960045301,1079715,0.4873
1906,185.0,285.15,0.38549065425652784,1080281,2.3462
1907,465.0,287.4,0.3852979089293996,1081000,0.4703
1908,610.0,292.7,0.3851052599749349,1081643,3.0879
1909,150.0,291.05,0.3849127073449474,1082088,1.2694
1910,115.0,287.7,0.384720250991275,1082501,0.8977
1911,520.0,290.65,0.3845278908657794,1083309,1.9274
1912,125.0,289.9,0.3843356269203465,1083602,0.4534
1913,80.0,287.65,0.38414345910688635,1083893,0.5704
1914,435.0,290.95,0.3839513873773329,1084820,2.3941
1915,80.0,288.8,0.38375941168364425,1085115,0.7529
1916,250.0,287.85,0.38356753197780247,1085734,0.5274
1917,330.0,289.1,0.3833757482118136,1086462,2.5136
1918,295.0,289.4,0.3831840603377077,1087125,0.4026
1919,710.0,293.75,0.38299246830753886,1088027,1.2738
1920,275.0,292.95,0.3828009720733851,1088681,1.1978
1921,210.0,291.95,0.38260957158734843,1089200,1.7580
1922,270.0,292.5,0.3824182668015548,1089829,3.2485
1923,305.0,293.95,0.382227057668154,1090490,2.5435
1924,210.0,292.95,0.38203594413931996,1090951,3.0340
1925,365.0,295.45,0.3818449261672503,1091691,0.5924
1926,185.0,293.35,0.3816540037041667,1092085,0.8387
1927,225.0,290.95,0.3814631767023146,1092636,2.0397
1928,230.0,290.0,0.38127244511396347,1093132,0.7300
1929,320.0,287.95,0.3810818088914065,1093856,1.8476
1930,140.0,287.15,0.3808912679869608,1094251,0.5119
1931,420.0,289.25,0.38070082235296737,1095184,0.6376
1932,100.0,287.8,0.3805104719417909,1095503,0.4803
1933,105.0,285.4,0.38032021670582,1095867,2.3110
1934,125.0,284.4,0.3801300565974671,1096154,1.9163
1935,145.0,284.05,0.3799399915691684,1096642,1.1942
1936,195.0,285.35,0.37975002157338383,1097109,0.4670
1937,470.0,288.25,0.3795601465625972,1098140,0.7269
1938,225.0,287.35,0.3793703664893159,1098697,1.9945
1939,315.0,288.8,0.37918068130607124,1099339,0.8228
1940,470.0,290.25,0.3789910909654182,1100075,1.3167
1941,135.0,289.15,0.3788015954199355,1100520,0.6306
1942,90.0,288.5,0.37861219462222556,1100790,0.6805
1943,150.0,287.5,0.37842288852491446,1101357,1.5208
1944,190.0,284.0,0.37823367708065203,1101918,0.6313
1945,260.0,284.0,0.37804456024211175,1102524,1.5215
1946,360.0,285.1,0.37785553796199073,1103339,0.4426
1947,200.0,284.35,0.37766661019300973,1103773,1.2337
1948,135.0,283.0,0.37747777688791323,1104139,1.5384
1949,385.0,284.55,0.3772890379994693,1104826,0.6975
1950,415.0,287.35,0.3771003934804696,1105364,2.5443
1951,100.0,286.8,0.3769118432837294,1105651,0.4720
1952,335.0,288.6,0.37672338736208755,1106326,0.8445
1953,525.0,290.25,0.3765350256684065,1107047,3.3522
1954,260.0,292.05,0.37634675815557234,1107616,0.7416
1955,440.0,290.2,0.37615858477649455,1108450,0.6568
1956,215.0,286.4,0.3759705054841063,1108946,0.7927
1957,340.0,288.2,0.37578252023136427,1109808,0.1835
1958,165.0,288.2,0.3755946289712486,1110181,1.0012
1959,310.0,289.5,0.37540683165676303,1110906,1.5417
1960,475.0,290.2,0.3752191282409347,1111752,0.9921
1961,225.0,286.0,0.3750315186768142,1112377,0.4798
1962,205.0,284.3,0.3748440029174758,1112903,0.6831
1963,305.0,284.1,0.3746565809160171,1113459,0.5259
1964,125.0,281.5,0.37446925262555913,1113750,0.7534
1965,125.0,279.2,0.3742820179992464,1114031,0.9688
1966,150.0,279.75,0.3740948769902468,1114341,0.5574
1967,215.0,279.1,0.37390782955175167,1114943,1.0527
1968,170.0,278.15,0.3737208756369758,1115310,1.5802
1969,230.0,279.8,0.37353401519915735,1115871,1.6029
1970,185.0,278.15,0.3733472481915578,1116322,1.9067
1971,105.0,273.3,0.37316057456746204,1116611,1.1605
1972,265.0,272.45,0.37297399428017836,1117282,2.7076
1973,685.0,274.3,0.3727875072830383,1118164,0.4253
1974,475.0,275.9,0.3726011135293968,1119088,1.1820
1975,260.0,276.0,0.3724148129726321,1119535,3.1207
1976,80.0,275.25,0.37222860556614584,1119815,2.0426
1977,295.0,275.7,0.3720424912633628,1120529,0.9113
1978,335.0,276.3,0.37185647001773114,1121206,0.8172
1979,460.0,275.9,0.3716705417827223,1122059,0.4832
1980,255.0,276.05,0.37148470651183096,1122618,0.6842
1981,305.0,276.35,0.37129896415857505,1123188,0.5761
1982,190.0,275.4,0.3711133146764958,1123590,1.6635
1983,455.0,276.6,0.37092775801915756,1124447,0.9161
1984,155.0,276.9,0.370742294140148,1124820,1.3927
1985,300.0,277.15,0.3705569229930779,1125570,0.9719
1986,275.0,278.7,0.3703716445315814,1126221,0.4392
1987,300.0,277.3,0.3701864587093156,1126777,0.4743
1988,175.0,274.65,0.370001365479961,1127150,1.5841
1989,125.0,272.6,0.369816364797221,1127459,1.0646
1990,130.0,270.45,0.36963145661482244,1127860,0.2957
1991,145.0,266.95,0.3694466408865151,1128240,1.4407
1992,155.0,267.25,0.36926191756607185,1128531,2.1221
1993,395.0,268.1,0.36907728660728883,1129263,0.6247
1994,340.0,270.0,0.3688927479639852,1129950,1.8849
1995,125.0,268.95,0.36870830159000323,1130232,1.6475
1996,180.0,267.9,0.36852394743920824,1130607,0.3915
1997,325.0,267.5,0.3683396854654887,1131249,0.7989
1998,395.0,270.65,0.36815551562275595,1131966,6.7682
1999,200.0,269.95,0.3679714378649446,1132474,0.3789
2000,400.0,270.6,0.3677874521460121,1133101,0.8707
2001,450.0,274.1,0.36760355841993914,1134194,1.3625
2002,470.0,277.0,0.3674197566407292,1134930,0.6166
2003,230.0,274.9,0.36723604676240884,1135416,1.2800
2004,240.0,272.35,0.36705242873902766,1136004,3.2227
2005,170.0,269.2,0.36686890252465815,1136393,1.2582
2006,140.0,268.75,0.36668546807339586,1136770,1.9199
2007,480.0,268.9,0.36650212533935916,1137768,0.5233
2008,365.0,266.45,0.3663188742766895,1138533,2.2316
2009,290.0,267.85,0.3661357148395512,1139120,1.3437
2010,220.0,268.9,0.3659526469821314,1139587,1.0957
2011,410.0,267.8,0.36576967065864036,1140293,1.5253
2012,485.0,271.4,0.36558678582331106,1141002,0.6570
2013,510.0,275.7,0.3654039924303994,1141569,0.7151
2014,290.0,274.25,0.3652212904341842,1142097,0.6393
2015,455.0,278.0,0.36503867978896715,1142806,0.7326
2016,230.0,277.8,0.3648561604490727,1143545,1.3776
2017,125.0,275.75,0.3646737323688482,1143902,0.8150
2018,425.0,277.05,0.3644913955026638,1144594,0.5177
2019,215.0,272.1,0.36430914980491247,1145087,0.4805
2020,460.0,273.95,0.36412699523001,1145869,5.4744
2021,185.0,273.7,0.36394493173239506,1146317,0.5658
2022,235.0,273.35,0.3637629592665289,1146836,0.5076
2023,140.0,271.7,0.3635810777868957,1147236,1.2363
2024,125.0,270.85,0.36339928724800225,1147705,2.5737
2025,425.0,271.45,0.3632175876043783,1148359,2.4023
2026,100.0,270.6,0.3630359788105761,1148661,5.7760
2027,365.0,272.0,0.36285446082117084,1149348,2.7165
2028,230.0,272.0,0.36267303359076025,1149947,1.7438
2029,465.0,273.45,0.3624916970739649,1150809,0.3593
2030,165.0,273.7,0.36231045122542793,1151223,0.6068
2031,385.0,273.35,0.36212929599981525,1151996,0.4551
2032,200.0,274.35,0.36194823135181536,1152473,0.5012
2033,335.0,276.65,0.36176725723613945,1153086,0.5876
2034,155.0,276.95,0.3615863736075214,1153468,0.8097
2035,150.0,277.0,0.36140558042071763,1153862,0.9624
2036,215.0,277.2,0.3612248776305073,1154402,0.8629
2037,390.0,276.4,0.3610442651916921,1155181,1.6704
2038,595.0,280.1,0.36086374305909624,1155941,1.6029
2039,205.0,279.0,0.3606833111875667,1156499,0.9802
2040,395.0,278.25,0.3605029695319729,1157181,0.8316
2041,195.0,278.85,0.36032271804720695,1157551,1.0286
2042,400.0,281.95,0.36014255668818335,1158369,0.5782
2043,410.0,284.55,0.3599624854098393,1159164,2.3892
2044,295.0,285.6,0.35978250416713436,1159846,1.2542
2045,200.0,285.0,0.3596026129150508,1160388,2.2229
2046,320.0,284.6,0.3594228116085933,1161078,0.9039
2047,280.0,285.4,0.35924310020278905,1161650,1.7863
2048,325.0,287.3,0.3590634786526877,1162307,0.4814
2049,335.0,286.8,0.35888394691336134,1163017,0.6468
2050,145.0,284.1,0.3587045049399047,1163441,0.7556
2051,255.0,285.65,0.35852515268743473,1163896,0.8344
2052,345.0,285.75,0.358345890111091,1164598,0.5444
2053,240.0,282.9,0.3581667171660355,1165297,0.8981
2054,420.0,284.5,0.35798763380745247,1166078,2.7938
2055,370.0,283.8,0.35780863999054874,1166695,0.4555
2056,230.0,283.95,0.3576297356705535,1167323,1.3902
2057,270.0,283.25,0.35745092080271823,1167897,0.5541
2058,180.0,283.4,0.3572721953423169,1168435,0.5957
2059,360.0,283.9,0.35709355924464575,1169184,0.7688
2060,385.0,283.0,0.35691501246502344,1169833,1.4868
2061,275.0,283.5,0.356736554958791,1170377,0.9615
2062,385.0,285.3,0.3565581866813116,1171030,0.9955
2063,265.0,284.9,0.356379907587971,1171477,2.9869
2064,250.0,286.15,0.356201717634177,1171999,0.5977
2065,600.0,290.9,0.35602361677535993,1172913,2.2033
2066,255.0,291.95,0.35584560496697226,1173370,0.4638
2067,525.0,295.05,0.3556676821644888,1173983,2.0577
2068,320.0,296.55,0.3554898483234066,1174632,0.8381
2069,80.0,295.05,0.3553121033992449,1174915,1.6843
2070,215.0,295.35,0.3551344473475453,1175346,2.2690
2071,215.0,296.45,0.35495688012387155,1175787,0.5361
2072,270.0,296.5,0.3547794016838096,1176596,0.6098
2073,330.0,292.95,0.3546020119829677,1177207,1.0307
2074,95.0,289.15,0.35442471097697625,1177629,1.1837
2075,215.0,288.7,0.3542474986214878,1178038,3.5060
2076,115.0,289.05,0.3540703748721771,1178425,0.3943
2077,475.0,290.85,0.353893339684741,1179067,0.5560
2078,375.0,291.25,0.35371639301489866,1179643,1.5223
2079,705.0,293.7,0.35353953481839123,1180720,1.1697
2080,515.0,296.3,0.3533627650509821,1181627,1.6311
2081,390.0,297.15,0.3531860836684566,1182251,0.8258
2082,420.0,299.45,0.3530094906266224,1182981,1.9495
2083,455.0,299.45,0.3528329858813091,1183635,1.4190
2084,275.0,300.65,0.3526565693883685,1184323,2.1246
2085,170.0,299.35,0.3524802411036743,1184701,1.1837
2086,275.0,299.35,0.3523040009831225,1185168,0.5983
2087,235.0,298.7,0.35212784898263094,1185549,0.7268
2088,170.0,298.65,0.3519517850581396,1186031,0.9375
2089,335.0,300.75,0.3517758091656106,1186634,3.6676
2090,225.0,301.7,0.3515999212610278,1187236,0.8484
2091,80.0,301.05,0.3514241213003973,1187526,0.6129
2092,405.0,303.55,0.3512484092397471,1188180,3.3484
2093,725.0,306.85,0.35107278503512723,1189149,1.3492
2094,295.0,306.4,0.3508972486426097,1189843,1.3481
2095,415.0,309.3,0.3507218000182884,1190631,0.4311
2096,225.0,309.75,0.35054643911827926,1191261,1.5189
2097,215.0,308.65,0.35037116589872014,1191709,0.9545
2098,525.0,309.95,0.3501959803157708,1192352,0.6267
2099,370.0,311.65,0.35002088232561296,1193105,0.9730
2100,505.0,312.7,0.34984587188445015,1193782,1.1383
2101,135.0,309.55,0.349670948948508,1194222,0.6699
2102,105.0,305.9,0.34949611347403375,1194512,1.5516
2103,165.0,305.25,0.34932136541729675,1195127,0.7983
2104,515.0,308.0,0.34914670473458814,1195944,1.3477
2105,35.0,306.65,0.3489721313822209,1196231,0.5098
2106,475.0,310.0,0.3487976453165298,1196828,1.1697
2107,410.0,309.3,0.34862324649387155,1197389,0.8959
2108,245.0,308.1,0.3484489348706246,1197980,0.6464
2109,340.0,308.6,0.3482747104031893,1198787,0.5761
2110,155.0,307.95,0.34810057304798775,1199072,0.6005
2111,875.0,312.6,0.3479265227614638,1200313,0.9905
2112,205.0,309.8,0.3477525595000831,1200862,1.1371
2113,285.0,307.55,0.3475786832203331,1201535,0.6129
2114,380.0,308.45,0.3474048938787229,1202214,1.4469
2115,295.0,306.85,0.3472311914317836,1202893,2.7343
2116,445.0,309.0,0.3470575758360677,1203707,0.8185
2117,240.0,310.15,0.3468840470481497,1204183,2.5400
2118,220.0,308.1,0.34671060502462564,1204625,2.3750
2119,220.0,308.15,0.34653724972211336,1205095,1.2142
2120,290.0,306.45,0.3463639810972523,1205521,0.6266
2121,80.0,305.4,0.3461907991067037,1205800,1.8650
2122,260.0,305.65,0.34601770370715035,1206331,2.4065
2123,370.0,307.95,0.3458446948552968,1207041,1.7862
2124,225.0,308.95,0.3456717725078692,1207483,1.4945
2125,590.0,310.6,0.34549893662161524,1208158,1.0890
2126,375.0,313.35,0.34532618715330443,1208781,0.3950
2127,210.0,311.8,0.3451535240597278,1209360,0.7150
2128,200.0,311.5,0.34498094729769796,1209817,0.4780
2129,625.0,313.1,0.34480845682404915,1210468,1.0917
2130,125.0,312.7,0.3446360525956371,1210793,1.3091
2131,105.0,309.9,0.3444637345693393,1211084,1.7141
2132,565.0,313.55,0.34429150270205466,1211708,1.5469
2133,155.0,311.75,0.34411935695070367,1212085,0.2702
2134,165.0,311.85,0.34394729727222834,1212502,1.1815
2135,220.0,312.55,0.34377532362359225,1213055,0.8288
2136,365.0,314.05,0.3436034359617805,1213833,0.9963
2137,230.0,312.45,0.34343163424379963,1214450,1.4433
2138,305.0,309.55,0.34325991842667775,1215041,0.8493
2139,230.0,309.8,0.3430882884674644,1215609,2.2381
2140,100.0,306.85,0.3429167443232307,1215895,0.3470
2141,125.0,306.15,0.3427452859510691,1216183,0.6510
2142,325.0,305.4,0.3425739133080936,1216875,0.7505
2143,105.0,302.35,0.3424026263514396,1217168,1.2909
2144,185.0,301.25,0.34223142503826387,1217537,2.6230
2145,155.0,300.8,0.34206030932574477,1217829,1.8000
2146,555.0,303.15,0.3418892791710819,1218722,1.1895
2147,95.0,301.3,0.3417183345314964,1219091,0.3900
2148,155.0,299.6,0.3415474753642307,1219488,1.6284
2149,290.0,299.15,0.3413767016265486,1220149,1.0354
2150,335.0,301.05,0.34120601327573535,1220953,2.1220
2151,225.0,300.75,0.3410354102690975,1221685,0.6911
2152,500.0,302.3,0.34086489256396296,1222769,2.3299
2153,230.0,302.2,0.340694460117681,1223340,1.1479
2154,360.0,301.6,0.3405241128876222,1224196,2.7186
2155,110.0,299.0,0.3403538508311784,1224521,1.6309
2156,605.0,302.75,0.3401836739057629,1225202,2.8370
2157,155.0,301.6,0.34001358206881,1225556,1.1585
2158,290.0,302.7,0.3398435752777756,1226342,1.7751
2159,100.0,300.1,0.33967365349013673,1226624,0.5253
2160,300.0,299.25,0.3395038166633917,1227221,1.1052
2161,565.0,302.15,0.33933406475506,1227939,0.6845
2162,125.0,299.55,0.3391643977226825,1228239,3.0948
2163,290.0,299.8,0.33899481552382116,1228803,1.9110
2164,200.0,299.3,0.33882531811605926,1229320,1.1444
2165,440.0,297.7,0.33865590545700125,1230194,0.5629
2166,380.0,298.95,0.33848657750427275,1230889,2.0303
2167,340.0,297.1,0.3383173342155206,1231593,1.1794
2168,215.0,296.05,0.33814817554841287,1231982,0.8795
2169,255.0,297.8,0.3379791014606387,1232537,0.7297
2170,335.0,299.0,0.3378101119099084,1233262,1.1781
2171,370.0,300.55,0.33764120685395344,1233920,0.7432
2172,335.0,301.2,0.3374723862505265,1234668,1.0889
2173,105.0,298.95,0.33730365005740126,1234957,0.4913
2174,365.0,301.65,0.3371349982323726,1235577,0.9390
2175,160.0,301.1,0.33696643073325644,1236096,0.6500
2176,320.0,303.15,0.33679794751788983,1236837,0.9438
2177,400.0,302.4,0.3366295485441309,1237620,0.3999
2178,200.0,300.65,0.33646123376985887,1238021,1.5115
2179,250.0,296.1,0.33629300315297395,1238587,1.4340
2180,240.0,293.35,0.33612485665139746,1239038,0.4329
2181,185.0,291.3,0.3359567942230718,1239612,0.5324
2182,45.0,287.55,0.33578881582596026,1239910,0.3507
2183,455.0,287.55,0.3356209214180473,1240629,0.8417
2184,285.0,287.65,0.33545311095733826,1241134,0.4732
2185,205.0,288.0,0.3352853844018596,1241645,0.7565
2186,395.0,289.2,0.3351177417096587,1242397,0.9380
2187,125.0,288.1,0.3349501828388039,1242692,1.6356
2188,265.0,289.05,0.3347827077473845,1243359,0.7120
2189,230.0,288.0,0.33461531639351083,1243945,0.3870
2190,380.0,289.55,0.3344480087353141,1244621,0.5507
2191,130.0,290.05,0.33428078473094647,1245011,0.9759
2192,200.0,288.0,0.33411364433858104,1245481,3.8258
2193,190.0,282.65,0.33394658751641176,1245955,0.4881
2194,270.0,282.4,0.33377961422265356,1246522,1.4020
2195,370.0,281.95,0.33361272441554224,1247168,0.5386
2196,135.0,281.05,0.3334459180533345,1247627,0.4727
2197,300.0,281.9,0.33327919509430787,1248351,0.5305
2198,205.0,278.7,0.3331125554967607,1248725,1.2229
2199,230.0,277.3,0.33294599921901236,1249212,0.4343
2200,320.0,275.45,0.3327795262194029,1249842,0.5361
2201,155.0,275.65,0.3326131364562932,1250267,0.9793
2202,390.0,278.5,0.33244682988806507,1250892,0.6496
2203,195.0,278.8,0.3322806064731211,1251394,1.6991
2204,430.0,277.95,0.33211446616988455,1252018,0.8426
2205,125.0,278.85,0.3319484089367996,1252300,0.4669
2206,165.0,275.75,0.3317824347323312,1252792,1.7309
2207,225.0,273.9,0.33161654351496506,1253347,1.6334
2208,290.0,274.35,0.3314507352432076,1253991,1.3293
2209,605.0,277.0,0.331285009875586,1254760,1.4834
2210,125.0,276.7,0.33111936737064823,1255040,0.7291
2211,300.0,270.95,0.3309538076869629,1255616,1.3191
2212,290.0,271.8,0.3307883307831195,1256328,0.5050
2213,195.0,270.9,0.33062293661772796,1256785,0.7086
2214,335.0,270.45,0.3304576251494191,1257484,3.9953
2215,265.0,270.15,0.33029239633684443,1257989,1.1834
2216,525.0,270.95,0.330127250138676,1258628,0.5993
2217,485.0,273.4,0.3299621865136067,1259518,0.4204
2218,125.0,272.45,0.3297972054203499,1259816,1.8027
2219,320.0,273.45,0.3296323068176397,1260507,1.3077
2220,335.0,273.9,0.3294674906642309,1261043,0.4500
2221,515.0,278.25,0.3293027569188988,1262044,0.3203
2222,125.0,276.9,0.3291381055404394,1262635,0.6106
2223,575.0,278.95,0.3289735364876692,1263622,0.6488
2224,315.0,279.85,0.3288090497194254,1264210,0.7669
2225,270.0,276.65,0.32864464519456565,1264705,0.3372
2226,295.0,275.85,0.3284803228719684,1265379,1.6024
2227,435.0,278.1,0.3283160827105324,1266129,1.9644
2228,605.0,282.15,0.3281519246691772,1266928,1.2011
2229,525.0,281.15,0.3279878487068426,1267976,1.6236
2230,205.0,281.95,0.3278238547824892,1268493,0.8961
2231,185.0,282.75,0.327659942855098,1268909,0.7942
2232,100.0,278.1,0.3274961128836704,1269190,0.9657
2233,110.0,277.65,0.3273323648272286,1269497,1.3654
2234,125.0,277.25,0.327168698644815,1269780,1.4460
2235,130.0,276.35,0.3270051142954926,1270172,0.7085
2236,170.0,274.4,0.32684161173834486,1270612,2.7511
2237,265.0,274.75,0.3266781909324757,1271057,0.2577
2238,210.0,273.8,0.32651485183700946,1271501,0.6114
2239,220.0,273.7,0.32635159441109096,1271979,0.8754
2240,485.0,277.55,0.3261884186138854,1272803,1.7814
2241,300.0,279.3,0.3260253244045785,1273334,0.6758
2242,160.0,277.65,0.32586231174237623,1273712,2.5819
2243,245.0,279.05,0.32569938058650505,1274208,0.5736
2244,490.0,282.1,0.3255365308962118,1274934,2.4920
2245,310.0,283.65,0.32537376263076373,1275490,1.2011
2246,470.0,282.8,0.32521107574944835,1276392,2.9625
2247,270.0,284.55,0.3250484702115736,1276983,0.8355
2248,295.0,285.95,0.32488594597646786,1277601,0.4817
2249,240.0,285.45,0.32472350300347963,1278120,0.8987
2250,460.0,286.7,0.3245611412519779,1278923,3.4057
2251,275.0,287.2,0.32439886068135193,1279564,0.5830
2252,390.0,286.1,0.32423666125101125,1280225,0.6426
2253,340.0,287.2,0.3240745429203858,1280932,1.7084
2254,565.0,289.25,0.3239125056489256,1281717,0.4612
2255,155.0,289.7,0.32375054939610115,1282099,2.5421
2256,340.0,287.05,0.32358867412140313,1282813,0.4664
2257,195.0,287.45,0.3234268797843424,1283496,2.4826
2258,185.0,286.4,0.3232651663444503,1283872,0.4781
2259,285.0,288.25,0.3231035337612781,1284459,0.4800
2260,625.0,291.5,0.3229419819943975,1285281,1.1672
2261,385.0,289.7,0.3227805110034003,1285981,0.5229
2262,340.0,291.85,0.32261912074789867,1286573,0.7393
2263,490.0,293.85,0.32245781118752476,1287594,0.9897
2264,575.0,297.6,0.32229658228193103,1288257,1.9141
2265,330.0,296.5,0.3221354339907901,1288928,1.2243
2266,505.0,297.75,0.3219743662737947,1289871,1.4832
2267,250.0,296.85,0.3218133790906578,1290415,0.8744
2268,415.0,298.85,0.3216524724011125,1291181,0.3838
2269,380.0,300.1,0.32149164616491194,1291863,0.7541
2270,330.0,300.05,0.3213309003418295,1292572,0.5386
2271,220.0,298.55,0.3211702348916586,1293108,0.5241
2272,140.0,296.6,0.32100964977421276,1293468,0.5289
2273,215.0,297.7,0.32084914494932565,1294028,0.9590
2274,485.0,298.9,0.320688720376851,1294698,1.1864
2275,200.0,299.3,0.32052837601666256,1295176,0.8134
2276,265.0,298.75,0.32036811182865427,1295716,0.5885
2277,170.0,296.45,0.32020792777273993,1296207,0.9588
2278,160.0,296.05,0.3200478238088536,1296764,2.0992
2279,455.0,298.1,0.3198877998969492,1297476,0.5733
2280,315.0,298.85,0.31972785599700076,1298060,0.6886
2281,270.0,299.7,0.31956799206900227,1298626,1.9235
2282,200.0,301.25,0.31940820807296777,1299087,7.5674
2283,170.0,298.4,0.3192485039689313,1299554,0.8555
2284,160.0,297.15,0.3190888797169468,1300080,0.4380
2285,490.0,300.0,0.3189293352770884,1301005,1.7680
2286,465.0,300.7,0.31876987060944983,1301805,1.4293
2287,360.0,303.05,0.3186104856741451,1302466,1.6994
2288,115.0,301.55,0.31845118043130805,1302855,0.5192
2289,135.0,300.6,0.3182919548410924,1303329,0.5856
2290,560.0,302.4,0.3181328088636719,1303991,0.6562
2291,600.0,307.1,0.3179737424592401,1304956,0.3668
2292,340.0,308.5,0.3178147555880105,1305756,1.9981
2293,340.0,310.0,0.3176558482102165,1306443,0.5251
2294,290.0,310.2,0.3174970202861114,1307078,2.0520
2295,555.0,312.05,0.31733827177596835,1307823,0.3820
2296,715.0,317.85,0.3171796026400804,1308766,0.6348
2297,295.0,317.8,0.3170210128387604,1309343,1.5986
2298,140.0,317.15,0.31686250233234103,1309719,0.5025
2299,235.0,317.2,0.3167040710811749,1310165,2.8938
2300,125.0,315.25,0.31654571904563433,1310679,1.5852
2301,125.0,314.95,0.31638744618611153,1310970,0.5745
2302,650.0,317.55,0.3162292524630185,1311783,0.5069
2303,540.0,321.0,0.316071137836787,1312561,3.2063
2304,165.0,318.35,0.3159131022678686,1312919,0.6168
2305,580.0,322.9,0.3157551457167347,1313730,0.8936
2306,150.0,322.75,0.31559726814387634,1314136,0.5002
2307,265.0,323.15,0.3154394695098044,1314712,1.6236
2308,145.0,321.7,0.3152817497750495,1315269,0.3291
2309,560.0,321.25,0.315124108900162,1315925,1.0843
2310,125.0,321.25,0.31496654684571196,1316215,0.4139
2311,155.0,319.8,0.3148090635722891,1316583,2.0113
2312,270.0,319.6,0.31465165904050296,1317131,0.6085
2313,625.0,323.9,0.31449433321098275,1317992,0.6958
2314,770.0,328.25,0.31433708604437727,1319209,0.5993
2315,395.0,329.55,0.3141799175013551,1319815,1.0348
2316,365.0,327.95,0.31402282754260447,1320490,0.2877
2317,690.0,330.0,0.3138658161288332,1321556,1.0582
2318,215.0,330.9,0.3137088832207688,1322073,0.4905
2319,275.0,330.45,0.31355202877915844,1322758,0.5442
2320,400.0,331.1,0.3133952527647689,1323453,1.2833
2321,490.0,330.85,0.3132385551383865,1324545,1.4858
2322,280.0,332.4,0.31308193586081734,1325201,2.1202
2323,260.0,329.25,0.31292539489288695,1325719,1.4541
2324,225.0,328.35,0.31276893219544055,1326199,0.7332
2325,520.0,330.85,0.3126125477293428,1326933,1.4875
2326,580.0,333.7,0.3124562414554782,1327919,2.1780
2327,280.0,332.15,0.31230001333475044,1328440,0.6385
2328,580.0,331.9,0.3121438633280831,1329035,0.5715
2329,590.0,332.55,0.3119877913964191,1329857,2.7803
2330,285.0,333.35,0.3118317975007209,1330254,1.5263
2331,285.0,334.35,0.3116758816019705,1330831,0.7977
2332,100.0,334.35,0.31152004366116953,1331119,2.2035
2333,175.0,335.0,0.311364283639339,1331597,1.7450
2334,285.0,336.6,0.31120860149751933,1332173,1.4643
2335,160.0,336.9,0.3110529971967706,1332624,2.1066
2336,450.0,339.7,0.31089747069817225,1333360,1.0169
2337,255.0,339.6,0.3107420219628232,1333921,0.4297
2338,215.0,339.65,0.3105866509518418,1334599,1.0862
2339,245.0,339.9,0.31043135762636587,1335007,0.3090
2340,80.0,335.85,0.3102761419475527,1335306,2.5658
2341,570.0,338.55,0.3101210038765789,1336170,2.4136
2342,110.0,338.05,0.3099659433746407,1336459,1.6589
2343,270.0,338.3,0.30981096040295336,1337085,0.9478
2344,220.0,335.6,0.3096560549227519,1337509,0.5573
2345,480.0,337.3,0.3095012268952905,1338115,0.7280
2346,260.0,335.2,0.3093464762818429,1338747,0.9089
2347,130.0,333.8,0.30919180304370203,1339034,2.2011
2348,515.0,336.0,0.3090372071421802,1339882,0.3450
2349,635.0,339.95,0.3088826885386091,1340965,0.3625
2350,60.0,335.95,0.30872824719433983,1341365,0.5804
2351,225.0,335.45,0.3085738830707427,1341868,0.5065
2352,415.0,335.7,0.30841959612920733,1342609,0.7364
2353,235.0,334.65,0.30826538633114275,1343064,3.2568
2354,290.0,331.9,0.3081112536379772,1343591,0.8471
2355,400.0,334.35,0.30795719801115823,1344309,0.5053
2356,295.0,333.9,0.30780321941215266,1344864,0.8859
2357,325.0,335.2,0.3076493178024466,1345517,0.7011
2358,580.0,339.15,0.3074954931435454,1346363,1.6671
2359,100.0,337.3,0.3073417453969737,1346758,0.6927
2360,315.0,334.2,0.3071880745242752,1347213,0.5150
2361,205.0,332.4,0.3070344804870131,1347758,0.8810
2362,380.0,332.8,0.3068809632467696,1348527,0.2971
2363,225.0,330.15,0.30672752276514625,1349151,1.0558
2364,670.0,331.1,0.3065741590037637,1349886,0.6026
2365,205.0,329.85,0.3064208719242619,1350294,1.6199
2366,170.0,326.5,0.30626766148829976,1350838,0.6172
2367,235.0,326.35,0.30611452765755565,1351424,0.7811
2368,385.0,326.05,0.3059614703937269,1352119,0.4921
2369,335.0,325.6,0.30580848965853,1352770,0.3845
2370,245.0,324.75,0.3056555854137008,1353395,2.1423
2371,365.0,326.2,0.305502757620994,1354048,0.4071
2372,65.0,325.45,0.3053500062421835,1354329,3.8219
2373,260.0,325.9,0.30519733123906245,1355071,0.5421
2374,185.0,322.9,0.30504473257344294,1355536,1.8003
2375,340.0,324.3,0.30489221020715623,1356132,2.4300
2376,395.0,325.6,0.30473976410205267,1356785,1.9629
2377,100.0,324.9,0.30458739422000164,1357075,0.3050
2378,45.0,323.75,0.30443510052289163,1357348,0.5152
2379,575.0,324.95,0.30428288297263023,1357960,0.4019
2380,285.0,324.65,0.30413074153114394,1358529,0.6076
2381,260.0,324.55,0.3039786761603784,1359019,0.1722
2382,545.0,328.0,0.3038266868222982,1359813,1.0876
2383,185.0,328.15,0.30367477347888705,1360232,0.7481
2384,675.0,333.3,0.30352293609214764,1360869,1.0270
2385,225.0,330.65,0.30337117462410157,1361367,0.3547
2386,475.0,330.75,0.3032194890367895,1362201,1.0530
2387,425.0,331.4,0.30306787929227114,1363094,0.4265
2388,140.0,331.65,0.302916345352625,1363477,0.6140
2389,205.0,332.35,0.3027648871799487,1363883,2.2673
2390,255.0,329.3,0.30261350473635873,1364429,1.0984
2391,275.0,326.05,0.30246219798399054,1364988,2.2240
2392,240.0,325.05,0.3023109668849986,1365559,1.2071
2393,250.0,324.15,0.3021598114015561,1366122,4.2973
2394,215.0,323.4,0.3020087314958554,1366655,0.7884
2395,600.0,323.85,0.3018577271301075,1367389,6.9675
2396,240.0,319.1,0.30170679826654245,1367826,1.7571
2397,305.0,319.2,0.3015559448674092,1368387,0.7168
2398,155.0,319.35,0.30140516689497554,1368681,0.6953
2399,365.0,320.65,0.3012544643115281,1369317,1.5851
2400,420.0,323.6,0.3011038370793723,1369979,1.1205
2401,275.0,325.1,0.30095328516083264,1370497,1.2037
2402,360.0,322.2,0.30080280851825225,1371036,0.7348
2403,180.0,318.6,0.30065240711399316,1371413,1.3124
2404,205.0,319.0,0.3005020809104362,1371920,0.4059
2405,220.0,315.4,0.300351829869981,1372417,3.1231
2406,475.0,318.65,0.300201653955046,1373351,1.2484
2407,65.0,316.65,0.30005155312806847,1373649,0.8858
2408,400.0,319.2,0.29990152735150444,1374487,1.9080
2409,330.0,316.9,0.2997515765878287,1375224,1.4505
2410,175.0,317.4,0.2996017007995348,1375599,3.3103
2411,505.0,320.9,0.29945189994913507,1376247,0.9757
2412,125.0,319.45,0.29930217399916054,1376531,1.4723
2413,210.0,315.3,0.299152522912161,1377073,1.2460
2414,375.0,311.35,0.2990029466507049,1377894,0.7663
2415,375.0,311.15,0.2988534451773796,1378648,0.8452
2416,505.0,312.55,0.29870401845479094,1379423,5.4056
2417,415.0,309.8,0.29855466644556355,1380077,0.4631
2418,215.0,309.8,0.29840538911234077,1380473,0.6357
2419,340.0,310.45,0.2982561864177846,1381068,1.0229
2420,620.0,312.65,0.29810705832457574,1381781,1.4711
2421,125.0,309.0,0.29795800479541346,1382080,0.5744
2422,185.0,308.05,0.29780902579301577,1382443,2.2551
2423,430.0,309.75,0.29766012128011926,1383331,0.4298
2424,350.0,311.0,0.2975112912194792,1384013,1.6769
2425,360.0,309.4,0.2973625355738695,1384682,1.5299
2426,245.0,306.05,0.29721385430608255,1385100,2.7926
2427,430.0,307.55,0.29706524737892953,1385883,2.7015
2428,410.0,305.85,0.29691671475524006,1386586,1.4300
2429,350.0,303.45,0.2967682563978625,1387259,1.1457
2430,105.0,301.65,0.2966198722696636,1387540,1.0069
2431,285.0,301.65,0.2964715623335288,1388118,0.6370
2432,225.0,302.9,0.29632332655236204,1388605,0.6172
2433,320.0,304.35,0.29617516488908585,1389305,0.6743
2434,410.0,305.6,0.29602707730664135,1389927,0.4049
2435,275.0,306.75,0.29587906376798806,1390521,8.5691
2436,135.0,303.6,0.2957311242361041,1390884,2.8005
2437,215.0,303.2,0.29558325867398605,1391388,2.4548
2438,255.0,303.6,0.29543546704464907,1391998,0.7136
2439,425.0,305.4,0.2952877493111268,1393153,0.8403
2440,180.0,306.4,0.29514010543647123,1393606,0.9117
2441,320.0,303.9,0.29499253538375303,1394209,0.6338
2442,685.0,309.65,0.2948450391160612,1395097,1.0133
2443,260.0,309.55,0.2946976165965032,1395731,0.5767
2444,360.0,310.95,0.2945502677882049,1396336,1.2101
2445,395.0,310.1,0.29440299265431086,1396994,3.4553
2446,475.0,312.25,0.2942557911579837,1397645,1.2071
2447,240.0,313.35,0.29410866326240476,1398248,0.5988
2448,630.0,314.5,0.29396160893077355,1399332,3.9087
2449,485.0,313.0,0.2938146281263082,1400187,0.6203
2450,610.0,318.5,0.29366772081224507,1400839,0.5499
2451,420.0,320.45,0.293520886951839,1401654,0.5991
2452,405.0,320.35,0.2933741265083631,1402449,0.3537
2453,125.0,319.25,0.29322743944510893,1402742,2.0327
2454,265.0,319.0,0.2930808257253864,1403243,0.6412
2455,80.0,315.8,0.29293428531252375,1403517,3.3998
2456,450.0,317.35,0.2927878181698675,1404404,0.8946
2457,285.0,316.95,0.29264142426078255,1404960,1.2462
2458,165.0,312.8,0.29249510354865216,1405435,0.9025
2459,215.0,313.95,0.2923488559968778,1405977,3.9463
2460,455.0,315.35,0.2922026815688794,1406546,0.7327
2461,370.0,317.0,0.292056580228095,1407139,4.0563
2462,245.0,315.65,0.291910551937981,1407859,2.5826
2463,265.0,316.05,0.291764596662012,1408337,0.6228
2464,590.0,315.25,0.291618714363681,1408988,0.5694
2465,260.0,315.8,0.29147290500649914,1409643,1.2936
2466,125.0,315.35,0.29132716855399593,1409925,2.4961
2467,140.0,314.4,0.29118150496971895,1410290,0.8108
2468,510.0,315.65,0.2910359142172341,1410965,0.5080
2469,210.0,314.4,0.2908903962601255,1411418,1.3146
2470,260.0,314.55,0.2907449510619955,1411939,0.8429
2471,570.0,316.6,0.2905995785864645,1412921,1.0119
2472,220.0,318.15,0.2904542787971713,1413363,0.8106
2473,195.0,317.5,0.2903090516577727,1413884,0.8704
2474,270.0,318.35,0.29016389713194385,1414478,0.6042
2475,315.0,318.1,0.2900188151833779,1415129,0.7493
2476,320.0,317.35,0.28987380577578625,1415939,1.5899
2477,285.0,319.2,0.2897288688728984,1416503,1.4588
2478,305.0,321.8,0.28958400443846194,1417152,2.3403
2479,220.0,318.25,0.2894392124362427,1417554,0.6663
2480,255.0,317.95,0.2892944928300246,1418100,1.3310
2481,430.0,319.65,0.2891498455836096,1418751,0.7634
2482,215.0,316.35,0.2890052706608178,1419226,1.2586
2483,550.0,320.0,0.28886076802548744,1420201,0.6022
2484,770.0,320.95,0.2887163376414747,1421310,0.6569
2485,200.0,320.7,0.28857197947265395,1421749,0.6804
2486,270.0,318.65,0.28842769348291764,1422313,0.5403
2487,235.0,316.75,0.2882834796361762,1422817,1.4812
2488,275.0,318.1,0.2881393378963581,1423492,3.0577
2489,235.0,318.4,0.28799526822740995,1424043,0.6280
2490,170.0,317.55,0.28785127059329624,1424446,2.7021
2491,525.0,320.05,0.2877073449579996,1425159,0.6677
2492,140.0,319.05,0.2875634912855206,1425579,1.8779
2493,320.0,319.75,0.2874197095398779,1426390,0.7095
2494,250.0,320.1,0.287275999685108,1427050,0.4467
2495,380.0,317.9,0.28713236168526546,1427825,1.7133
2496,285.0,318.35,0.28698879550442286,1428406,0.6632
2497,155.0,316.85,0.28684530110667067,1428773,1.2614
2498,540.0,320.7,0.28670187845611733,1429682,1.0013
2499,230.0,319.35,0.2865585275168893,1430179,0.6880
2500,540.0,320.55,0.28641524825313086,1431011,1.4870
2501,285.0,320.65,0.2862720406290043,1431454,2.5273
2502,355.0,320.6,0.28612890460868984,1432150,0.5643
2503,160.0,320.4,0.2859858401563855,1432546,1.4494
2504,380.0,322.15,0.2858428472363073,1433144,2.4809
2505,245.0,322.4,0.28569992581268916,1433744,0.6818
2506,210.0,319.75,0.28555707584978285,1434147,0.4020
2507,525.0,324.35,0.28541429731185797,1435062,1.6883
2508,215.0,322.5,0.285271590163202,1435625,1.8965
2509,260.0,321.8,0.28512895436812047,1436102,1.3370
2510,635.0,326.4,0.28498638989093644,1436872,1.7359
2511,220.0,323.55,0.284843896695991,1437330,0.9307
2512,100.0,323.3,0.284701474747643,1437604,1.0047
2513,215.0,323.35,0.2845591240102692,1438156,2.0009
2514,195.0,321.55,0.2844168444482641,1438579,0.8129
2515,170.0,319.5,0.28427463602604,1439108,0.6846
2516,265.0,317.1,0.284132498708027,1439785,2.5211
2517,500.0,317.95,0.283990432458673,1440584,2.7476
2518,285.0,318.65,0.2838484372424437,1441245,1.2150
2519,360.0,318.85,0.2837065130238225,1441894,1.1394
2520,355.0,316.2,0.2835646597673106,1442539,1.7849
2521,670.0,321.65,0.28342287743742695,1443408,2.8107
2522,290.0,322.7,0.28328116599870823,1443972,0.4830
2523,140.0,319.8,0.2831395254157089,1444390,0.4619
2524,185.0,318.15,0.28299795565300107,1444776,0.5908
2525,440.0,318.95,0.28285645667517456,1445395,0.7274
2526,150.0,318.0,0.282715028446837,1445987,1.6396
2527,490.0,318.6,0.2825736709326136,1447055,1.2489
2528,465.0,319.15,0.2824323840971473,1447914,2.2144
2529,285.0,318.5,0.2822911679050988,1448566,1.9699
2530,435.0,321.8,0.2821500223211463,1449253,1.1516
2531,230.0,321.25,0.2820089473099857,1449759,0.8246
2532,730.0,326.3,0.2818679428363307,1450631,1.1193
2533,180.0,324.9,0.2817270088649126,1451441,0.4685
2534,225.0,323.05,0.28158614536048016,1451975,0.7653
2535,360.0,323.9,0.28144535228779993,1452623,1.4770
2536,370.0,326.25,0.28130462961165603,1453235,0.5207
2537,460.0,328.7,0.2811639772968502,1453920,1.2494
2538,290.0,329.05,0.2810233953082018,1454551,2.1951
2539,125.0,326.05,0.2808828836105477,1454847,0.6686
2540,90.0,325.15,0.28074244216874245,1455240,0.6273
2541,305.0,325.0,0.2806020709476581,1455820,0.4881
2542,210.0,320.25,0.2804617699121843,1456381,0.6155
2543,295.0,320.6,0.28032153902722823,1456936,1.1207
2544,705.0,324.05,0.2801813782577146,1457806,0.9187
2545,235.0,322.45,0.28004128756858576,1458359,0.7314
2546,520.0,322.9,0.2799012669248015,1459237,0.4519
2547,410.0,324.6,0.2797613162913391,1459935,0.5100
2548,305.0,321.35,0.27962143563319347,1460593,1.8224
2549,370.0,320.2,0.27948162491537687,1461297,0.9800
2550,105.0,315.15,0.2793418841029192,1461600,0.7686
2551,770.0,318.65,0.2792022131608678,1462375,0.7903
2552,340.0,318.0,0.2790626120542874,1462977,2.1685
2553,305.0,319.8,0.2789230807482603,1463468,1.0279
2554,235.0,319.5,0.27878361920788614,1463933,2.0468
2555,185.0,320.55,0.2786442273982822,1464318,1.2254
2556,325.0,319.3,0.2785049052845831,1465079,0.6881
2557,335.0,319.8,0.2783656528319408,1465655,0.4655
2558,445.0,322.6,0.27822647000552486,1466461,0.7443
2559,680.0,327.25,0.2780873567705221,1467472,0.4183
2560,145.0,324.15,0.27794831309213686,1468028,3.4029
2561,125.0,321.7,0.2778093389355908,1468322,0.3741
2562,575.0,325.0,0.27767043426612303,1469016,0.7119
2563,250.0,324.85,0.27753159904899,1469479,2.0130
2564,100.0,319.95,0.2773928332494655,1469770,0.4517
2565,260.0,319.95,0.2772541368328408,1470427,0.7598
2566,515.0,323.85,0.2771155097644244,1471316,0.9325
2567,240.0,324.85,0.2769769520095422,1471825,0.8844
2568,230.0,322.05,0.2768384635335374,1472226,1.1558
2569,340.0,323.35,0.27670004430177064,1472881,0.3562
2570,570.0,326.45,0.2765616942796198,1473607,1.2964
2571,250.0,323.25,0.27642341343248,1474116,0.6034
2572,380.0,324.85,0.27628520172576376,1474775,1.6607
2573,340.0,326.3,0.2761470591249009,1475403,1.1552
2574,355.0,327.15,0.2760089855953385,1475998,0.6113
2575,310.0,327.1,0.2758709811025408,1476653,0.9108
2576,505.0,328.95,0.2757330456119896,1477233,0.8145
2577,175.0,327.85,0.2755951790891836,1477642,2.6430
2578,305.0,327.85,0.275457381499639,1478200,0.6358
2579,260.0,328.25,0.2753196528088892,1478722,0.4759
2580,255.0,328.25,0.27518199298248475,1479301,0.5746
2581,925.0,333.2,0.2750444019859935,1480217,2.2962
2582,410.0,335.15,0.2749068797850005,1480882,1.7014
2583,185.0,331.5,0.27476942634510804,1481268,0.4349
2584,100.0,324.8,0.2746320416319355,1481552,0.7297
2585,530.0,328.1,0.27449472561111954,1482123,0.6498
2586,205.0,327.45,0.27435747824831397,1482520,1.0282
2587,435.0,329.45,0.2742202995091898,1483179,0.3594
2588,545.0,332.15,0.2740831893594352,1484153,1.7805
2589,575.0,335.55,0.2739461477647555,1484981,0.3494
2590,80.0,334.65,0.2738091746908731,1485265,0.5430
2591,205.0,331.45,0.2736722701035277,1485646,2.8334
2592,240.0,332.45,0.27353543396847596,1486478,1.4188
2593,550.0,334.75,0.27339866625149173,1487434,2.4481
2594,100.0,333.25,0.273261966918366,1487729,2.1925
2595,125.0,330.7,0.27312533593490684,1488010,0.3227
2596,325.0,331.1,0.2729887732669394,1488646,0.6268
2597,215.0,331.7,0.27285227888030594,1489171,1.1199
2598,500.0,331.3,0.2727158527408658,1489849,0.7265
2599,125.0,330.25,0.2725794948144954,1490139,0.3803
2600,225.0,327.1,0.27244320506708813,1490833,0.9020
2601,410.0,328.35,0.2723069834645546,1491473,1.2953
2602,155.0,326.35,0.2721708299728224,1491879,0.6835
2603,215.0,326.9,0.272034744557836,1492462,1.2204
2604,540.0,328.5,0.2718987271855571,1493170,1.4867
2605,185.0,327.9,0.2717627778219643,1493637,1.5462
2606,380.0,329.6,0.2716268964330533,1494389,1.1793
2607,185.0,326.2,0.2714910829848368,1494844,1.8227
2608,230.0,326.35,0.2713553374433444,1495514,0.3904
2609,300.0,326.75,0.27121965977462276,1496014,0.7187
2610,470.0,325.1,0.27108404994473545,1496861,1.4735
2611,330.0,326.2,0.2709485079197631,1497507,0.4763
2612,205.0,327.25,0.2708130336658032,1497986,1.0214
2613,175.0,326.85,0.2706776271489703,1498360,1.0369
2614,670.0,331.6,0.27054228833539584,1499199,1.1147
2615,365.0,333.55,0.27040701719122817,1499866,1.9858
2616,385.0,334.75,0.2702718136826326,1500637,1.2384
2617,125.0,331.0,0.2701366777757913,1500929,2.2929
2618,525.0,333.4,0.27000160943690343,1501873,0.5238
2619,230.0,332.1,0.269866608632185,1502461,0.7826
2620,375.0,332.3,0.2697316753278689,1503312,0.3157
2621,185.0,327.45,0.269596809490205,1503777,1.3270
2622,440.0,328.95,0.2694620110854599,1504482,0.9141
2623,500.0,332.55,0.2693272800799172,1505225,1.1010
2624,200.0,332.7,0.26919261643987724,1505836,2.8478
2625,135.0,329.65,0.2690580201316573,1506205,0.7476
2626,620.0,334.35,0.2689234911215915,1507004,0.4317
2627,640.0,335.85,0.2687890293760307,1507818,0.8485
2628,60.0,331.8,0.2686546348613427,1508187,1.1261
2629,385.0,332.8,0.26852030754391204,1508845,1.6588
2630,215.0,330.6,0.2683860473901401,1509371,0.5412
2631,200.0,330.3,0.26825185436644505,1509813,0.5216
2632,450.0,327.5,0.26811772843926185,1510642,2.3875
2633,360.0,329.3,0.2679836695750422,1511291,0.9230
2634,205.0,329.1,0.2678496777402547,1511674,1.4208
2635,315.0,328.65,0.2677157529013846,1512400,0.3619
2636,280.0,327.75,0.2675818950249339,1512922,1.0494
2637,320.0,326.35,0.2674481040774214,1513647,0.4106
2638,90.0,324.35,0.2673143800253827,1514009,1.4013
2639,285.0,325.95,0.26718072283537003,1514567,0.3109
2640,130.0,326.35,0.26704713247395234,1515002,0.5018
2641,300.0,326.3,0.26691360890771537,1515600,2.2642
2642,155.0,325.75,0.2667801521032615,1515888,0.8260
2643,115.0,323.95,0.2666467620272099,1516263,0.8530
2644,415.0,321.05,0.2665134386461963,1516974,0.8096
2645,320.0,321.9,0.26638018192687324,1517546,0.6659
2646,285.0,319.55,0.26624699183590983,1518161,0.7772
2647,415.0,319.6,0.2661138683399919,1518888,4.2328
2648,330.0,319.85,0.2659808114058219,1519535,0.9369
2649,355.0,319.7,0.265847821000119,1520117,0.9689
2650,365.0,322.3,0.26571489708961893,1520798,0.4951
2651,165.0,316.25,0.26558203964107413,1521544,0.6010
2652,80.0,313.65,0.26544924862125363,1521878,0.3333
2653,205.0,312.65,0.265316523996943,1522271,1.1815
2654,355.0,313.85,0.26518386573494457,1523002,1.3707
2655,410.0,316.1,0.2650512738020771,1523615,2.5635
2656,200.0,314.85,0.2649187481651761,1524103,3.2048
2657,260.0,314.1,0.2647862887910935,1524686,3.0363
2658,385.0,313.5,0.26465389564669795,1525306,0.6899
2659,465.0,311.35,0.2645215686988746,1526264,0.7543
2660,260.0,312.5,0.2643893079145252,1526811,0.6174
2661,295.0,314.2,0.26425711326056794,1527345,2.4369
2662,410.0,312.55,0.2641249847039377,1527984,2.8099
2663,490.0,314.95,0.2639929222115857,1528780,0.4618
2664,455.0,318.5,0.2638609257504799,1529607,1.5637
2665,365.0,319.55,0.2637289952876047,1530310,0.5986
2666,205.0,316.45,0.2635971307899609,1530824,0.7339
2667,315.0,317.2,0.2634653322245659,1531386,1.2591
2668,620.0,321.1,0.26333359955845365,1532185,1.0885
2669,430.0,322.0,0.26320193275867443,1532994,1.5351
2670,255.0,318.85,0.2630703317922951,1533397,3.8045
2671,465.0,321.0,0.26293879662639896,1534044,1.1074
2672,270.0,319.9,0.26280732722808575,1534491,0.6115
2673,360.0,320.1,0.2626759235644717,1535252,0.7321
2674,20.0,316.75,0.2625445856026895,1535501,1.2815
2675,225.0,315.9,0.26241331330988815,1535888,0.4540
2676,340.0,314.25,0.2622821066532332,1536428,0.9982
2677,360.0,316.1,0.2621509655999066,1537170,1.1885
2678,205.0,315.1,0.26201989011710664,1537773,0.3870
2679,290.0,315.4,0.2618888801720481,1538253,2.5461
2680,585.0,318.7,0.2617579357319621,1538905,1.1833
2681,165.0,311.1,0.26162705676409614,1539328,0.5623
2682,240.0,309.4,0.26149624323571413,1539916,0.5950
2683,605.0,313.6,0.2613654951140963,1540554,1.0160
2684,380.0,316.4,0.2612348123665393,1541188,0.9175
2685,105.0,312.15,0.26110419496035603,1541475,2.0518
2686,450.0,314.6,0.2609736428628759,1542260,1.2310
2687,325.0,313.5,0.2608431560414445,1542957,0.4478
2688,275.0,310.8,0.26071273446342375,1543413,2.0184
2689,500.0,310.05,0.26058237809619206,1543965,0.7368
2690,295.0,312.2,0.260452086907144,1544539,2.1970
2691,620.0,316.35,0.2603218608636904,1545227,1.1208
2692,235.0,316.3,0.2601916999332586,1545600,0.8834
2693,390.0,314.7,0.260061604083292,1546234,0.9599
2694,275.0,316.45,0.2599315732812503,1546847,0.8521
2695,320.0,318.4,0.25980160749460973,1547480,0.5202
2696,235.0,317.5,0.2596717066908624,1547965,1.0431
2697,175.0,317.1,0.259541870837517,1548355,2.1524
2698,355.0,315.65,0.25941209990209824,1549206,0.5398
2699,290.0,317.3,0.2592823938521472,1549794,0.3292
2700,185.0,316.9,0.25915275265522114,1550270,1.3156
2701,565.0,318.45,0.25902317627889354,1550904,0.3542
2702,500.0,321.9,0.2588936646907541,1551767,1.0835
2703,625.0,326.0,0.25876421785840875,1552621,1.3959
2704,410.0,324.7,0.25863483574947954,1553301,0.6488
2705,125.0,324.1,0.2585055183316048,1553598,1.1014
2706,390.0,324.2,0.258376265572439,1554452,0.6929
2707,165.0,324.0,0.25824707743965275,1554950,0.8042
2708,525.0,326.95,0.25811795390093295,1555962,0.6014
2709,720.0,331.15,0.2579888949239825,1556744,0.7992
2710,230.0,328.75,0.2578599004765206,1557143,0.8821
2711,95.0,326.4,0.25773097052628235,1557513,0.9827
2712,340.0,327.75,0.2576021050410192,1558163,1.3405
2713,300.0,329.0,0.2574733039884987,1558750,1.3286
2714,280.0,325.1,0.25734456733650446,1559336,0.4529
2715,295.0,324.4,0.2572158950528362,1559821,0.3916
2716,455.0,325.1,0.2570872871053098,1560629,0.6017
2717,125.0,325.1,0.2569587434617572,1561043,1.1342
2718,840.0,328.25,0.2568302640900263,1562125,1.3735
2719,455.0,330.5,0.2567018489579813,1562969,0.9553
2720,240.0,329.15,0.2565734980335023,1563520,0.7156
2721,235.0,329.65,0.2564452112844856,1563927,1.2795
2722,350.0,328.75,0.2563169886788434,1564575,2.2887
2723,260.0,326.35,0.256188830184504,1565036,0.5118
2724,215.0,326.5,0.25606073576941174,1565481,0.5521
2725,535.0,330.5,0.25593270540152707,1566219,1.1854
2726,395.0,328.25,0.25580473904882634,1566810,0.8282
2727,365.0,325.5,0.2556768366793019,1567459,0.5161
2728,195.0,326.85,0.2555489982609623,1567946,0.5475
2729,245.0,325.45,0.2554212237618318,1568465,0.6694
2730,800.0,331.3,0.2552935131499509,1569452,1.8028
2731,240.0,331.7,0.25516586639337596,1569921,0.5839
2732,335.0,330.55,0.25503828346017926,1570478,0.6186
2733,410.0,331.05,0.25491076431844917,1571082,1.1794
2734,310.0,332.1,0.25478330893629,1571696,0.2861
2735,125.0,330.2,0.25465591728182185,1571977,2.6572
2736,715.0,334.55,0.25452858932318095,1573080,1.3057
2737,245.0,333.8,0.25440132502851937,1573598,1.8714
2738,415.0,337.05,0.2542741243660051,1574148,0.9672
2739,225.0,336.45,0.2541469873038221,1574654,1.6213
2740,565.0,340.8,0.25401991381017025,1575274,1.1835
2741,140.0,339.2,0.2538929038532652,1575652,0.5364
2742,290.0,340.55,0.25376595740133856,1576452,1.3997
2743,200.0,341.4,0.2536390744226379,1576860,1.1085
2744,415.0,341.4,0.25351225488542656,1577787,0.5328
2745,190.0,340.1,0.2533854987579839,1578299,3.2529
2746,290.0,340.15,0.2532588060086049,1578991,0.5132
2747,290.0,338.9,0.2531321766056006,1579606,0.9959
2748,350.0,339.1,0.2530056105172978,1580264,1.2885
2749,370.0,339.25,0.2528791077120392,1580916,0.3725
2750,595.0,341.55,0.2527526681581832,1581555,1.8475
2751,315.0,343.05,0.2526262918241041,1582261,0.5457
2752,520.0,347.45,0.25249997867819207,1583193,0.6601
2753,125.0,346.65,0.252373728688853,1583560,0.5583
2754,310.0,346.2,0.2522475418245086,1584170,0.6894
2755,190.0,344.0,0.25212141805359634,1584750,0.8016
2756,400.0,346.0,0.25199535734456957,1585432,1.2237
2757,240.0,345.8,0.2518693596658973,1585989,1.1575
2758,655.0,348.5,0.25174342498606433,1586774,0.4258
2759,235.0,346.2,0.2516175532735713,1587276,0.4417
2760,315.0,346.75,0.25149174449693457,1587886,1.4571
2761,575.0,349.55,0.2513659986246861,1588813,1.0937
2762,395.0,349.4,0.2512403156253738,1589477,1.6635
2763,425.0,348.75,0.2511146954675611,1590220,0.6952
2764,310.0,347.3,0.2509891381198273,1590846,3.7128
2765,290.0,346.55,0.2508636435507674,1591455,0.9275
2766,255.0,347.05,0.250738211728992,1592018,0.7537
2767,355.0,347.45,0.25061284262312755,1592672,0.4221
2768,375.0,345.0,0.250487536201816,1593387,0.6070
2769,130.0,342.0,0.2503622924337151,1593779,2.1474
2770,175.0,341.2,0.25023711128749826,1594146,1.6090
2771,155.0,338.1,0.2501119927318545,1594615,0.8542
2772,335.0,338.75,0.2499869367354886,1595239,1.3346
2773,155.0,336.7,0.24986194326712088,1595696,1.5782
2774,335.0,339.85,0.24973701229548734,1596333,0.2934
2775,360.0,341.2,0.2496121437893396,1596948,1.2965
2776,155.0,339.35,0.24948733771744494,1597463,0.7519
2777,365.0,339.4,0.24936259404858624,1598251,1.2699
2778,435.0,341.7,0.24923791275156196,1599042,0.6584
2779,195.0,340.75,0.24911329379518618,1599533,1.0730
2780,630.0,341.2,0.2489887371482886,1600359,1.3214
2781,610.0,345.65,0.24886424277971447,1601121,1.7290
2782,445.0,347.7,0.24873981065832462,1601905,0.5626
2783,155.0,343.2,0.24861544075299546,1602363,0.9106
2784,370.0,343.1,0.248491133032619,1603075,2.6752
2785,160.0,343.65,0.2483668874661027,1603754,1.9057
2786,115.0,340.3,0.24824270402236964,1604129,0.5733
2787,365.0,340.7,0.24811858267035847,1604788,1.7709
2788,570.0,343.65,0.2479945233790233,1605492,0.5938
2789,545.0,344.1,0.24787052611733382,1606355,0.9631
2790,600.0,347.15,0.24774659085427517,1607507,0.4858
2791,210.0,343.05,0.24762271755884804,1608036,0.6220
2792,245.0,343.15,0.24749890620006865,1608581,1.5013
2793,110.0,340.35,0.24737515674696864,1608874,3.1440
2794,205.0,339.65,0.24725146916859517,1609319,0.6789
2795,185.0,338.3,0.2471278434340109,1609702,1.1450
2796,150.0,337.45,0.2470042795122939,1610100,0.2836
2797,250.0,338.2,0.24688077737253777,1610826,2.8033
2798,290.0,337.55,0.24675733698385152,1611392,0.4364
2799,285.0,337.5,0.2466339583153596,1611912,1.1290
2800,200.0,337.65,0.24651064133620196,1612317,0.6440
2801,135.0,333.35,0.24638738601553387,1612811,1.1029
2802,105.0,329.4,0.2462641923225261,1613111,0.7761
2803,375.0,326.9,0.24614106022636487,1613844,0.4121
2804,500.0,327.8,0.2460179896962517,1614542,0.5991
2805,435.0,330.9,0.2458949807014036,1615331,0.5748
2806,350.0,330.5,0.2457720332110529,1615991,0.5363
2807,220.0,331.05,0.2456491471944474,1616506,0.4783
2808,185.0,327.65,0.24552632262085017,1616928,0.4665
2809,105.0,321.5,0.24540355945953976,1617207,1.5755
2810,250.0,321.7,0.24528085767981,1617745,0.8674
2811,405.0,324.8,0.24515821725097012,1618452,0.4535
2812,315.0,324.55,0.24503563814234464,1619016,0.3694
2813,415.0,325.7,0.24491312032327348,1619605,1.0260
2814,525.0,328.15,0.24479066376311184,1620235,2.0690
2815,180.0,327.0,0.2446682684312303,1620631,0.5824
2816,185.0,324.3,0.24454593429701468,1621136,0.4535
2817,335.0,326.4,0.24442366132986618,1621752,0.6701
2818,205.0,320.05,0.24430144949920127,1622446,1.5163
2819,385.0,319.35,0.2441792987744517,1623061,0.5256
2820,330.0,320.25,0.24405720912506448,1623726,0.8231
2821,625.0,324.15,0.24393518052050198,1624713,2.5285
2822,205.0,322.7,0.24381321293024175,1625120,0.6425
2823,355.0,323.65,0.24369130632377664,1625788,0.5295
2824,120.0,322.7,0.24356946067061477,1626166,0.3086
2825,215.0,319.5,0.24344767594027947,1626673,0.4324
2826,200.0,317.55,0.24332595210230934,1627091,1.4638
2827,755.0,321.45,0.2432042891262582,1627990,2.4632
2828,260.0,322.1,0.24308268698169508,1628410,2.3465
2829,200.0,321.65,0.24296114563820426,1628893,0.6580
2830,545.0,319.1,0.24283966506538518,1629837,0.7440
2831,335.0,320.05,0.24271824523285251,1630401,0.4826
2832,475.0,321.45,0.2425968861102361,1631179,0.8255
2833,225.0,319.6,0.242475587667181,1631739,2.2053
2834,260.0,319.1,0.24235434987334742,1632380,0.7131
2835,245.0,320.3,0.24223317269841077,1633021,0.9128
2836,375.0,316.9,0.24211205611206157,1633675,0.6544
2837,240.0,316.85,0.24199100008400556,1634160,0.6944
2838,185.0,314.55,0.24187000458396357,1634535,1.4489
2839,260.0,314.9,0.2417490695816716,1635170,0.6820
2840,240.0,311.65,0.2416281950468808,1635783,0.4750
2841,580.0,316.05,0.24150738094935736,1636425,1.2921
2842,300.0,316.15,0.24138662725888269,1637001,3.9839
2843,225.0,316.4,0.24126593394525325,1637641,0.6420
2844,505.0,317.3,0.24114530097828063,1638250,0.6438
2845,365.0,319.05,0.2410247283277915,1638896,0.6393
2846,435.0,320.5,0.24090421596362763,1639532,1.1488
2847,445.0,322.05,0.24078376385564582,1640355,1.7813
2848,340.0,321.95,0.240663371973718,1641018,0.9429
2849,350.0,321.75,0.24054304028773116,1641716,1.2564
2850,335.0,319.15,0.2404227687675873,1642374,1.2207
2851,155.0,317.55,0.24030255738320352,1642847,0.7211
2852,235.0,314.7,0.24018240610451194,1643421,0.2330
2853,350.0,316.95,0.2400623149014597,1644044,0.4698
2854,600.0,319.85,0.239942283744009,1644869,1.7818
2855,170.0,319.65,0.23982231260213702,1645296,0.6362
2856,320.0,318.85,0.23970240144583596,1645962,0.5336
2857,255.0,319.0,0.23958255024511305,1646570,0.9070
2858,305.0,315.5,0.2394627589699905,1647320,0.7301
2859,230.0,315.45,0.23934302759050552,1647718,0.6345
2860,250.0,314.8,0.23922335607671028,1648294,1.9073
2861,175.0,310.8,0.23910374439867194,1648655,0.4137
2862,350.0,310.35,0.2389841925264726,1649325,1.2321
2863,390.0,310.0,0.23886470043020938,1649976,0.7763
2864,200.0,308.9,0.2387452680799943,1650363,1.4479
2865,375.0,309.75,0.2386258954459543,1651072,2.5603
2866,380.0,311.0,0.23850658249823134,1651731,0.8233
2867,550.0,312.95,0.23838732920698225,1652605,0.6362
2868,370.0,312.9,0.23826813554237877,1653263,0.6716
2869,220.0,313.8,0.2381490014746076,1653709,1.9645
2870,250.0,314.55,0.23802992697387032,1654370,3.1089
2871,385.0,316.85,0.2379109120103834,1655013,0.7466
2872,320.0,316.7,0.2377919565543782,1655667,1.1439
2873,375.0,318.9,0.23767306057610102,1656200,1.7783
2874,695.0,322.5,0.23755422404581297,1657059,0.5627
2875,415.0,323.05,0.23743544693379007,1657721,1.3332
2876,125.0,322.75,0.23731672921032318,1658252,2.4155
2877,205.0,321.15,0.23719807084571803,1658710,0.5513
2878,315.0,319.95,0.23707947181029518,1659312,4.8462
2879,60.0,318.6,0.23696093207439003,1659579,1.0355
2880,550.0,317.8,0.23684245160835285,1660412,0.9096
2881,205.0,313.75,0.2367240303825487,1660888,0.4430
2882,295.0,312.25,0.23660566836735744,1661449,0.5216
2883,450.0,315.2,0.2364873655331738,1662335,0.5951
2884,330.0,314.8,0.2363691218504072,1663028,0.9855
2885,775.0,320.95,0.23625093728948202,1663916,0.7046
2886,230.0,322.1,0.23613281182083729,1664530,0.7726
2887,265.0,321.1,0.23601474541492687,1665085,2.4559
2888,330.0,318.7,0.23589673804221942,1665595,1.9767
2889,300.0,316.25,0.23577878967319832,1666260,0.3067
2890,205.0,312.3,0.23566090027836173,1666781,0.5217
2891,410.0,314.3,0.23554306982822257,1667437,0.6788
2892,460.0,316.45,0.23542529829330847,1668022,1.5577
2893,365.0,319.0,0.23530758564416182,1668574,0.6194
2894,100.0,317.95,0.23518993185133974,1668893,0.6871
2895,540.0,321.5,0.2350723368854141,1669622,1.1429
2896,330.0,323.3,0.2349548007169714,1670285,0.8193
2897,165.0,322.45,0.23483732331661292,1670713,1.0560
2898,260.0,322.15,0.23471990465495463,1671283,1.3383
2899,215.0,321.45,0.23460254470262715,1671877,3.4718
2900,100.0,320.45,0.23448524343027585,1672155,1.7217
2901,100.0,320.1,0.23436800080856074,1672453,2.3077
2902,110.0,320.15,0.23425081680815646,1672823,3.7426
2903,295.0,319.35,0.2341336913997524,1673573,1.4230
2904,140.0,315.75,0.23401662455405253,1673964,1.1897
2905,360.0,315.0,0.23389961624177552,1674707,2.3155
2906,355.0,315.05,0.23378266643365464,1675350,2.5720
2907,280.0,315.65,0.23366577510043782,1675965,2.0261
2908,100.0,314.8,0.2335489422128876,1676246,0.8391
2909,170.0,315.45,0.2334321677417812,1676608,1.2672
2910,490.0,317.85,0.23331545165791032,1677530,2.3321
2911,100.0,314.8,0.23319879393208137,1677816,0.5698
2912,215.0,313.8,0.23308219453511533,1678260,0.5027
2913,385.0,313.5,0.23296565343784778,1678849,1.0843
2914,205.0,310.3,0.23284917061112886,1679338,1.0345
2915,205.0,310.55,0.2327327460258233,1679813,0.6650
2916,270.0,311.4,0.2326163796528104,1680470,1.3479
2917,545.0,313.5,0.23250007146298401,1681364,2.8328
2918,205.0,313.5,0.23238382142725253,1681795,0.8137
2919,295.0,312.6,0.23226762951653893,1682341,0.6909
2920,145.0,310.75,0.23215149570178067,1682813,0.7433
2921,270.0,307.2,0.2320354199539298,1683322,1.3744
2922,375.0,308.9,0.23191940224395283,1683989,3.0165
2923,415.0,309.5,0.23180344254283086,1684628,1.0135
2924,315.0,311.45,0.23168754082155946,1685103,0.5838
2925,250.0,311.8,0.2315716970511487,1685575,1.0552
2926,130.0,311.1,0.23145591120262313,1685870,0.4868
2927,275.0,306.3,0.23134018324702182,1686507,6.8103
2928,410.0,307.8,0.23122451315539833,1687181,1.2308
2929,630.0,312.1,0.23110890089882064,1687972,0.8106
2930,185.0,308.5,0.23099334644837125,1688373,0.6234
2931,310.0,308.25,0.23087784977514708,1689149,0.7498
2932,365.0,307.15,0.23076241085025953,1689761,0.5406
2933,395.0,308.85,0.2306470296448344,1690597,2.4636
2934,205.0,308.3,0.230531706130012,1691169,0.5692
2935,385.0,309.7,0.23041644027694702,1691942,0.4999
2936,400.0,309.95,0.23030123205680855,1692637,0.5936
2937,240.0,309.95,0.23018608144078015,1693138,2.9322
2938,470.0,312.8,0.23007098840005977,1693859,0.5962
2939,550.0,315.7,0.22995595290585974,1694722,1.5065
2940,480.0,318.1,0.22984097492940683,1695403,0.8026
2941,205.0,314.35,0.22972605444194213,1695905,1.0702
2942,90.0,312.25,0.22961119141472117,1696318,1.1556
2943,365.0,313.65,0.22949638581901383,1696972,0.6223
2944,265.0,311.25,0.22938163762610433,1697498,2.2048
2945,390.0,311.5,0.2292669468072913,1698181,1.3793
2946,205.0,309.2,0.22915231333388766,1698622,1.3336
2947,600.0,310.75,0.22903773717722073,1699331,2.2486
2948,410.0,311.45,0.22892321830863213,1700070,1.8214
2949,325.0,311.2,0.22880875669947784,1700829,1.5562
2950,385.0,311.7,0.2286943523211281,1701487,0.5879
2951,275.0,312.9,0.22858000514496757,1702163,3.2077
2952,155.0,312.1,0.2284657151423951,1702765,0.7757
2953,385.0,312.45,0.22835148228482394,1703379,0.3304
2954,540.0,311.85,0.22823730654368155,1704321,0.7653
2955,365.0,313.8,0.22812318789040972,1704932,0.4055
2956,330.0,313.9,0.22800912629646453,1705586,0.5483
2957,160.0,312.95,0.2278951217333163,1705977,1.0678
2958,265.0,312.55,0.22778117417244967,1706439,0.5356
2959,130.0,311.55,0.22766728358536345,1706837,3.0710
2960,360.0,312.65,0.22755344994357077,1707525,1.1728
2961,325.0,314.15,0.227439673218599,1708256,3.1763
2962,380.0,314.45,0.22732595338198971,1708899,1.1619
2963,165.0,312.2,0.22721229040529872,1709299,0.6630
2964,235.0,312.55,0.22709868426009608,1709903,1.0647
2965,555.0,314.35,0.22698513491796604,1710957,1.6107
2966,290.0,313.45,0.22687164235050708,1711470,2.1172
2967,515.0,313.1,0.22675820652933185,1712522,0.4014
2968,340.0,312.8,0.2266448274260672,1713129,0.5916
2969,375.0,314.35,0.2265315050123542,1713833,1.1512
2970,215.0,314.0,0.22641823925984803,1714229,0.7657
2971,405.0,314.2,0.2263050301402181,1714834,1.3978
2972,110.0,312.1,0.226191877625148,1715195,0.3894
2973,260.0,310.95,0.22607878168633544,1715782,1.3884
2974,210.0,306.1,0.2259657422954923,1716303,1.1790
2975,120.0,303.15,0.22585275942434457,1716687,1.5873
2976,555.0,307.45,0.2257398330446324,1717604,0.5871
2977,495.0,310.35,0.22562696312811012,1718420,0.7236
2978,360.0,310.8,0.22551414964654606,1719026,0.5446
2979,235.0,312.55,0.22540139257172281,1719502,0.9929
2980,355.0,310.6,0.22528869187543696,1720172,0.4448
2981,220.0,310.75,0.22517604752949924,1720879,0.8574
2982,310.0,310.9,0.2250634595057345,1721665,0.6950
2983,475.0,311.15,0.22495092777598164,1722487,1.1997
2984,275.0,310.6,0.22483845231209365,1723095,0.6929
2985,430.0,307.15,0.2247260330859376,1723689,2.0367
2986,475.0,309.6,0.22461367006939464,1724477,2.2590
2987,365.0,310.6,0.22450136323435996,1725389,2.4960
2988,370.0,311.0,0.2243891125527428,1726093,2.2693
2989,375.0,311.75,0.22427691799646643,1726735,0.9925
2990,350.0,313.2,0.22416477953746822,1727375,0.5485
2991,245.0,311.55,0.2240526971476995,1727997,2.1382
2992,325.0,310.2,0.22394067079912566,1728634,0.7612
2993,355.0,310.1,0.2238287004637261,1729215,2.3580
2994,410.0,313.2,0.22371678611349424,1730013,1.4214
2995,295.0,310.75,0.2236049277204375,1730650,0.6932
2996,310.0,310.55,0.2234931252565773,1731321,1.1128
2997,290.0,311.8,0.22338137869394903,1731862,0.3365
2998,190.0,311.1,0.22326968800460206,1732363,0.7325
2999,210.0,311.05,0.22315805316059978,1732850,0.3978
3000,340.0,313.45,0.22304647413401948,1733408,1.0084
3001,265.0,315.1,0.22293495089695248,1733958,0.5379
3002,205.0,316.05,0.22282348342150401,1734501,0.8990
3003,320.0,316.3,0.2227120716797933,1735161,0.9131
3004,105.0,315.95,0.2226007156439534,1735448,1.1543
3005,385.0,316.2,0.22248941528613142,1736062,4.1576
3006,460.0,317.25,0.22237817057848835,1736848,0.4476
3007,335.0,317.8,0.22226698149319912,1737512,0.6705
3008,230.0,319.1,0.22215584800245253,1737920,0.7083
3009,275.0,320.15,0.2220447700784513,1738548,1.0332
3010,320.0,318.45,0.2219337476934121,1739131,0.7657
3011,415.0,321.6,0.22182278081956538,1739816,0.5000
3012,280.0,322.25,0.2217118694291556,1740416,0.8068
3013,100.0,319.4,0.22160101349444103,1740695,0.8229
3014,410.0,321.45,0.2214902129876938,1741330,1.3711
3015,255.0,321.95,0.22137946788119997,1742066,1.2281
3016,125.0,320.5,0.22126877814725937,1742345,0.6007
3017,240.0,317.45,0.22115814375818577,1742795,1.2892
3018,280.0,318.2,0.22104756468630668,1743392,1.2203
3019,420.0,319.45,0.22093704090396354,1744107,0.3749
3020,230.0,320.3,0.22082657238351158,1744510,0.6429
3021,105.0,318.65,0.22071615909731984,1744806,0.4321
3022,750.0,322.4,0.2206058010177712,1745976,0.5681
3023,480.0,323.05,0.22049549811726232,1746779,0.4869
3024,195.0,321.85,0.2203852503682037,1747251,0.4945
3025,260.0,321.95,0.22027505774301961,1747820,2.5942
3026,635.0,327.0,0.22016492021414813,1748591,0.4196
3027,390.0,328.15,0.22005483775404105,1749182,0.3711
3028,345.0,327.5,0.21994481033516405,1749797,2.8025
3029,370.0,324.9,0.21983483792999647,1750474,3.3549
3030,610.0,329.15,0.21972492051103149,1751161,0.4950
3031,125.0,327.3,0.21961505805077597,1751467,2.0568
3032,555.0,329.2,0.2195052505217506,1752161,1.1314
3033,100.0,326.25,0.21939549789648974,1752436,0.4577
3034,360.0,327.8,0.2192858001475415,1753114,0.3185
3035,315.0,327.1,0.21917615724746775,1753699,1.7245
3036,145.0,324.55,0.21906656916884404,1754252,1.4862
3037,275.0,324.9,0.21895703588425963,1754797,0.8058
3038,785.0,328.05,0.2188475573663175,1755596,2.0089
3039,205.0,324.6,0.21873813358763436,1756032,0.7799
3040,635.0,326.15,0.21862876452084054,1756819,0.7324
3041,475.0,328.85,0.21851945013858012,1757582,0.8436
3042,330.0,331.25,0.21841019041351084,1758403,1.4707
3043,125.0,328.85,0.2183009853183041,1758692,0.9453
3044,280.0,329.0,0.21819183482564497,1759403,0.5113
3045,285.0,327.95,0.21808273890823215,1760006,0.9148
3046,480.0,330.7,0.21797369753877804,1760632,0.6669
3047,410.0,328.8,0.21786471069000868,1761278,2.0299
3048,520.0,329.9,0.2177557783346637,1762172,0.8922
3049,315.0,329.8,0.21764690044549637,1762738,1.3198
3050,125.0,327.2,0.21753807699527364,1763020,1.0701
3051,460.0,329.05,0.217429307956776,1763830,0.7187
3052,295.0,330.45,0.21732059330279763,1764438,1.3665
3053,610.0,332.7,0.21721193300614625,1765041,1.2184
3054,700.0,334.3,0.2171033270396432,1765910,1.5344
3055,220.0,332.85,0.21699477537612338,1766505,1.1822
3056,260.0,332.15,0.21688627798843532,1766876,0.5620
3057,600.0,336.55,0.2167778348494411,1767887,0.3873
3058,610.0,340.0,0.2166694459320164,1768558,1.1376
3059,290.0,341.6,0.2165611112090504,1769067,0.4628
3060,350.0,341.5,0.21645283065344587,1769706,0.7571
3061,335.0,341.6,0.21634460423811916,1770288,0.7879
3062,225.0,340.05,0.21623643193600012,1770733,0.7134
3063,125.0,339.65,0.21612831372003213,1771011,1.8278
3064,265.0,339.95,0.21602024956317212,1771616,1.2943
3065,305.0,337.45,0.21591223943839055,1772341,0.4640
3066,420.0,338.75,0.21580428331867138,1772991,2.7802
3067,115.0,334.75,0.21569638117701206,1773391,1.9734
3068,530.0,336.65,0.21558853298642358,1774045,1.0990
3069,390.0,336.8,0.21548073871993037,1774595,0.9285
3070,360.0,338.25,0.21537299835057042,1775236,0.8434
3071,355.0,337.75,0.21526531185139514,1775866,1.0634
3072,155.0,338.2,0.21515767919546944,1776147,1.9223
3073,200.0,337.6,0.21505010035587172,1776636,1.2803
3074,395.0,339.45,0.2149425753056938,1777230,0.9193
3075,490.0,343.15,0.21483510401804096,1778121,0.9211
3076,305.0,340.65,0.21472768646603194,1778617,0.4866
3077,265.0,338.35,0.21462032262279893,1779195,0.4934
3078,325.0,338.0,0.21451301246148755,1779738,2.9666
3079,280.0,338.45,0.21440575595525682,1780366,1.6805
3080,515.0,340.05,0.2142985530772792,1781285,0.6985
3081,100.0,338.85,0.2141914038007406,1781580,0.3112
3082,405.0,339.8,0.21408430809884024,1782246,1.1169
3083,425.0,339.3,0.21397726594479083,1782789,2.5760
3084,120.0,337.75,0.21387027731181846,1783174,0.9500
3085,315.0,336.6,0.21376334217316256,1783641,2.3591
3086,170.0,333.55,0.21365646050207598,1784150,1.0776
3087,80.0,330.7,0.21354963227182497,1784439,1.2004
3088,295.0,329.95,0.21344285745568906,1785060,0.8627
3089,225.0,328.45,0.21333613602696122,1785568,2.2976
3090,310.0,328.05,0.21322946795894776,1786185,0.5502
3091,210.0,327.7,0.2131228532249683,1786672,0.9320
3092,205.0,326.5,0.21301629179835582,1787128,1.7635
3093,220.0,325.15,0.21290978365245666,1787591,0.7433
3094,415.0,325.2,0.21280332876063043,1788363,1.2967
3095,225.0,324.5,0.21269692709625013,1788853,0.6624
3096,505.0,326.45,0.212590578632702,1789475,1.9580
3097,310.0,326.65,0.21248428334338568,1790009,1.7517
3098,125.0,326.0,0.212378041201714,1790293,1.4304
3099,310.0,327.0,0.21227185218111316,1790944,2.4044
3100,60.0,324.2,0.21216571625502262,1791237,0.4699
3101,165.0,323.2,0.21205963339689513,1791704,0.4833
3102,205.0,323.2,0.2119536035801967,1792399,0.7974
3103,380.0,323.8,0.2118476267784066,1793060,0.9752
3104,405.0,326.8,0.2117417029650174,1793666,0.4985
3105,190.0,324.85,0.2116358321135349,1794175,1.9841
3106,125.0,321.5,0.21153001419747813,1794456,0.7729
3107,325.0,321.4,0.21142424919037942,1795019,1.0419
3108,275.0,321.85,0.21131853706578424,1795569,0.4361
3109,465.0,323.75,0.21121287779725137,1796387,0.6667
3110,670.0,327.25,0.21110727135835275,1797384,1.2272
3111,195.0,325.05,0.2110017177226736,1797871,0.5161
3112,545.0,327.7,0.21089621686381227,1798874,2.7830
3113,265.0,329.35,0.2107907687553804,1799396,1.5867
3114,325.0,328.5,0.2106853733710027,1800266,0.4311
3115,385.0,329.8,0.21058003068431722,1800937,0.8776
3116,290.0,331.45,0.21047474066897506,1801555,1.2252
3117,490.0,333.95,0.2103695032986406,1802088,1.2551
3118,265.0,333.8,0.2102643185469913,1802701,0.7656
3119,210.0,331.7,0.2101591863877178,1803137,1.2379
3120,100.0,330.4,0.21005410679452396,1803440,0.5001
3121,225.0,331.6,0.20994907974112673,1803980,0.7048
3122,260.0,326.7,0.20984410520125618,1804531,0.7967
3123,515.0,327.05,0.20973918314865556,1805284,0.8642
3124,255.0,327.65,0.20963431355708123,1805973,1.2896
3125,375.0,328.8,0.2095294964003027,1806622,0.8273
3126,365.0,326.1,0.20942473165210254,1807394,0.6008
3127,225.0,324.45,0.2093200192862765,1807903,0.5448
3128,285.0,323.85,0.20921535927663337,1808559,1.3632
3129,425.0,324.4,0.20911075159699508,1809188,0.5419
3130,370.0,322.0,0.2090061962211966,1809818,1.3184
3131,250.0,323.25,0.208901693123086,1810404,0.8621
3132,665.0,324.35,0.2087972422765245,1811089,0.6163
3133,350.0,326.85,0.20869284365538623,1811801,0.7399
3134,140.0,324.65,0.20858849723355855,1812205,1.3494
3135,330.0,324.8,0.20848420298494177,1812806,0.5198
3136,385.0,327.2,0.20837996088344932,1813570,4.3054
3137,305.0,327.5,0.2082757709030076,1814290,0.5444
3138,220.0,321.85,0.20817163301755612,1814893,1.2465
3139,715.0,326.95,0.20806754720104736,1815849,1.8376
3140,320.0,323.8,0.20796351342744684,1816551,1.2202
3141,390.0,322.95,0.20785953167073312,1817178,0.1927
3142,440.0,324.05,0.20775560190489778,1817886,0.7320
3143,830.0,331.1,0.20765172410394533,1818886,0.8052
3144,190.0,330.2,0.20754789824189337,1819676,1.3784
3145,370.0,331.05,0.20744412429277245,1820384,0.6314
3146,320.0,329.45,0.20734040223062608,1820961,2.0517
3147,150.0,326.85,0.2072367320295108,1821368,0.8744
3148,365.0,325.3,0.20713311366349604,1821993,0.6022
3149,120.0,323.35,0.2070295471066643,1822498,1.2525
3150,210.0,324.2,0.20692603233311097,1823012,0.3826
3151,385.0,323.45,0.20682256931694443,1823679,1.8476
3152,780.0,328.3,0.20671915803228597,1824585,1.0757
3153,435.0,326.55,0.20661579845326983,1825226,0.7415
3154,380.0,323.35,0.2065124905540432,1825829,2.0737
3155,540.0,326.55,0.20640923430876618,1826647,0.6725
3156,405.0,328.0,0.2063060296916118,1827323,1.1778
3157,230.0,324.3,0.206202876676766,1827781,0.9676
3158,405.0,322.25,0.20609977523842765,1828386,1.1289
3159,305.0,322.4,0.20599672535080846,1828902,1.4107
3160,395.0,322.85,0.20589372698813307,1829554,0.7372
3161,410.0,323.6,0.20579078012463903,1830214,1.8105
3162,395.0,325.3,0.20568788473457672,1830824,1.5786
3163,460.0,328.65,0.20558504079220943,1831716,0.6107
3164,455.0,330.55,0.20548224827181333,1832382,1.5474
3165,415.0,331.65,0.20537950714767744,1833021,0.7726
3166,280.0,330.25,0.2052768173941036,1833684,1.0589
3167,600.0,335.1,0.20517417898540657,1834719,2.3207
3168,140.0,331.2,0.2050715918959139,1835210,0.9726
3169,385.0,331.15,0.20496905609996596,1835896,0.6187
3170,405.0,331.6,0.20486657157191598,1836653,0.5622
3171,480.0,332.85,0.20476413828613005,1837319,0.4403
3172,305.0,334.35,0.20466175621698698,1837900,0.8520
3173,775.0,340.1,0.2045594253388785,1838906,2.4573
3174,110.0,337.25,0.20445714562620906,1839307,0.7693
3175,60.0,332.95,0.20435491705339598,1839594,0.6090
3176,520.0,335.1,0.20425273959486928,1840174,0.7327
3177,390.0,336.35,0.20415061322507186,1840753,1.0174
3178,425.0,337.35,0.20404853791845934,1841700,0.8790
3179,510.0,339.65,0.20394651364950012,1842486,0.4355
3180,310.0,337.6,0.20384454039267538,1843075,0.8921
3181,245.0,339.05,0.20374261812247907,1843727,0.4500
3182,680.0,341.8,0.20364074681341784,1844524,0.5995
3183,430.0,341.85,0.20353892644001115,1845324,1.9291
3184,465.0,345.3,0.20343715697679116,1845939,0.5052
3185,440.0,346.55,0.20333543839830276,1846552,0.8396
3186,395.0,348.8,0.20323377067910361,1847376,0.9961
3187,220.0,350.2,0.20313215379376406,1847887,7.7648
3188,220.0,349.45,0.2030305877168672,1848386,2.8219
3189,240.0,349.6,0.20292907242300876,1848888,0.3423
3190,410.0,350.6,0.20282760788679727,1849613,1.7552
3191,340.0,351.9,0.2027261940828539,1850292,1.0955
3192,575.0,355.6,0.20262483098581247,1851323,0.4862
3193,570.0,359.1,0.20252351857031958,1852129,0.6178
3194,340.0,358.35,0.20242225681103443,1852751,0.9757
3195,125.0,357.35,0.20232104568262893,1853127,0.8908
3196,115.0,353.45,0.20221988515978762,1853581,1.2173
3197,215.0,352.5,0.20211877521720772,1854073,0.9256
3198,320.0,354.45,0.20201771582959913,1854742,0.7832
3199,570.0,357.05,0.20191670697168435,1855344,0.5510
3200,220.0,358.65,0.2018157486181985,1856094,1.9084
3201,590.0,362.9,0.20171484074388943,1856737,0.6496
3202,270.0,363.55,0.2016139833235175,1857189,2.1357
3203,415.0,363.9,0.20151317633185575,1857839,3.1321
3204,375.0,363.6,0.20141241974368984,1858439,0.4631
3205,200.0,363.7,0.20131171353381802,1858812,0.8437
3206,260.0,365.05,0.20121105767705114,1859328,1.4035
3207,165.0,363.45,0.20111045214821263,1859716,0.9115
3208,560.0,366.3,0.20100989692213853,1860420,1.1327
3209,360.0,365.25,0.20090939197367746,1861171,3.3684
3210,535.0,363.9,0.20080893727769064,1861823,0.9659
3211,105.0,363.0,0.20070853280905182,1862179,1.6088
3212,215.0,359.7,0.20060817854264731,1862612,0.8268
3213,515.0,362.2,0.200507874453376,1863283,1.1074
3214,245.0,361.4,0.20040762051614933,1863736,0.5962
3215,125.0,358.8,0.20030741670589125,1864033,0.5747
3216,200.0,357.9,0.20020726299753833,1864587,1.9826
3217,575.0,358.75,0.20010715936603957,1865500,2.0911
3218,570.0,361.8,0.20000710578635655,1866239,1.6473
3219,610.0,365.8,0.1999071022334634,1866936,2.4346
3220,280.0,367.6,0.19980714868234667,1867452,0.4811
3221,105.0,366.4,0.1997072451080055,1867718,0.4836
3222,700.0,370.8,0.1996073914854515,1868881,0.4899
3223,55.0,366.2,0.19950758778970878,1869142,0.7716
3224,590.0,369.55,0.19940783399581394,1869968,3.2268
3225,500.0,370.8,0.19930813007881604,1870752,0.7907
3226,145.0,368.6,0.19920847601377664,1871270,0.2987
3227,570.0,372.05,0.19910887177576977,1872228,0.7380
3228,360.0,372.8,0.1990093173398819,1872919,1.3258
3229,230.0,370.85,0.19890981268121197,1873609,0.5803
3230,270.0,369.85,0.19881035777487138,1874187,1.6858
3231,290.0,370.25,0.19871095259598395,1874780,1.3183
3232,595.0,369.55,0.19861159711968598,1875673,1.2015
3233,395.0,370.0,0.19851229132112616,1876361,1.8771
3234,375.0,372.35,0.1984130351754656,1877025,1.6991
3235,125.0,370.3,0.1983138286578779,1877299,1.0652
3236,175.0,368.2,0.19821467174354895,1877684,0.4205
3237,330.0,368.45,0.1981155644076772,1878354,0.7027
3238,80.0,367.05,0.19801650662547338,1878667,1.1808
3239,445.0,364.35,0.19791749837216066,1879380,0.3407
3240,290.0,364.05,0.1978185396229746,1879913,1.4254
3241,155.0,361.7,0.19771963035316312,1880278,0.4665
3242,315.0,360.45,0.19762077053798655,1880754,0.3788
3243,235.0,354.5,0.19752196015271756,1881238,2.4656
3244,155.0,354.15,0.1974231991726412,1881690,1.1832
3245,315.0,353.6,0.1973244875730549,1882329,2.7129
3246,230.0,352.7,0.19722582532926838,1882790,0.7383
3247,60.0,351.8,0.19712721241660375,1883059,0.7332
3248,290.0,351.05,0.19702864881039545,1883521,0.8342
3249,155.0,351.4,0.19693013448599025,1883971,0.8610
3250,290.0,352.2,0.19683166941874727,1884534,0.4144
3251,425.0,352.6,0.1967332535840379,1885273,1.1170
3252,175.0,346.55,0.1966348869572459,1885641,0.4799
3253,360.0,345.8,0.1965365695137673,1886572,1.0919
3254,420.0,346.2,0.19643830122901043,1887286,1.2827
3255,205.0,342.85,0.19634008207839593,1887734,0.6003
3256,205.0,340.85,0.19624191203735675,1888206,1.4850
3257,305.0,341.6,0.1961437910813381,1888785,1.1135
3258,125.0,338.8,0.19604571918579744,1889072,1.5065
3259,440.0,340.15,0.19594769632620454,1889723,1.0123
3260,235.0,338.55,0.19584972247804144,1890166,3.2698
3261,315.0,337.6,0.19575179761680242,1890704,1.4908
3262,340.0,337.05,0.19565392171799403,1891289,1.0197
3263,485.0,337.3,0.19555609475713503,1892042,0.7615
3264,330.0,336.05,0.19545831670975647,1892661,3.4885
3265,375.0,335.65,0.1953605875514016,1893262,0.7586
3266,180.0,334.65,0.1952629072576259,1893632,1.6566
3267,385.0,332.5,0.1951652758039971,1894249,0.7594
3268,390.0,335.0,0.1950676931660951,1894829,0.6175
3269,185.0,333.0,0.19497015931951206,1895331,1.1777
3270,190.0,330.85,0.19487267423985233,1895852,1.6237
3271,410.0,330.15,0.1947752379027324,1896763,0.9593
3272,315.0,330.25,0.19467785028378104,1897411,1.1779
3273,215.0,324.65,0.19458051135863916,1897963,1.2599
3274,190.0,325.45,0.19448322110295985,1898480,0.6649
3275,325.0,328.1,0.19438597949240838,1899128,0.6172
3276,360.0,326.5,0.19428878650266218,1899839,1.5690
3277,430.0,326.9,0.19419164210941087,1900515,1.4384
3278,505.0,327.7,0.19409454628835618,1901138,1.7531
3279,335.0,325.95,0.19399749901521202,1901766,0.7486
3280,100.0,323.85,0.19390050026570443,1902086,2.5546
3281,390.0,325.3,0.1938035500155716,1902705,1.1592
3282,405.0,322.55,0.19370664824056383,1903307,0.7087
3283,330.0,321.55,0.19360979491644356,1903935,3.9405
3284,205.0,318.95,0.19351299001898534,1904299,0.6340
3285,335.0,317.9,0.19341623352397586,1904836,2.1255
3286,445.0,318.4,0.19331952540721387,1905687,0.9003
3287,440.0,320.6,0.19322286564451027,1906380,0.4519
3288,205.0,320.45,0.19312625421168803,1906937,0.5815
3289,365.0,321.7,0.1930296910845822,1907596,0.7371
3290,755.0,325.15,0.19293317623903994,1908762,2.1284
3291,365.0,325.4,0.19283670965092042,1909486,0.7385
3292,455.0,324.2,0.19274029129609496,1910209,1.2261
3293,485.0,323.35,0.19264392115044693,1910953,1.4995
3294,320.0,323.15,0.19254759918987172,1911609,1.9013
3295,485.0,326.75,0.1924513253902768,1912660,2.3434
3296,315.0,328.75,0.19235509972758166,1913329,0.8235
3297,340.0,330.0,0.1922589221777179,1913997,1.6286
3298,120.0,328.0,0.19216279271662903,1914294,1.0426
3299,465.0,326.95,0.19206671132027073,1915016,1.5698
3300,290.0,327.65,0.1919706779646106,1915551,0.7582
3301,440.0,326.15,0.19187469262562828,1916413,2.0429
3302,390.0,327.35,0.19177875527931548,1917126,1.7126
3303,470.0,327.9,0.19168286590167583,1917779,0.8197
3304,320.0,327.35,0.191587024468725,1918329,2.0113
3305,720.0,332.55,0.19149123095649065,1919257,0.3922
3306,210.0,332.05,0.19139548534101242,1919891,3.3199
3307,240.0,332.8,0.19129978759834193,1920304,2.2152
3308,310.0,330.3,0.19120413770454278,1920905,0.6102
3309,240.0,329.1,0.19110853563569052,1921326,0.5702
3310,100.0,324.75,0.1910129813678727,1921633,1.8572
3311,240.0,326.1,0.19091747487718877,1922037,1.7362
3312,260.0,326.55,0.1908220161397502,1922548,1.3350
3313,330.0,324.7,0.19072660513168033,1923212,2.6743
3314,305.0,325.3,0.1906312418291145,1923788,1.3944
3315,260.0,326.65,0.19053592620819995,1924237,0.3006
3316,390.0,328.55,0.19044065824509587,1925076,1.8554
3317,395.0,326.75,0.19034543791597333,1925876,2.0215
3318,480.0,325.85,0.19025026519701535,1926559,1.7517
3319,310.0,322.85,0.19015514006441686,1927073,0.5970
3320,225.0,322.3,0.19006006249438467,1927722,1.3276
3321,345.0,324.7,0.18996503246313748,1928382,0.5630
3322,490.0,322.6,0.18987004994690593,1929420,0.4077
3323,205.0,324.1,0.1897751149219325,1929906,1.4748
3324,205.0,320.25,0.18968022736447154,1930332,0.7371
3325,290.0,318.15,0.18958538725078933,1930861,1.8578
3326,190.0,318.6,0.18949059455716394,1931320,1.8694
3327,695.0,319.85,0.18939584925988537,1932281,1.2898
3328,455.0,320.8,0.18930115133525544,1932934,4.0203
3329,155.0,320.05,0.1892065007595878,1933337,3.4459
3330,125.0,318.6,0.18911189750920804,1933617,0.9432
3331,195.0,317.65,0.18901734156045344,1934079,0.6812
3332,180.0,313.5,0.1889228328896732,1934492,0.7098
3333,275.0,312.3,0.1888283714732284,1934969,2.9512
3334,160.0,310.15,0.1887339572874918,1935333,0.5987
3335,415.0,313.05,0.18863959030884805,1936133,0.9204
3336,440.0,315.7,0.18854527051369363,1936834,0.4568
3337,650.0,318.9,0.1884509978784368,1937575,1.4206
3338,320.0,321.3,0.1883567723794976,1938261,1.5800
3339,405.0,320.9,0.18826259399330786,1938952,0.5046
3340,490.0,322.9,0.1881684626963112,1939800,1.2942
3341,230.0,323.65,0.18807437846496305,1940183,0.7590
3342,150.0,322.0,0.18798034127573057,1940481,0.7911
3343,285.0,322.5,0.18788635110509272,1941021,0.4161
3344,125.0,322.2,0.1877924079295402,1941319,2.4125
3345,375.0,322.8,0.18769851172557542,1941926,1.1764
3346,230.0,322.8,0.18760466246971264,1942393,1.2055
3347,570.0,327.9,0.1875108601384778,1943211,2.9011
3348,415.0,329.15,0.18741710470840856,1943895,2.0156
3349,155.0,329.15,0.18732339615605437,1944185,3.2030
3350,125.0,327.5,0.18722973445797636,1944475,1.2011
3351,385.0,327.1,0.18713611959074739,1945135,2.9730
3352,275.0,328.1,0.18704255153095203,1945660,0.8373
3353,260.0,327.1,0.18694903025518655,1946061,1.3203
3354,775.0,330.65,0.18685555574005897,1947067,1.1829
3355,245.0,331.05,0.18676212796218894,1947547,2.6358
3356,545.0,334.45,0.18666874689820787,1948429,0.3256
3357,280.0,334.2,0.18657541252475876,1949143,2.7283
3358,435.0,337.3,0.18648212481849638,1949846,1.4171
3359,550.0,338.4,0.18638888375608714,1950510,1.2903
3360,280.0,338.85,0.18629568931420912,1950974,1.0234
3361,435.0,340.05,0.18620254146955204,1951678,1.5758
3362,405.0,340.7,0.18610944019881728,1952345,2.6747
3363,445.0,340.3,0.18601638547871788,1952920,0.8089
3364,365.0,340.65,0.18592337728597852,1953649,3.0487
3365,185.0,338.75,0.18583041559733554,1954060,2.5717
3366,715.0,344.1,0.18573750038953687,1955040,0.5529
3367,265.0,342.9,0.1856446316393421,1955528,1.9306
3368,215.0,341.15,0.18555180932352244,1956102,0.6986
3369,410.0,343.4,0.1854590334188607,1956891,0.9291
3370,450.0,346.0,0.18536630390215128,1957617,1.9017
3371,390.0,345.8,0.1852736207502002,1958386,0.7243
3372,335.0,346.0,0.18518098393982513,1959130,1.8391
3373,215.0,346.0,0.18508839344785522,1959626,1.0712
3374,800.0,352.1,0.1849958492511313,1960605,2.6075
3375,190.0,350.75,0.18490335132650573,1961031,1.1460
3376,460.0,351.75,0.1848108996508425,1961861,2.9100
3377,215.0,349.6,0.18471849420101707,1962264,1.0170
3378,460.0,349.15,0.18462613495391658,1962877,0.8080
3379,200.0,347.8,0.18453382188643963,1963373,2.4586
3380,550.0,352.3,0.1844415549754964,1964001,1.7120
3381,315.0,351.55,0.18434933419800867,1964674,1.4846
3382,495.0,352.45,0.18425715953090968,1965513,1.3640
3383,195.0,351.1,0.18416503095114423,1965937,2.9450
3384,260.0,351.65,0.18407294843566865,1966481,0.7627
3385,345.0,351.75,0.18398091196145083,1967022,1.5074
3386,110.0,348.4,0.18388892150547012,1967387,0.7792
3387,275.0,346.75,0.1837969770447174,1967941,1.1166
3388,325.0,347.95,0.18370507855619506,1968706,0.3992
3389,400.0,348.3,0.18361322601691696,1969447,0.7841
3390,290.0,343.65,0.1835214194039085,1970031,2.6606
3391,315.0,343.15,0.18342965869420658,1970659,0.8909
3392,105.0,339.65,0.1833379438648595,1971125,2.6766
3393,420.0,339.0,0.18324627489292708,1971730,0.8687
3394,125.0,337.05,0.18315465175548062,1972365,0.3529
3395,105.0,333.25,0.1830630744296029,1972647,0.7496
3396,200.0,332.1,0.18297154289238812,1973057,1.5826
3397,310.0,331.8,0.18288005712094194,1973689,3.1260
3398,325.0,333.85,0.18278861709238148,1974293,0.8060
3399,175.0,330.95,0.1826972227838353,1974755,0.9945
3400,215.0,330.2,0.1826058741724434,1975251,0.5446
3401,355.0,329.35,0.1825145712353572,1975971,0.9601
3402,365.0,329.1,0.1824233139497395,1976752,0.5907
3403,595.0,330.35,0.18233210229276464,1977558,0.8297
3404,305.0,330.2,0.18224093624161827,1978208,1.2704
3405,345.0,326.45,0.18214981577349748,1978941,1.5670
3406,320.0,327.55,0.18205874086561075,1979539,1.2000
3407,325.0,328.4,0.18196771149517796,1980171,1.6409
3408,365.0,328.95,0.18187672763943039,1980797,1.5936
3409,420.0,330.75,0.18178578927561068,1981597,1.7444
3410,255.0,332.3,0.1816948963809729,1982084,0.3902
3411,230.0,332.2,0.1816040489327824,1982482,1.0038
3412,230.0,331.9,0.18151324690831602,1982870,0.4068
3413,360.0,332.2,0.18142249028486188,1983636,1.2894
3414,225.0,331.4,0.18133177903971945,1984140,1.3133
3415,220.0,331.0,0.1812411131501996,1984714,1.3187
3416,245.0,329.55,0.18115049259362453,1985360,1.6816
3417,290.0,328.5,0.18105991734732774,1985945,2.8146
3418,315.0,326.85,0.1809693873886541,1986629,1.5545
3419,545.0,329.2,0.18087890269495976,1987568,0.8627
3420,270.0,329.65,0.1807884632436123,1988111,1.9259
3421,445.0,330.65,0.1806980690119905,1988928,1.0042
3422,255.0,328.3,0.1806077199774845,1989403,1.0142
3423,540.0,331.65,0.18051741611749578,1990257,1.0607
3424,385.0,333.45,0.18042715740943704,1990910,0.8294
3425,575.0,336.3,0.18033694383073234,1991881,0.8204
3426,190.0,336.3,0.18024677535881697,1992377,0.5832
3427,295.0,332.3,0.1801566519711376,1992978,0.9727
3428,220.0,329.95,0.18006657364515202,1993646,2.0341
3429,125.0,329.65,0.17997654035832947,1993932,1.0164
3430,430.0,332.7,0.17988655208815033,1994638,1.1669
3431,155.0,332.3,0.17979660881210627,1994996,0.4850
3432,315.0,333.65,0.17970671050770023,1995443,0.8159
3433,295.0,333.85,0.1796168571524464,1996122,0.4908
3434,395.0,336.2,0.17952704872387018,1996948,0.3029
3435,295.0,335.0,0.17943728519950825,1997698,0.4130
3436,345.0,334.05,0.1793475665569085,1998293,1.7764
3437,205.0,329.6,0.17925789277363005,1998868,4.7448
3438,545.0,331.85,0.17916826382724324,1999854,0.7286
3439,355.0,331.35,0.17907867969532962,2000448,1.4266
3440,210.0,328.55,0.17898914035548197,2000920,1.6554
3441,320.0,329.45,0.17889964578530423,2001484,0.4160
3442,600.0,333.95,0.1788101959624116,2002560,0.4146
3443,365.0,334.75,0.1787207908644304,2003157,0.9597
3444,395.0,337.45,0.1786314304689982,2003956,2.9863
3445,285.0,336.55,0.17854211475376372,2004480,0.8904
3446,335.0,337.6,0.17845284369638684,2004941,0.3776
3447,655.0,338.45,0.17836361727453864,2005765,0.3687
3448,390.0,338.2,0.17827443546590138,2006395,2.8807
3449,430.0,340.95,0.17818529824816845,2007066,0.9157
3450,140.0,341.1,0.17809620559904438,2007460,0.6910
3451,440.0,341.65,0.17800715749624488,2008158,0.4006
3452,350.0,342.4,0.17791815391749677,2008786,1.8804
3453,345.0,343.25,0.17782919484053802,2009440,1.1936
3454,260.0,338.1,0.17774028024311778,2009964,2.0286
3455,375.0,339.4,0.17765141010299623,2010624,1.0927
3456,515.0,339.1,0.17756258439794476,2011541,1.3845
3457,365.0,339.95,0.1774738031057458,2012090,0.3069
3458,285.0,338.45,0.17738506620419292,2012562,1.2033
3459,310.0,336.05,0.17729637367109083,2013144,0.3444
3460,410.0,337.35,0.17720772548425529,2013784,0.6943
3461,405.0,337.05,0.17711912162151316,2014420,0.4584
3462,420.0,337.2,0.17703056206070242,2015197,0.3154
3463,360.0,336.35,0.17694204677967207,2015804,1.5529
3464,210.0,334.8,0.17685357575628224,2016263,0.5168
3465,260.0,335.55,0.17676514896840412,2017094,0.8294
3466,320.0,331.6,0.17667676639391994,2017796,0.5413
3467,395.0,332.9,0.176588428010723,2018345,2.1405
3468,335.0,334.1,0.17650013379671764,2019220,1.7566
3469,295.0,332.95,0.17641188372981928,2019840,0.6302
3470,180.0,330.25,0.17632367778795438,2020303,3.1170
3471,885.0,335.2,0.17623551594906042,2021509,0.4628
3472,275.0,334.6,0.1761473981910859,2022127,0.9530
3473,180.0,334.25,0.17605932449199038,2022560,1.1580
3474,355.0,329.8,0.17597129482974438,2023153,2.1096
3475,380.0,331.7,0.17588330918232953,2023743,0.4752
3476,380.0,330.9,0.17579536752773836,2024516,1.3990
3477,100.0,329.75,0.1757074698439745,2024791,4.5363
3478,330.0,328.45,0.17561961610905252,2025470,0.3611
3479,235.0,328.8,0.17553180630099802,2025893,1.8034
3480,290.0,326.2,0.17544404039784753,2026508,0.8330
3481,285.0,325.9,0.17535631837764862,2027161,0.7130
3482,235.0,323.3,0.1752686402184598,2027669,0.5939
3483,620.0,327.55,0.1751810058983506,2028405,2.5025
3484,450.0,329.45,0.17509341539540144,2029181,0.8400
3485,460.0,330.6,0.17500586868770374,2030033,0.4976
3486,560.0,335.1,0.1749183657533599,2030629,1.3311
3487,465.0,337.0,0.17483090657048322,2031384,2.9754
3488,200.0,335.75,0.174743491117198,2031767,1.8431
3489,590.0,337.65,0.1746561193716394,2032410,0.9188
3490,435.0,339.1,0.1745687913119536,2033056,0.6327
3491,410.0,340.05,0.17448150691629763,2033816,0.7210
3492,350.0,342.5,0.17439426616283948,2034434,0.6933
3493,250.0,340.8,0.17430706902975807,2034860,0.7079
3494,290.0,342.45,0.17421991549524318,2035312,0.6332
3495,310.0,344.5,0.17413280553749558,2035882,0.4997
3496,685.0,349.35,0.17404573913472685,2036911,1.5382
3497,330.0,349.55,0.1739587162651595,2037388,3.3183
3498,525.0,351.55,0.17387173690702692,2038328,1.0379
3499,250.0,352.3,0.1737848010385734,2038986,0.4395
3500,185.0,352.0,0.17369790863805412,2039507,2.8598
3501,545.0,353.9,0.1736110596837351,2040362,0.2151
3502,440.0,354.65,0.17352425415389325,2041162,0.3827
3503,435.0,353.05,0.1734374920268163,2041851,0.6773
3504,475.0,354.75,0.1733507732808029,2042607,2.1686
3505,385.0,355.15,0.1732640978941625,2043260,2.4022
3506,255.0,354.5,0.17317746584521543,2043761,0.8784
3507,40.0,351.65,0.17309087711229282,2044176,1.2099
3508,320.0,351.2,0.1730043316737367,2044836,0.6819
3509,485.0,351.85,0.17291782950789983,2045401,0.6329
3510,690.0,356.2,0.17283137059314588,2046421,0.4492
3511,230.0,356.2,0.1727449549078493,2046921,2.9157
3512,665.0,360.55,0.1726585824303954,2047727,1.8510
3513,60.0,357.55,0.1725722531391802,2048004,1.2166
3514,405.0,359.35,0.17248596701261062,2048608,0.8335
3515,315.0,360.3,0.17239972402910433,2049212,1.0162
3516,290.0,360.75,0.17231352416708978,2049781,0.6344
3517,420.0,362.05,0.17222736740500624,2050710,0.9000
3518,245.0,361.35,0.17214125372130376,2051381,0.7335
3519,175.0,357.65,0.17205518309444312,2051771,1.5285
3520,320.0,358.15,0.1719691555028959,2052385,0.3110
3521,100.0,354.7,0.17188317092514446,2052677,0.3645
3522,285.0,355.0,0.1717972293396819,2053255,0.3812
3523,255.0,352.15,0.17171133072501205,2053666,0.7217
3524,200.0,350.3,0.17162547505964956,2054237,0.7289
3525,125.0,345.8,0.17153966232211976,2054524,0.5608
3526,255.0,346.45,0.17145389249095871,2054985,2.2228
3527,245.0,345.95,0.17136816554471324,2055610,0.9240
3528,95.0,344.7,0.1712824814619409,2055997,0.7588
3529,495.0,348.4,0.17119684022120993,2056858,0.4223
3530,455.0,348.65,0.17111124180109932,2057684,2.5057
3531,330.0,350.4,0.17102568618019878,2058338,0.5063
3532,445.0,351.7,0.1709401733371087,2059099,1.0095
3533,210.0,350.85,0.17085470325044017,2059624,0.9418
3534,430.0,351.2,0.17076927589881497,2060210,0.9834
3535,320.0,351.45,0.17068389126086556,2060705,1.9195
3536,415.0,352.15,0.17059854931523513,2061516,0.8637
3537,335.0,353.45,0.17051325004057752,2062178,1.0673
3538,405.0,352.05,0.17042799341555723,2062891,0.7586
3539,420.0,352.7,0.17034277941884945,2063589,0.5968
3540,310.0,353.7,0.17025760802914003,2064161,0.9726
3541,155.0,352.05,0.17017247922512546,2064531,0.5829
3542,320.0,349.25,0.1700873929855129,2065053,2.8937
3543,330.0,348.9,0.17000234928902014,2065640,2.0390
3544,470.0,349.65,0.16991734811437564,2066329,4.0309
3545,330.0,350.1,0.16983238944031848,2067008,0.4958
3546,440.0,351.15,0.16974747324559833,2067645,3.3310
3547,310.0,347.7,0.16966259950897553,2068269,0.5436
3548,255.0,346.35,0.16957776820922105,2068735,0.4434
3549,290.0,344.95,0.16949297932511645,2069317,1.0466
3550,330.0,346.85,0.1694082328354539,2069945,0.6461
3551,515.0,347.6,0.16932352871903616,2070760,1.1451
3552,480.0,348.9,0.16923886695467666,2071633,0.4426
3553,390.0,349.35,0.16915424752119934,2072466,1.5171
3554,515.0,351.9,0.16906967039743875,2073308,1.2184
3555,490.0,353.05,0.16898513556224004,2073916,2.1160
3556,450.0,352.4,0.16890064299445892,2074559,0.9404
3557,445.0,353.2,0.1688161926729617,2075357,1.2614
3558,310.0,353.45,0.16873178457662522,2076047,0.6621
3559,485.0,355.2,0.1686474186843369,2076964,2.9078
3560,265.0,353.75,0.16856309497499475,2077488,0.6710
3561,380.0,353.5,0.16847881342750726,2078276,2.4428
3562,320.0,352.5,0.16839457402079352,2078868,4.2677
3563,60.0,349.5,0.16831037673378313,2079145,1.4897
3564,345.0,350.85,0.16822622154541625,2079809,1.6574
3565,150.0,349.75,0.16814210843464356,2080102,3.2679
3566,325.0,349.8,0.16805803738042624,2080705,0.4835
3567,350.0,349.35,0.16797400836173604,2081290,0.6642
3568,135.0,347.35,0.16789002135755518,2081724,4.6572
3569,120.0,345.6,0.16780607634687641,2082135,1.1653
3570,340.0,347.2,0.16772217330870298,2082775,1.4700
3571,180.0,340.15,0.16763831222204864,2083327,1.6575
3572,370.0,341.1,0.16755449306593762,2083871,0.5730
3573,345.0,342.75,0.16747071581940465,2084533,0.7544
3574,305.0,342.25,0.16738698046149494,2085062,0.6603
3575,320.0,341.65,0.1673032869712642,2085615,0.4570
3576,295.0,340.8,0.1672196353277786,2086202,0.6538
3577,385.0,343.65,0.1671360255101147,2086916,0.9203
3578,350.0,343.85,0.16705245749735964,2087527,0.3910
3579,255.0,344.05,0.16696893126861098,2088018,1.6233
3580,375.0,344.9,0.16688544680297668,2088652,0.8122
3581,370.0,345.75,0.1668020040795752,2089164,0.9375
3582,545.0,348.85,0.16671860307753544,2090332,0.6136
3583,325.0,345.9,0.16663524377599667,2090977,0.4483
3584,635.0,347.75,0.1665519261541087,2091619,1.9692
3585,335.0,346.5,0.16646865019103163,2092275,1.2865
3586,210.0,343.0,0.16638541586593614,2092708,0.7618
3587,345.0,341.8,0.16630222315800317,2093304,1.4399
3588,270.0,342.5,0.16621907204642417,2093821,0.4951
3589,125.0,337.85,0.16613596251040097,2094130,2.4220
3590,330.0,336.8,0.1660528945291458,2094738,1.2908
3591,315.0,335.85,0.16596986808188122,2095446,0.7318
3592,300.0,335.35,0.16588688314784028,2096051,2.3414
3593,560.0,338.45,0.16580393970626636,2096687,0.5300
3594,380.0,339.35,0.16572103773641325,2097378,0.7302
3595,175.0,338.0,0.16563817721754506,2097760,0.5735
3596,200.0,333.15,0.1655553581289363,2098215,1.7591
3597,335.0,333.2,0.16547258044987184,2098887,1.5119
3598,720.0,335.15,0.16538984415964691,2100064,0.5931
3599,265.0,335.3,0.1653071492375671,2100674,0.8586
3600,225.0,335.7,0.1652244956629483,2101234,2.2202
3601,310.0,333.35,0.16514188341511685,2101756,1.2227
3602,500.0,333.95,0.1650593124734093,2102642,3.1199
3603,195.0,331.55,0.1649767828171726,2103059,1.3131
3604,610.0,332.9,0.16489429442576403,2103949,1.4804
3605,290.0,331.95,0.16481184727855117,2104530,1.9103
3606,515.0,334.55,0.1647294413549119,2105476,1.0933
3607,205.0,336.2,0.16464707663423447,2105847,1.0223
3608,215.0,335.15,0.16456475309591737,2106255,0.5092
3609,485.0,335.15,0.16448247071936942,2107014,0.6192
3610,510.0,333.35,0.16440022948400973,2107937,1.3078
3611,275.0,333.8,0.16431802936926773,2108444,0.5208
3612,465.0,331.8,0.16423587035458312,2109408,5.2355
3613,270.0,333.9,0.16415375241940583,2109934,1.3586
3614,380.0,333.65,0.16407167554319613,2110566,1.6162
3615,185.0,332.35,0.16398963970542454,2110928,1.4514
3616,200.0,331.45,0.16390764488557183,2111371,1.3831
3617,375.0,331.0,0.16382569106312905,2112002,0.3901
3618,230.0,330.85,0.1637437782175975,2112518,3.6735
3619,460.0,333.7,0.1636619063284887,2113191,1.5683
3620,390.0,334.4,0.16358007537532446,2113807,0.7370
3621,265.0,336.05,0.1634982853376368,2114364,1.7565
3622,605.0,339.25,0.163416536194968,2115069,1.5032
3623,430.0,341.0,0.1633348279268705,2115775,3.0020
3624,410.0,343.1,0.1632531605129071,2116416,0.5376
3625,570.0,347.55,0.16317153393265063,2117275,3.0533
3626,485.0,349.85,0.1630899481656843,2118022,3.7025
3627,440.0,351.8,0.16300840319160148,2118759,0.7291
3628,290.0,353.75,0.16292689899000568,2119407,0.5457
3629,370.0,352.5,0.16284543554051067,2119973,1.1947
3630,210.0,350.05,0.16276401282274042,2120546,1.2424
3631,685.0,353.6,0.16268263081632905,2121309,1.2213
3632,125.0,350.4,0.1626012895009209,2121598,0.7646
3633,170.0,350.0,0.16251998885617044,2122029,0.6694
3634,820.0,353.9,0.16243872886174238,2122798,1.1166
3635,300.0,353.7,0.1623575094973115,2123464,0.7569
3636,420.0,353.75,0.16227633074256287,2124062,0.8593
3637,220.0,352.6,0.1621951925771916,2124575,1.2036
3638,165.0,350.2,0.162114094980903,2125181,1.1335
3639,490.0,350.9,0.16203303793341256,2126099,1.1382
3640,400.0,351.8,0.16195202141444587,2126697,1.5584
3641,485.0,355.1,0.16187104540373864,2127437,2.4613
3642,355.0,355.45,0.1617901098810368,2128140,0.5697
3643,475.0,356.9,0.16170921482609626,2128902,1.6143
3644,185.0,354.05,0.16162836021868324,2129282,0.4744
3645,335.0,354.1,0.1615475460385739,2129805,1.7687
3646,100.0,350.7,0.16146677226555464,2130070,0.6586
3647,285.0,350.45,0.16138603887942188,2130721,0.6024
3648,150.0,349.4,0.16130534585998219,2131088,0.3381
3649,600.0,352.5,0.1612246931870522,2132056,1.5340
3650,405.0,353.25,0.1611440808404587,2132744,1.5339
3651,230.0,350.4,0.16106350880003847,2133190,1.9600
3652,255.0,348.15,0.16098297704563846,2133693,0.5504
3653,400.0,348.25,0.16090248555711564,2134490,0.9453
3654,160.0,344.7,0.1608220343143371,2134938,2.1786
3655,420.0,344.0,0.16074162329717992,2135771,0.6327
3656,260.0,342.1,0.16066125248553134,2136323,1.7959
3657,370.0,341.35,0.16058092185928857,2137033,1.4774
3658,335.0,341.6,0.16050063139835893,2137639,0.7538
3659,225.0,339.0,0.16042038108265977,2138241,1.9002
3660,255.0,338.9,0.16034017089211844,2138765,0.4902
3661,105.0,336.15,0.16026000080667238,2139065,0.4838
3662,245.0,335.4,0.16017987080626905,2139584,2.2769
3663,125.0,336.05,0.16009978087086593,2139873,0.7694
3664,125.0,333.85,0.1600197309804305,2140154,0.3294
3665,80.0,333.15,0.15993972111494031,2140436,0.6917
3666,340.0,333.3,0.15985975125438284,2141029,0.4403
3667,330.0,333.1,0.15977982137875565,2141632,0.7711
3668,125.0,333.0,0.1596999314680663,2141941,0.9654
3669,230.0,334.1,0.15962008150233228,2142310,1.1214
3670,230.0,333.0,0.15954027146158112,2142721,1.0018
3671,175.0,332.95,0.15946050132585032,2143235,3.9555
3672,315.0,332.4,0.15938077107518742,2143702,2.4137
3673,365.0,332.6,0.15930108068964982,2144369,0.5411
3674,160.0,331.15,0.159221430149305,2144850,1.3082
3675,170.0,329.65,0.15914181943423036,2145318,0.9952
3676,335.0,330.05,0.15906224852451326,2145851,1.8116
3677,405.0,330.25,0.158982717400251,2146519,4.3025
3678,225.0,329.0,0.15890322604155088,2146905,1.1605
3679,485.0,331.3,0.15882377442853013,2147748,0.4968
3680,260.0,330.15,0.15874436254131588,2148313,0.6779
3681,310.0,329.55,0.15866499036004522,2148917,0.5280
3682,455.0,328.65,0.1585856578648652,2149713,2.0238
3683,550.0,330.9,0.15850636503593277,2150466,0.9802
3684,460.0,329.15,0.15842711185341482,2151074,2.5285
3685,230.0,328.1,0.15834789829748813,2151532,0.7994
3686,250.0,328.5,0.15826872434833938,2152001,1.6166
3687,260.0,327.65,0.15818958998616522,2152546,1.8468
3688,700.0,331.95,0.15811049519117215,2153416,3.8126
3689,550.0,336.2,0.15803143994357657,2154018,1.1728
3690,230.0,335.2,0.15795242422360478,2154452,0.4455
3691,265.0,334.7,0.157873448011493,2154918,1.7250
3692,305.0,334.75,0.15779451128748725,2155391,1.6380
3693,465.0,333.8,0.15771561403184353,2155989,1.3079
3694,265.0,332.65,0.15763675622482762,2156599,1.2818
3695,345.0,334.35,0.1575579378467152,2157058,0.6501
3696,360.0,335.95,0.15747915887779185,2157724,1.7022
3697,310.0,335.7,0.15740041929835297,2158167,1.2869
3698,330.0,331.8,0.1573217190887038,2158823,0.4945
3699,520.0,334.35,0.15724305822915946,2159684,1.3834
3700,450.0,336.6,0.1571644367000449,2160554,0.4671
3701,180.0,335.3,0.15708585448169488,2161008,0.4866
3702,230.0,332.6,0.15700731155445405,2161382,0.6923
3703,330.0,333.95,0.15692880789867683,2161932,0.9552
3704,450.0,332.35,0.1568503434947275,2162862,1.8635
3705,445.0,333.9,0.15677191832298015,2163501,2.4637
3706,170.0,330.45,0.15669353236381867,2163988,1.6019
3707,125.0,329.65,0.15661518559763676,2164292,0.8265
3708,230.0,329.8,0.15653687800483795,2164693,0.6776
3709,640.0,331.35,0.15645860956583554,2165324,0.5053
3710,305.0,329.3,0.15638038026105264,2165956,0.4376
3711,185.0,328.4,0.1563021900709221,2166321,1.1660
3712,370.0,327.45,0.15622403897588666,2166961,4.1489
3713,350.0,328.25,0.15614592695639873,2167472,0.6997
3714,790.0,332.35,0.15606785399292053,2168399,0.4840
3715,420.0,334.7,0.15598982006592407,2169062,1.9873
3716,390.0,336.6,0.1559118251558911,2169683,0.3803
3717,495.0,337.8,0.15583386924331316,2170609,0.5643
3718,540.0,340.9,0.15575595230869152,2171501,2.1686
3719,415.0,340.45,0.1556780743325372,2172168,4.9625
3720,425.0,340.8,0.15560023529537093,2173048,1.6832
3721,325.0,341.4,0.15552243517772324,2173591,1.6909
3722,265.0,338.0,0.1554446739601344,2174228,0.5977
3723,545.0,339.15,0.15536695162315434,2175095,0.7252
3724,435.0,339.4,0.15528926814734276,2175707,1.3058
3725,335.0,337.05,0.1552116235132691,2176295,3.4279
3726,210.0,334.3,0.15513401770151247,2176850,0.3539
3727,320.0,333.1,0.15505645069266172,2177402,1.2341
3728,355.0,333.75,0.1549789224673154,2178017,1.2557
3729,405.0,334.1,0.15490143300608175,2178854,3.4814
3730,310.0,335.1,0.15482398228957872,2179428,3.1752
3731,65.0,328.9,0.15474657029843394,2179820,0.2837
3732,445.0,332.1,0.15466919701328474,2180477,0.7019
3733,310.0,333.5,0.1545918624147781,2180968,1.6320
3734,290.0,328.2,0.1545145664835707,2181519,0.9028
3735,270.0,327.9,0.15443730920032891,2182056,0.7568
3736,300.0,326.7,0.15436009054572875,2182679,1.6144
3737,470.0,329.2,0.1542829105004559,2183370,0.5581
3738,345.0,331.0,0.15420576904520567,2183968,1.8248
3739,295.0,329.05,0.15412866616068308,2184500,0.6194
3740,450.0,329.55,0.15405160182760275,2185240,3.5962
3741,215.0,326.85,0.15397457602668896,2185750,1.1658
3742,290.0,326.2,0.15389758873867562,2186327,0.9124
3743,100.0,322.45,0.15382063994430628,2186607,0.5553
3744,155.0,322.15,0.15374372962433414,2186979,2.4356
3745,265.0,321.45,0.15366685775952196,2187576,0.7297
3746,415.0,324.6,0.1535900243306422,2188268,0.9475
3747,395.0,325.7,0.15351322931847688,2189097,0.2782
3748,435.0,328.55,0.15343647270381766,2189787,0.5691
3749,400.0,326.55,0.15335975446746575,2190431,2.4051
3750,430.0,326.8,0.15328307459023202,2191063,0.5322
3751,470.0,329.2,0.1532064330529369,2191992,0.4062
3752,555.0,332.2,0.15312982983641044,2192795,0.6283
3753,450.0,332.7,0.15305326492149224,2193465,1.1578
3754,345.0,334.55,0.1529767382890315,2193995,1.2027
3755,200.0,332.35,0.152900249919887,2194681,0.9880
3756,390.0,333.65,0.15282379979492705,2195333,1.5580
3757,245.0,332.4,0.1527473878950296,2195849,0.7937
3758,175.0,330.8,0.1526710142010821,2196356,0.6889
3759,225.0,330.8,0.15259467869398155,2196857,0.8170
3760,340.0,331.65,0.15251838135463458,2197410,1.5756
3761,600.0,336.6,0.15244212216395728,2198391,0.4849
3762,620.0,340.35,0.15236590110287532,2199046,1.7964
3763,140.0,340.5,0.1522897181523239,2199526,0.4816
3764,385.0,343.1,0.15221357329324775,2200126,0.9432
3765,140.0,343.7,0.15213746650660112,2200641,0.4486
3766,380.0,344.1,0.15206139777334782,2201233,0.7300
3767,305.0,343.85,0.15198536707446114,2201905,2.6999
3768,70.0,343.3,0.15190937439092392,2202197,0.6375
3769,270.0,343.7,0.15183341970372846,2202677,1.1611
3770,215.0,343.55,0.1517575029938766,2203479,1.9713
3771,345.0,345.25,0.1516816242423797,2204090,0.5249
3772,235.0,344.45,0.15160578343025852,2204533,0.9753
3773,225.0,343.05,0.15152998053854339,2205015,1.5385
3774,370.0,345.15,0.15145421554827412,2205653,1.3180
3775,190.0,345.35,0.1513784884405,2206161,0.7365
3776,350.0,345.5,0.15130279919627976,2206768,0.6371
3777,280.0,344.25,0.15122714779668162,2207338,0.8968
3778,110.0,343.1,0.1511515342227833,2207764,1.4355
3779,200.0,340.25,0.1510759584556719,2208240,0.7485
3780,390.0,341.55,0.15100042047644407,2208785,0.6012
3781,180.0,340.25,0.15092492026620585,2209477,3.6387
3782,300.0,338.7,0.15084945780607276,2210039,0.6775
3783,375.0,336.95,0.15077403307716972,2210601,1.6607
3784,365.0,336.0,0.15069864606063113,2211249,0.4286
3785,255.0,336.25,0.15062329673760083,2211716,0.9623
3786,250.0,336.25,0.15054798508923203,2212138,1.4667
3787,575.0,339.4,0.15047271109668742,2212933,0.4154
3788,530.0,337.7,0.15039747474113907,2213575,2.9061
3789,360.0,335.8,0.15032227600376852,2214262,0.4046
3790,125.0,334.75,0.15024711486576664,2214674,0.4611
3791,360.0,335.7,0.15017199130833375,2215379,0.7575
3792,375.0,336.4,0.1500969053126796,2215990,0.9105
3793,335.0,335.1,0.15002185686002328,2216545,0.6849
3794,235.0,334.8,0.14994684593159327,2217065,0.4913
3795,305.0,334.4,0.1498718725086275,2217718,1.4610
3796,445.0,335.25,0.1497969365723732,2218394,0.6343
3797,545.0,337.6,0.14972203810408702,2219003,0.5271
3798,355.0,337.85,0.14964717708503497,2219580,2.3471
3799,755.0,340.2,0.14957235349649245,2220636,3.8790
3800,385.0,339.55,0.1494975673197442,2221302,1.7184
3801,375.0,341.5,0.14942281853608433,2221994,0.6898
3802,335.0,342.55,0.1493481071268163,2222517,0.7546
3803,270.0,341.95,0.1492734330732529,2222995,3.0307
3804,275.0,340.2,0.14919879635671626,2223566,1.7569
3805,560.0,341.35,0.1491241969585379,2224203,1.3385
3806,600.0,345.65,0.14904963486005865,2225024,0.6439
3807,395.0,348.35,0.14897511004262862,2225834,2.0612
3808,175.0,347.8,0.1489006224876073,2226240,0.9750
3809,145.0,342.85,0.1488261721763635,2226703,0.9179
3810,420.0,344.0,0.14875175909027535,2227361,0.2215
3811,290.0,345.05,0.14867738321073024,2227856,0.4860
3812,800.0,349.35,0.14860304451912487,2228877,2.9934
3813,135.0,347.2,0.1485287429968653,2229394,1.0586
3814,545.0,344.75,0.14845447862536687,2230081,1.8158
3815,290.0,343.45,0.1483802513860542,2231007,1.0771
3816,365.0,343.2,0.1483060612603612,2231691,1.8103
3817,520.0,343.45,0.148231908229731,2232632,1.1314
3818,830.0,346.35,0.14815779227561615,2233787,1.7670
3819,300.0,345.2,0.14808371337947834,2234341,0.7852
3820,420.0,345.15,0.1480096715227886,2235129,3.4480
3821,340.0,345.3,0.1479356666870272,2235806,1.3533
3822,335.0,346.0,0.1478616988536837,2236458,1.4191
3823,290.0,343.45,0.14778776800425686,2236984,1.3215
3824,315.0,342.25,0.14771387412025475,2237501,0.8434
3825,175.0,340.65,0.14764001718319464,2237869,1.5946
3826,440.0,342.95,0.14756619717460304,2238703,1.6037
3827,325.0,343.0,0.14749241407601574,2239261,1.7308
3828,335.0,342.8,0.14741866786897773,2239810,0.7572
3829,80.0,339.55,0.14734495853504326,2240102,0.9922
3830,265.0,339.1,0.14727128605577575,2240550,2.6013
3831,420.0,342.65,0.14719765041274788,2241198,0.8097
3832,470.0,342.9,0.14712405158754152,2241789,0.7163
3833,355.0,343.35,0.14705048956174777,2242603,1.6255
3834,465.0,345.1,0.1469769643169669,2243379,2.0340
3835,310.0,345.5,0.14690347583480845,2244101,0.5768
3836,395.0,346.45,0.14683002409689105,2244774,2.9303
3837,80.0,342.55,0.14675660908484262,2245049,0.6239
3838,490.0,344.0,0.1466832307803002,2245853,1.2612
3839,355.0,344.6,0.14660988916491008,2246658,0.7029
3840,450.0,344.6,0.14653658422032764,2247463,1.1284
3841,355.0,346.0,0.14646331592821749,2248142,1.0259
3842,645.0,349.55,0.14639008427025338,2249028,1.0941
3843,395.0,352.5,0.14631688922811825,2249722,1.1090
3844,605.0,357.0,0.1462437307835042,2250685,1.1573
3845,260.0,356.95,0.14617060891811245,2251305,1.3994
3846,230.0,355.1,0.1460975236136534,2251755,0.9018
3847,165.0,352.8,0.14602447485184658,2252431,2.4342
3848,720.0,355.65,0.14595146261442066,2253239,2.3266
3849,680.0,358.45,0.14587848688311345,2254078,2.4222
3850,245.0,356.6,0.1458055476396719,2254602,0.6601
3851,435.0,356.25,0.14573264486585208,2255366,2.5458
3852,255.0,353.25,0.14565977854341916,2256046,0.5085
3853,230.0,351.05,0.14558694865414745,2256659,0.6101
3854,395.0,351.55,0.1455141551798204,2257297,0.7707
3855,285.0,352.4,0.14544139810223047,2257842,0.9394
3856,315.0,351.65,0.14536867740317935,2258278,2.3227
3857,545.0,354.65,0.14529599306447777,2259298,0.6349
3858,205.0,354.95,0.14522334506794554,2259666,0.5596
3859,100.0,353.7,0.14515073339541157,2259958,1.7679
3860,570.0,356.0,0.14507815802871388,2260817,3.3004
3861,320.0,353.2,0.14500561894969952,2261409,1.3348
3862,695.0,353.95,0.14493311614022467,2262441,1.9636
3863,510.0,357.65,0.14486064958215455,2263060,0.6540
3864,180.0,355.6,0.1447882192573635,2263463,1.2282
3865,350.0,357.7,0.14471582514773482,2264104,0.9387
3866,195.0,355.85,0.14464346723516094,2264601,1.1177
3867,235.0,355.15,0.14457114550154337,2265312,0.3560
3868,670.0,361.15,0.1444988599287926,2266159,0.6533
3869,625.0,364.7,0.1444266104988282,2266939,0.6633
3870,495.0,367.5,0.14435439719357882,2267709,0.8691
3871,335.0,367.4,0.14428221999498203,2268294,0.8241
3872,425.0,369.3,0.14421007888498455,2268943,3.2572
3873,370.0,370.75,0.14413797384554206,2269556,2.0752
3874,360.0,370.65,0.14406590485861928,2270260,2.0302
3875,400.0,372.75,0.14399387190618998,2270957,0.9712
3876,545.0,374.7,0.1439218749702369,2271595,1.2888
3877,545.0,377.35,0.1438499140327518,2272259,1.1623
3878,435.0,380.6,0.14377798907573544,2273050,0.5052
3879,305.0,381.65,0.14370610008119758,2273641,0.4247
3880,320.0,380.95,0.143634247031157,2274203,1.8670
3881,225.0,381.4,0.14356242990764143,2274644,1.1381
3882,465.0,383.05,0.1434906486926876,2275432,1.0203
3883,320.0,382.5,0.14341890336834126,2276002,0.8696
3884,590.0,384.75,0.1433471939166571,2276654,0.6926
3885,605.0,388.25,0.14327552031969878,2277494,0.5556
3886,480.0,390.55,0.14320388255953895,2278428,3.7064
3887,270.0,387.5,0.1431322806182592,2279135,2.8760
3888,500.0,387.2,0.14306071447795007,2279917,0.4961
3889,365.0,387.25,0.1429891841207111,2280457,0.5037
3890,305.0,389.05,0.14291768952865075,2281015,1.1374
3891,395.0,389.4,0.14284623068388644,2281789,1.2378
3892,235.0,388.0,0.1427748075685445,2282315,1.2041
3893,340.0,388.05,0.14270342016476023,2282865,1.2482
3894,385.0,389.55,0.14263206845467785,2283638,0.8291
3895,770.0,394.2,0.14256075242045052,2284647,1.3044
3896,150.0,391.25,0.1424894720442403,2284938,0.5231
3897,365.0,389.45,0.1424182273082182,2285531,0.6702
3898,290.0,388.8,0.1423470181945641,2285999,2.6219
3899,495.0,386.2,0.14227584468546683,2286702,0.9288
3900,335.0,385.7,0.1422047067631241,2287330,0.7440
3901,245.0,384.4,0.14213360440974254,2287775,1.6796
3902,290.0,383.95,0.14206253760753768,2288398,0.6783
3903,725.0,388.5,0.14199150633873392,2289300,1.3751
3904,390.0,389.65,0.14192051058556457,2289933,1.4707
3905,415.0,388.2,0.1418495503302718,2290637,1.3405
3906,445.0,386.65,0.14177862555510667,2291403,0.5864
3907,440.0,387.1,0.14170773624232913,2292170,0.8679
3908,335.0,388.7,0.14163688237420796,2292815,1.5423
3909,500.0,392.25,0.14156606393302087,2293729,0.8301
3910,430.0,392.35,0.14149528090105437,2294590,1.3601
3911,255.0,392.0,0.14142453326060386,2295146,0.8942
3912,365.0,387.65,0.14135382099397356,2295847,0.4987
3913,125.0,387.55,0.1412831440834766,2296137,0.4097
3914,265.0,384.75,0.14121250251143486,2296648,1.2484
3915,250.0,384.35,0.14114189626017914,2297328,3.1095
3916,295.0,383.65,0.14107132531204905,2297977,1.5285
3917,750.0,385.95,0.14100078964939303,2298958,0.8929
3918,330.0,380.95,0.14093028925456833,2299609,0.5757
3919,390.0,381.85,0.14085982410994105,2300264,0.9029
3920,365.0,381.3,0.14078939419788608,2300925,0.3910
3921,255.0,380.45,0.14071899950078715,2301434,0.8015
3922,125.0,378.35,0.14064864000103677,2301716,0.6213
3923,180.0,377.25,0.14057831568103626,2302113,1.5115
3924,385.0,377.95,0.14050802652319574,2302740,1.0099
3925,205.0,378.25,0.14043777250993417,2303213,0.4495
3926,300.0,376.85,0.1403675536236792,2303885,1.1458
3927,340.0,377.0,0.14029736984686736,2304470,1.1671
3928,255.0,376.2,0.14022722116194394,2304940,0.5109
3929,320.0,378.6,0.14015710755136299,2305584,1.4148
3930,520.0,381.15,0.14008702899758732,2306270,0.3129
3931,275.0,379.7,0.14001698548308852,2306888,0.4369
3932,390.0,378.9,0.139946976990347,2307489,1.1623
3933,410.0,379.45,0.13987700350185184,2308202,1.2889
3934,205.0,376.85,0.13980706500010093,2308716,0.6590
3935,555.0,379.3,0.13973716146760087,2309319,0.8854
3936,310.0,378.45,0.13966729288686708,2309913,0.8648
3937,125.0,378.9,0.13959745924042366,2310193,1.5870
3938,290.0,376.9,0.13952766051080345,2310751,0.4166
3939,260.0,375.95,0.13945789668054806,2311312,2.0957
3940,245.0,373.9,0.1393881677322078,2311930,1.3112
3941,310.0,373.45,0.1393184736483417,2312533,0.6870
3942,200.0,369.0,0.13924881441151754,2312904,3.6103
3943,400.0,369.05,0.13917919000431178,2313514,0.9338
3944,260.0,365.6,0.13910960040930964,2314060,0.7597
3945,230.0,365.3,0.139040045609105,2314498,0.8124
3946,380.0,366.8,0.13897052558630044,2315148,1.1113
3947,420.0,369.35,0.13890104032350728,2315788,3.0962
3948,155.0,363.7,0.13883158980334553,2316217,2.0630
3949,315.0,360.05,0.13876217400844387,2316782,2.4134
3950,325.0,360.85,0.13869279292143966,2317523,0.6748
3951,470.0,361.2,0.13862344652497893,2318449,0.2922
3952,320.0,361.85,0.13855413480171644,2319103,1.8349
3953,300.0,362.55,0.1384848577343156,2319830,0.9453
3954,805.0,366.65,0.13841561530544844,2320799,2.2325
3955,340.0,367.2,0.13834640749779573,2321473,1.0396
3956,285.0,366.9,0.13827723429404684,2321909,0.4623
3957,605.0,367.5,0.13820809567689982,2322710,3.8577
3958,175.0,367.2,0.13813899162906138,2323073,0.7258
3959,300.0,369.2,0.13806992213324684,2323678,1.2019
3960,365.0,367.15,0.13800088717218023,2324196,0.7141
3961,270.0,366.65,0.13793188672859416,2324754,0.9714
3962,310.0,362.8,0.13786292078522988,2325261,0.6742
3963,490.0,362.6,0.13779398932483727,2326006,1.0437
3964,395.0,364.75,0.13772509233017485,2326669,0.4150
3965,390.0,365.15,0.13765622978400976,2327550,1.1992
3966,590.0,369.1,0.13758740166911776,2328267,0.5155
3967,290.0,369.65,0.13751860796828322,2329068,1.1029
3968,495.0,367.9,0.13744984866429907,2329996,3.5846
3969,565.0,367.3,0.13738112373996694,2330593,1.2987
3970,150.0,363.85,0.13731243317809697,2330892,0.8003
3971,215.0,362.65,0.1372437769615079,2331351,1.6179
3972,80.0,359.2,0.13717515507302716,2331632,2.6562
3973,235.0,357.85,0.13710656749549066,2332171,0.6257
3974,330.0,357.55,0.13703801421174291,2332744,0.6034
3975,250.0,356.05,0.13696949520463705,2333360,1.0739
3976,385.0,354.45,0.13690101045703473,2334012,0.5109
3977,285.0,351.85,0.1368325599518062,2334500,1.0844
3978,520.0,352.7,0.13676414367183032,2335195,1.3345
3979,465.0,354.3,0.13669576159999441,2335952,2.7305
3980,175.0,352.85,0.13662741371919443,2336386,0.8875
3981,350.0,354.1,0.13655910001233484,2337155,0.7666
3982,265.0,352.1,0.1364908204623287,2337880,3.1060
3983,425.0,353.15,0.13642257505209754,2338618,0.4995
3984,170.0,348.95,0.1363543637645715,2339006,0.4616
3985,405.0,346.95,0.1362861865826892,2339663,1.6575
3986,125.0,343.4,0.13621804348939787,2339944,0.7911
3987,410.0,344.8,0.13614993446765317,2340532,0.7828
3988,395.0,343.75,0.13608185950041934,2341143,0.4359
3989,385.0,343.95,0.13601381857066913,2341814,1.2415
3990,440.0,345.3,0.1359458116613838,2342631,0.7660
3991,205.0,343.4,0.13587783875555312,2343066,0.5684
3992,225.0,343.3,0.13580989983617536,2343640,0.9142
3993,205.0,341.95,0.1357419948862573,2344010,0.3967
3994,385.0,341.95,0.13567412388881417,2344645,0.7029
3995,200.0,336.25,0.13560628682686976,2345025,0.5710
3996,230.0,337.05,0.13553848368345633,2345407,0.8633
3997,380.0,337.2,0.13547071444161463,2346133,0.3794
3998,330.0,337.6,0.13540297908439383,2346753,2.7030
3999,240.0,335.05,0.13533527759485164,2347380,1.4462
4000,850.0,340.2,0.13526760995605422,2348961,2.9167
4001,245.0,340.2,0.1351999761510762,2349350,0.3804
4002,365.0,340.95,0.13513237616300067,2349913,1.7307
4003,265.0,336.35,0.13506480997491918,2350543,1.0105
4004,285.0,335.3,0.13499727756993174,2351129,1.6573
4005,200.0,333.15,0.13492977893114677,2351569,0.9184
4006,385.0,332.55,0.1348623140416812,2352211,1.0182
4007,410.0,332.25,0.13479488288466038,2352925,1.2882
4008,365.0,332.55,0.13472748544321805,2353422,1.0135
4009,240.0,329.95,0.13466012170049646,2353836,0.7512
4010,330.0,328.95,0.13459279163964621,2354482,0.5512
4011,385.0,330.25,0.1345254952438264,2355077,1.7942
4012,270.0,329.3,0.1344582324962045,2355583,1.4504
4013,155.0,329.6,0.1343910033799564,2356103,0.8432
4014,430.0,331.25,0.13432380787826645,2356847,1.5255
4015,225.0,331.0,0.13425664597432732,2357258,0.8290
4016,450.0,332.55,0.13418951765134016,2358051,0.8013
4017,335.0,328.4,0.1341224228925145,2358594,0.5328
4018,555.0,330.65,0.13405536168106824,2359335,0.9069
4019,335.0,330.1,0.13398833400022772,2359890,1.1483
4020,455.0,331.0,0.13392133983322763,2360624,0.8678
4021,235.0,330.8,0.13385437916331103,2361221,1.6571
4022,225.0,331.8,0.13378745197372938,2361900,0.8883
4023,200.0,332.0,0.1337205582477425,2362270,0.3901
4024,225.0,330.4,0.13365369796861865,2362767,3.3382
4025,285.0,331.2,0.13358687111963435,2363247,1.3323
4026,265.0,330.85,0.13352007768407453,2363713,1.0422
4027,685.0,334.3,0.1334533176452325,2364707,3.1597
4028,285.0,334.6,0.1333865909864099,2365262,1.1359
4029,390.0,335.3,0.1333198976909167,2365921,0.7986
4030,450.0,334.6,0.13325323774207126,2366589,0.9602
4031,130.0,333.15,0.13318661112320024,2366992,0.6093
4032,315.0,332.4,0.13312001781763866,2367671,0.3502
4033,385.0,332.15,0.13305345780872985,2368343,0.6145
4034,290.0,333.0,0.13298693107982548,2368893,0.9900
4035,330.0,330.75,0.13292043761428557,2369470,2.2583
4036,195.0,329.6,0.13285397739547844,2369843,0.9845
4037,245.0,330.8,0.1327875504067807,2370332,2.1167
4038,350.0,331.4,0.13272115663157733,2370927,0.7094
4039,125.0,330.05,0.13265479605326155,2371351,1.5371
4040,195.0,329.55,0.13258846865523494,2371886,1.3073
4041,235.0,328.8,0.13252217442090733,2372430,1.4400
4042,385.0,330.65,0.13245591333369688,2373148,3.1091
4043,670.0,333.35,0.13238968537703005,2373910,0.7713
4044,490.0,335.65,0.13232349053434156,2374623,0.4212
4045,335.0,336.7,0.1322573287890744,2375322,0.2071
4046,320.0,336.1,0.13219120012467986,2376153,0.5642
4047,255.0,334.45,0.13212510452461754,2376724,3.5325
4048,340.0,336.3,0.13205904197235524,2377237,0.3103
4049,340.0,336.55,0.13199301245136907,2377811,0.7472
4050,345.0,336.75,0.1319270159451434,2378484,1.7314
4051,320.0,335.25,0.13186105243717083,2379030,0.7014
4052,380.0,335.85,0.13179512191095225,2379925,1.1547
4053,740.0,340.25,0.1317292243499968,2380681,0.9409
4054,490.0,337.1,0.13166335973782178,2381325,1.7413
4055,100.0,334.7,0.13159752805795288,2381613,1.0415
4056,415.0,336.0,0.13153172929392393,2382257,0.5015
4057,370.0,333.65,0.13146596342927697,2382973,1.4067
4058,440.0,336.3,0.13140023044756233,2383682,0.6258
4059,440.0,337.7,0.13133453033233855,2384345,0.4078
4060,175.0,335.8,0.1312688630671724,2384718,0.5279
4061,500.0,338.1,0.13120322863563882,2385545,0.6085
4062,415.0,339.15,0.131137627021321,2386173,0.3666
4063,320.0,337.45,0.13107205820781034,2386888,0.4584
4064,305.0,336.55,0.13100652217870645,2387509,0.5887
4065,215.0,334.8,0.1309410189176171,2387995,0.6465
4066,220.0,331.1,0.13087554840815832,2388439,0.4772
4067,445.0,332.65,0.13081011063395426,2389154,1.1944
4068,235.0,330.05,0.1307447055786373,2389797,3.8323
4069,235.0,326.75,0.130679333225848,2390263,0.3266
4070,280.0,328.05,0.13061399355923506,2390847,1.0662
4071,285.0,328.75,0.13054868656245544,2391458,1.4273
4072,310.0,331.05,0.13048341221917423,2392151,3.0189
4073,650.0,335.2,0.13041817051306465,2393064,1.1389
4074,535.0,337.25,0.1303529614278081,2393662,1.5748
4075,395.0,338.7,0.13028778494709423,2394409,1.1114
4076,245.0,337.3,0.1302226410546207,2394879,1.4561
4077,200.0,336.45,0.1301575297340934,2395244,0.4624
4078,305.0,334.3,0.13009245096922636,2395754,1.0583
4079,250.0,332.15,0.13002740474374175,2396301,0.8844
4080,350.0,333.9,0.1299623910413699,2396957,0.5973
4081,335.0,333.75,0.12989740984584922,2397483,0.7074
4082,365.0,334.75,0.1298324611409263,2398193,0.6007
4083,600.0,336.5,0.12976754491035586,2399166,1.2778
4084,200.0,336.8,0.1297026611379007,2399540,2.1895
4085,325.0,336.0,0.12963780980733175,2400305,0.8893
4086,610.0,340.85,0.1295729909024281,2400898,2.5187
4087,310.0,339.85,0.12950820440697688,2401465,0.4331
4088,280.0,338.7,0.12944345030477342,2402033,0.8682
4089,440.0,339.25,0.12937872857962104,2402735,0.5208
4090,315.0,338.0,0.12931403921533124,2403173,1.2794
4091,405.0,340.0,0.12924938219572357,2403813,0.9722
4092,350.0,341.25,0.1291847575046257,2404483,1.5206
4093,340.0,342.6,0.1291201651258734,2405128,0.8546
4094,360.0,342.35,0.12905560504331048,2405741,1.4697
4095,330.0,343.65,0.12899107724078884,2406390,0.5235
4096,260.0,343.95,0.12892658170216845,2406894,3.0206
4097,110.0,341.25,0.12886211841131737,2407173,0.3403
4098,495.0,342.9,0.12879768735211172,2407794,0.3312
4099,125.0,341.75,0.12873328850843568,2408077,1.1289
4100,230.0,335.55,0.12866892186418147,2408523,0.3488
4101,475.0,337.85,0.12860458740324937,2409357,2.0669
4102,325.0,337.45,0.12854028510954776,2409890,2.9743
4103,185.0,336.65,0.12847601496699299,2410265,0.3885
4104,685.0,340.65,0.1284117769595095,2411231,0.6087
4105,380.0,342.45,0.12834757107102976,2411986,1.0401
4106,370.0,342.3,0.12828339728549426,2412702,1.1337
4107,420.0,342.4,0.12821925558685152,2413527,1.0843
4108,370.0,342.45,0.1281551459590581,2414041,0.7519
4109,290.0,342.95,0.1280910683860786,2414750,1.2337
4110,290.0,342.55,0.12802702285188555,2415354,0.9835
4111,520.0,343.9,0.12796300934045962,2415976,1.4893
4112,500.0,346.2,0.1278990278357894,2416803,0.7355
4113,200.0,346.65,0.12783507832187152,2417237,1.3967
4114,315.0,345.5,0.12777116078271059,2417792,1.7933
4115,380.0,347.05,0.12770727520231923,2418389,1.4392
4116,375.0,346.3,0.12764342156471808,2419067,3.0048
4117,260.0,345.55,0.12757959985393574,2419613,3.3455
4118,410.0,344.1,0.12751581005400878,2420260,0.9699
4119,445.0,345.2,0.12745205214898178,2420986,0.6274
4120,235.0,343.0,0.1273883261229073,2421492,3.3729
4121,430.0,344.95,0.12732463195984584,2422297,0.4799
4122,325.0,345.95,0.1272609696438659,2422966,0.9469
4123,530.0,349.25,0.127197339159044,2423663,0.4970
4124,325.0,350.25,0.12713374048946446,2424151,3.7674
4125,630.0,353.7,0.12707017361921974,2424747,4.1798
4126,280.0,353.85,0.12700663853241015,2425307,0.5101
4127,330.0,350.3,0.12694313521314396,2425972,0.7782
4128,310.0,350.55,0.1268796636455374,2426561,0.6258
4129,300.0,349.65,0.12681622381371466,2427156,1.5567
4130,770.0,352.85,0.1267528157018078,2428151,0.5883
4131,335.0,354.9,0.1266894392939569,2428818,4.7545
4132,335.0,355.1,0.12662609457430993,2429437,0.8477
4133,260.0,353.85,0.12656278152702277,2429812,0.5129
4134,220.0,353.15,0.12649950013625927,2430373,0.6612
4135,320.0,353.05,0.12643625038619113,2431019,0.2868
4136,495.0,356.05,0.12637303226099805,2431567,1.1886
4137,675.0,360.35,0.12630984574486756,2432352,0.9607
4138,330.0,360.15,0.12624669082199513,2432921,0.5295
4139,280.0,361.7,0.12618356747658413,2433576,1.5187
4140,540.0,365.15,0.12612047569284585,2434398,0.3406
4141,420.0,367.0,0.12605741545499943,2435137,0.8782
4142,355.0,366.7,0.12599438674727195,2435774,0.5261
4143,335.0,363.35,0.12593138955389832,2436316,1.6850
4144,410.0,362.55,0.1258684238591214,2436968,0.5896
4145,420.0,363.4,0.12580548964719185,2437598,1.5052
4146,360.0,363.8,0.12574258690236825,2438237,1.0025
4147,305.0,364.3,0.12567971560891708,2438884,0.6807
4148,325.0,364.15,0.12561687575111263,2439415,0.4885
4149,465.0,365.4,0.1255540673132371,2440043,2.4412
4150,345.0,365.4,0.12549129027958048,2440547,0.9534
4151,335.0,365.55,0.1254285446344407,2441184,1.1247
4152,540.0,367.15,0.12536583036212348,2442106,1.3873
4153,435.0,364.1,0.12530314744694243,2442690,3.3844
4154,450.0,363.7,0.12524049587321898,2443540,0.7224
4155,385.0,366.55,0.12517787562528238,2444199,0.3813
4156,250.0,364.9,0.12511528668746974,2444748,0.5145
4157,350.0,364.7,0.125052729044126,2445349,0.5057
4158,355.0,363.85,0.12499020267960395,2446169,0.4881
4159,280.0,362.25,0.12492770757826416,2446839,0.3624
4160,260.0,363.1,0.12486524372447504,2447298,1.4325
4161,305.0,361.15,0.1248028111026128,2447811,0.4253
4162,355.0,360.55,0.1247404096970615,2448542,0.5680
4163,260.0,359.95,0.12467803949221298,2449084,0.9242
4164,210.0,359.0,0.12461570047246688,2449507,0.5133
4165,335.0,360.2,0.12455339262223065,2450099,0.8349
4166,125.0,359.25,0.12449111592591955,2450374,0.5544
4167,560.0,360.4,0.12442887036795659,2451016,0.4515
4168,125.0,359.3,0.12436665593277262,2451312,0.8007
4169,570.0,362.65,0.12430447260480623,2452101,1.6394
4170,775.0,367.6,0.12424232036850384,2453102,1.3114
4171,265.0,367.4,0.1241801992083196,2453552,1.0240
4172,150.0,365.8,0.12411810910871544,2453906,0.4376
4173,285.0,362.15,0.1240560500541611,2454356,1.1574
4174,295.0,359.75,0.12399402202913402,2454815,1.0451
4175,450.0,360.3,0.12393202501811947,2455455,0.9497
4176,290.0,360.75,0.12387005900561042,2456087,0.8353
4177,160.0,360.35,0.12380812397610762,2456665,1.2457
4178,360.0,360.9,0.12374621991411958,2457326,1.1528
4179,155.0,359.95,0.12368434680416253,2457866,1.5505
4180,475.0,361.2,0.12362250463076045,2458611,0.9916
4181,270.0,360.55,0.12356069337844508,2459158,3.0866
4182,435.0,361.25,0.12349891303175586,2459810,0.5269
4183,345.0,358.7,0.12343716357524,2460271,0.4149
4184,420.0,360.9,0.12337544499345239,2461119,2.4730
4185,465.0,362.3,0.12331375727095567,2462000,0.4269
4186,415.0,360.35,0.1232521003923202,2462935,0.6572
4187,500.0,362.25,0.12319047434212405,2463618,0.4605
4188,230.0,361.75,0.12312887910495299,2464097,1.9128
4189,415.0,361.5,0.12306731466540052,2464755,0.5401
4190,525.0,363.6,0.12300578100806783,2465530,0.9181
4191,320.0,362.75,0.12294427811756381,2466155,3.2697
4192,395.0,363.2,0.12288280597850504,2466782,0.8114
4193,300.0,362.8,0.12282136457551579,2467392,0.5049
4194,465.0,363.85,0.12275995389322804,2468041,0.3168
4195,385.0,364.4,0.12269857391628143,2468725,2.5459
4196,375.0,365.55,0.12263722462932329,2469354,0.6220
4197,270.0,367.15,0.12257590601700864,2469942,3.4209
4198,330.0,365.5,0.12251461806400014,2470517,0.6512
4199,380.0,368.05,0.12245336075496815,2471207,2.1911
4200,155.0,367.3,0.12239213407459068,2471589,0.5164
4201,405.0,366.6,0.12233093800755339,2472241,0.8970
4202,385.0,367.2,0.12226977253854962,2472877,0.5558
4203,555.0,370.9,0.12220863765228035,2473526,1.1633
4204,185.0,365.9,0.12214753333345421,2473981,0.4583
4205,225.0,364.35,0.12208645956678749,2474392,0.9744
4206,315.0,363.8,0.1220254163370041,2474938,2.8551
4207,445.0,364.05,0.12196440362883561,2475855,1.0768
4208,380.0,364.15,0.1219034214270212,2476439,0.4190
4209,210.0,363.35,0.12184246971630769,2476918,0.9063
4210,280.0,363.25,0.12178154848144954,2477461,1.1740
4211,185.0,359.9,0.12172065770720882,2477858,0.7025
4212,415.0,359.05,0.12165979737835522,2478504,0.7124
4213,535.0,362.4,0.12159896747966605,2479224,1.2700
4214,125.0,360.5,0.12153816799592622,2479504,0.4737
4215,155.0,358.25,0.12147739891192827,2479878,0.3990
4216,110.0,355.6,0.12141666021247231,2480161,1.1073
4217,305.0,356.05,0.12135595188236609,2480750,0.3501
4218,245.0,354.4,0.12129527390642492,2481321,0.9808
4219,95.0,350.9,0.12123462626947171,2481674,0.3328
4220,620.0,354.75,0.12117400895633698,2482363,0.3967
4221,275.0,353.2,0.12111342195185881,2482907,1.4272
4222,245.0,352.4,0.12105286524088289,2483307,0.5524
4223,360.0,350.7,0.12099233880826246,2483938,0.7886
4224,400.0,351.45,0.12093184263885834,2484600,2.7476
4225,285.0,348.0,0.12087137671753892,2485240,1.4191
4226,230.0,347.5,0.12081094102918016,2485702,0.8795
4227,100.0,345.2,0.12075053555866558,2485989,0.7721
4228,395.0,346.05,0.12069016029088625,2486781,0.9485
4229,300.0,346.05,0.12062981521074082,2487243,1.8931
4230,385.0,342.2,0.12056950030313546,2487906,2.1636
4231,340.0,342.25,0.1205092155529839,2488396,4.9929
4232,365.0,342.55,0.1204489609452074,2488980,1.9427
4233,520.0,345.15,0.1203887364647348,2489889,0.9881
4234,575.0,348.7,0.12032854209650244,2490808,1.1768
4235,110.0,346.6,0.1202683778254542,2491094,1.1620
4236,315.0,344.8,0.12020824363654148,2491796,1.5180
4237,770.0,345.75,0.12014813951472321,2492659,1.5964
4238,535.0,347.8,0.12008806544496585,2493350,0.6756
4239,215.0,347.15,0.12002802141224338,2493859,1.1576
4240,280.0,344.55,0.11996800740153726,2494454,1.3219
4241,345.0,343.8,0.1199080233978365,2495251,1.0313
4242,445.0,344.7,0.1198480693861376,2496092,1.7976
4243,410.0,345.45,0.11978814535144454,2496746,0.7957
4244,200.0,343.35,0.11972825127876882,2497177,1.0854
4245,510.0,344.25,0.11966838715312944,2498002,0.4518
4246,240.0,343.05,0.11960855295955289,2498598,2.0789
4247,570.0,345.7,0.11954874868307312,2499548,0.5641
4248,370.0,346.15,0.1194889743087316,2500160,0.4972
4249,135.0,342.85,0.11942922982157723,2500440,0.2227
4250,195.0,341.35,0.11936951520666646,2501009,0.5931
4251,355.0,341.55,0.11930983044906313,2501659,3.0477
4252,600.0,342.15,0.1192501755338386,2502796,0.4173
4253,440.0,342.2,0.11919055044607169,2503476,0.7739
4254,365.0,341.35,0.11913095517084865,2504153,0.7717
4255,685.0,344.35,0.11907138969326324,2504971,1.4586
4256,405.0,345.9,0.11901185399841661,2505668,1.0973
4257,140.0,343.8,0.11895234807141741,2506073,0.5905
4258,360.0,343.85,0.11889287189738171,2506669,0.8136
4259,425.0,345.3,0.11883342546143302,2507334,1.4708
4260,350.0,346.2,0.11877400874870231,2508101,0.5391
4261,430.0,347.45,0.11871462174432797,2508877,1.1278
4262,225.0,346.15,0.11865526443345581,2509352,0.4581
4263,390.0,347.45,0.11859593680123909,2510152,0.8011
4264,240.0,347.75,0.11853663883283848,2510600,0.4667
4265,340.0,347.8,0.11847737051342207,2511243,3.9548
4266,125.0,347.8,0.11841813182816537,2511524,1.1315
4267,600.0,348.2,0.1183589227622513,2512384,1.9217
4268,315.0,350.1,0.11829974330087017,2512949,1.4819
4269,325.0,347.65,0.11824059342921975,2513651,1.5759
4270,245.0,342.35,0.11818147313250514,2514203,2.5396
4271,315.0,342.85,0.11812238239593889,2514813,1.9575
4272,420.0,345.55,0.11806332120474093,2515392,0.4584
4273,600.0,348.7,0.11800428954413857,2516450,3.6566
4274,255.0,348.3,0.11794528739936651,2517025,1.1075
4275,640.0,350.2,0.11788631475566683,2517867,0.4563
4276,465.0,351.95,0.117827371598289,2518595,1.5519
4277,320.0,353.55,0.11776845791248987,2519234,2.7693
4278,345.0,353.4,0.11770957368353363,2519870,3.6495
4279,390.0,355.75,0.11765071889669187,2520512,0.4155
4280,360.0,354.6,0.11759189353724353,2521044,0.8630
4281,260.0,354.5,0.11753309759047491,2521593,0.6679
4282,570.0,355.85,0.11747433104167967,2522521,1.8260
4283,610.0,358.5,0.11741559387615884,2523164,1.5858
4284,440.0,358.7,0.11735688607922076,2524035,0.6387
4285,465.0,358.7,0.11729820763618116,2524658,0.5876
4286,570.0,360.25,0.11723955853236308,2525382,0.4956
4287,240.0,357.65,0.1171809387530969,2525854,1.2277
4288,215.0,357.5,0.11712234828372035,2526291,3.1414
4289,330.0,356.65,0.1170637871095785,2526808,0.4752
4290,270.0,354.1,0.11700525521602372,2527529,1.0600
4291,390.0,354.8,0.1169467525884157,2528264,1.5378
4292,340.0,354.25,0.1168882792121215,2528845,0.7101
4293,285.0,354.1,0.11682983507251544,2529276,3.1933
4294,255.0,352.0,0.1167714201549792,2529655,0.7619
4295,365.0,351.8,0.11671303444490172,2530254,0.6036
4296,370.0,351.75,0.11665467792767928,2530874,0.5132
4297,505.0,354.1,0.11659635058871544,2531456,0.8526
4298,380.0,354.6,0.11653805241342109,2532062,0.3878
4299,215.0,352.95,0.11647978338721439,2532616,1.1970
4300,340.0,354.8,0.1164215434955208,2533221,0.5334
4301,405.0,354.8,0.11636333272377304,2534070,2.7429
4302,245.0,353.4,0.11630515105741115,2534541,1.7111
4303,495.0,352.8,0.11624699848188245,2535367,0.4851
4304,350.0,354.45,0.11618887498264152,2535938,4.3688
4305,385.0,356.05,0.1161307805451502,2536650,0.4373
4306,355.0,356.45,0.11607271515487763,2537216,0.7314
4307,390.0,355.9,0.1160146787973002,2537883,0.9513
4308,290.0,355.0,0.11595667145790155,2538465,0.9686
4309,215.0,355.05,0.1158986931221726,2538980,0.5868
4310,390.0,356.15,0.11584074377561153,2539583,3.7651
4311,270.0,357.0,0.11578282340372373,2540102,1.3023
4312,270.0,355.55,0.11572493199202187,2540673,0.4322
4313,315.0,353.35,0.11566706952602586,2541223,0.6143
4314,375.0,355.85,0.11560923599126285,2541783,1.0720
4315,125.0,355.55,0.11555143137326723,2542066,1.1058
4316,460.0,359.05,0.1154936556575806,2543132,2.0703
4317,240.0,358.4,0.11543590882975181,2543795,0.6272
4318,530.0,361.25,0.11537819087533695,2544616,0.6860
4319,330.0,363.6,0.11532050177989929,2545252,0.5763
4320,180.0,359.2,0.11526284152900934,2545623,2.3537
4321,350.0,359.95,0.11520521010824485,2546266,1.5102
4322,415.0,361.65,0.11514760750319072,2546974,0.9393
4323,210.0,360.15,0.11509003369943914,2547331,0.5305
4324,305.0,359.2,0.11503248868258943,2547973,1.7900
4325,200.0,358.35,0.11497497243824814,2548336,1.8305
4326,235.0,358.4,0.11491748495202903,2548968,1.5842
4327,230.0,359.7,0.11486002620955302,2549441,1.8292
4328,315.0,358.9,0.11480259619644825,2550208,2.9529
4329,280.0,358.7,0.11474519489835004,2550712,0.6557
4330,350.0,358.35,0.11468782230090087,2551341,0.5733
4331,590.0,360.85,0.11463047838975042,2552094,0.7435
4332,365.0,360.85,0.11457316315055555,2552601,0.8410
4333,605.0,361.7,0.11451587656898027,2553607,1.1520
4334,365.0,359.6,0.11445861863069579,2554157,0.9161
4335,560.0,364.1,0.11440138932138044,2554804,1.3784
4336,390.0,364.85,0.11434418862671976,2555543,0.7969
4337,485.0,362.0,0.1142870165324064,2556257,0.7564
4338,225.0,358.9,0.1142298730241402,2556660,0.4375
4339,435.0,361.1,0.11417275808762814,2557377,0.7527
4340,315.0,361.45,0.11411567170858433,2558049,2.7825
4341,470.0,362.7,0.11405861387273004,2558801,2.1385
4342,290.0,361.15,0.11400158456579368,2559431,0.6736
4343,325.0,360.3,0.11394458377351079,2560170,1.0241
4344,310.0,361.4,0.11388761148162403,2560773,1.0352
4345,310.0,359.4,0.11383066767588322,2561297,1.2968
4346,600.0,363.0,0.11377375234204529,2562195,0.8590
4347,255.0,359.85,0.11371686546587427,2562716,0.4354
4348,625.0,362.4,0.11366000703314134,2563518,0.6908
4349,380.0,364.85,0.11360317702962477,2564207,2.0822
4350,405.0,366.95,0.11354637544110997,2564886,0.6349
4351,305.0,366.45,0.11348960225338943,2565491,1.5568
4352,355.0,364.0,0.11343285745226274,2566117,0.8349
4353,490.0,364.5,0.11337614102353662,2567013,0.8449
4354,275.0,363.6,0.11331945295302485,2567569,1.5104
4355,630.0,363.05,0.11326279322654835,2568570,1.9092
4356,350.0,362.5,0.11320616182993508,2569157,0.8231
4357,200.0,363.1,0.11314955874902012,2569605,1.1208
4358,235.0,361.85,0.11309298396964562,2570230,0.8079
4359,400.0,361.6,0.1130364374776608,2570863,0.3767
4360,320.0,361.3,0.11297991925892198,2571319,1.3022
4361,175.0,358.75,0.11292342929929253,2571738,0.5908
4362,450.0,361.0,0.11286696758464289,2572557,2.1374
4363,400.0,361.1,0.11281053410085057,2573293,1.0027
4364,280.0,361.5,0.11275412883380015,2573868,0.4915
4365,360.0,361.7,0.11269775176938325,2574520,1.0116
4366,385.0,364.3,0.11264140289349857,2575179,1.6222
4367,335.0,361.65,0.11258508219205182,2575888,0.7007
4368,520.0,363.7,0.11252878965095581,2576852,6.6299
4369,285.0,363.3,0.11247252525613033,2577354,0.4364
4370,275.0,363.6,0.11241628899350227,2577784,2.0142
4371,305.0,363.5,0.11236008084900552,2578298,0.9199
4372,425.0,363.55,0.11230390080858102,2578893,0.6507
4373,305.0,360.6,0.11224774885817673,2579541,0.8130
4374,635.0,364.4,0.11219162498374766,2580292,2.1538
4375,315.0,361.15,0.11213552917125579,2580970,1.8349
4376,275.0,359.25,0.11207946140667016,2581561,0.8305
4377,380.0,359.85,0.11202342167596684,2582271,0.5423
4378,340.0,359.8,0.11196740996512886,2582971,3.9321
4379,210.0,358.0,0.1119114262601463,2583489,0.7731
4380,335.0,357.75,0.11185547054701624,2584066,1.9186
4381,305.0,358.2,0.11179954281174273,2584712,0.6982
4382,320.0,355.7,0.11174364304033686,2585391,0.4118
4383,290.0,352.5,0.1116877712188167,2585886,1.2336
4384,255.0,350.65,0.1116319273332073,2586522,0.5781
4385,365.0,349.65,0.11157611136954071,2587114,1.3385
4386,455.0,348.5,0.11152032331385595,2587886,1.6363
4387,330.0,349.4,0.11146456315219902,2588600,0.4296
4388,405.0,351.3,0.11140883087062292,2589202,1.1889
4389,325.0,351.25,0.11135312645518762,2589779,0.3675
4390,350.0,352.05,0.11129744989196003,2590371,1.5816
4391,320.0,351.35,0.11124180116701406,2591002,0.9481
4392,375.0,351.7,0.11118618026643055,2591644,1.1872
4393,240.0,351.25,0.11113058717629734,2592258,0.7657
4394,360.0,352.3,0.1110750218827092,2592887,0.9207
4395,285.0,351.5,0.11101948437176784,2593503,1.1571
4396,340.0,351.2,0.11096397462958196,2594170,0.3718
4397,320.0,349.35,0.11090849264226718,2594680,1.8342
4398,200.0,347.55,0.11085303839594605,2595055,0.6185
4399,635.0,351.75,0.11079761187674808,2595605,0.5517
4400,520.0,353.55,0.11074221307080971,2596583,0.9198
4401,425.0,353.75,0.11068684196427431,2597225,0.4108
4402,780.0,359.1,0.11063149854329217,2597954,0.4485
4403,410.0,358.25,0.11057618279402052,2598607,0.6671
4404,575.0,360.5,0.11052089470262352,2599781,1.9979
4405,285.0,359.5,0.11046563425527221,2600335,1.4487
4406,600.0,361.95,0.11041040143814458,2601244,1.1776
4407,100.0,359.05,0.11035519623742551,2601525,1.9531
4408,360.0,359.75,0.1103000186393068,2602180,0.7229
4409,555.0,363.15,0.11024486862998716,2602752,0.8629
4410,175.0,361.0,0.11018974619567216,2603185,1.0946
4411,245.0,360.75,0.11013465132257433,2603709,1.5341
4412,460.0,362.65,0.11007958399691305,2604519,1.8214
4413,365.0,363.15,0.1100245442049146,2605111,0.6930
4414,320.0,362.6,0.10996953193281216,2605664,2.1606
4415,365.0,365.0,0.10991454716684576,2606302,0.5660
4416,580.0,366.2,0.10985958989326235,2607111,1.2729
4417,600.0,369.8,0.10980466009831572,2607857,0.5520
4418,380.0,368.3,0.10974975776826656,2608515,1.1945
4419,270.0,367.7,0.10969488288938244,2609034,1.2003
4420,395.0,369.85,0.10964003544793775,2609767,1.3440
4421,290.0,369.25,0.1095852154302138,2610277,0.9429
4422,210.0,367.2,0.1095304228224987,2610779,0.6409
4423,350.0,368.6,0.10947565761108745,2611315,1.0940
4424,440.0,369.95,0.10942091978228191,2611908,0.5787
4425,530.0,373.25,0.10936620932239077,2612770,1.9049
4426,235.0,373.25,0.10931152621772958,2613189,3.3399
4427,380.0,374.75,0.10925687045462072,2613844,1.4452
4428,145.0,373.05,0.10920224201939342,2614352,1.8537
4429,350.0,373.75,0.10914764089838373,2615024,0.5644
4430,405.0,374.3,0.10909306707793455,2615633,0.8380
4431,250.0,370.9,0.10903852054439558,2616181,0.6533
4432,155.0,368.8,0.10898400128412339,2616594,1.2863
4433,415.0,366.9,0.10892950928348133,2617235,0.6910
4434,290.0,366.15,0.1088750445288396,2617899,0.6907
4435,620.0,366.75,0.10882060700657518,2618502,0.6470
4436,125.0,364.1,0.1087661967030719,2618786,1.0752
4437,570.0,364.95,0.10871181360472038,2619499,0.9109
4438,395.0,366.65,0.10865745769791803,2620270,1.2844
4439,175.0,364.05,0.10860312896906907,2620778,0.6899
4440,155.0,362.45,0.10854882740458453,2621228,0.3948
4441,205.0,359.8,0.10849455299088225,2621651,1.1358
4442,355.0,360.45,0.10844030571438681,2622191,0.6210
4443,295.0,360.15,0.10838608556152962,2622787,1.3141
4444,445.0,361.5,0.10833189251874886,2623626,1.0390
4445,675.0,365.15,0.10827772657248949,2624443,0.4124
4446,350.0,362.65,0.10822358770920325,2625090,1.5047
4447,385.0,363.95,0.10816947591534866,2625835,7.2369
4448,440.0,362.1,0.108115391177391,2626737,1.6958
4449,350.0,361.8,0.1080613334818023,2627383,0.8249
4450,585.0,363.6,0.1080073028150614,2628032,1.4237
4451,680.0,367.35,0.10795329916365388,2628745,1.7329
4452,335.0,367.15,0.10789932251407207,2629327,0.5037
4453,405.0,366.3,0.10784537285281504,2630020,1.4343
4454,570.0,369.25,0.10779145016638864,2630736,0.6420
4455,375.0,366.7,0.10773755444130545,2631667,0.6813
4456,420.0,367.4,0.1076836856640848,2632274,0.6112
4457,395.0,369.35,0.10762984382125276,2632875,0.5917
4458,395.0,370.95,0.10757602889934215,2633517,2.0393
4459,425.0,371.2,0.10752224088489248,2634275,0.8444
4460,210.0,370.1,0.10746847976445004,2634643,0.5233
4461,715.0,375.5,0.10741474552456781,2635352,0.9179
4462,410.0,375.1,0.10736103815180553,2635913,2.8030
4463,230.0,373.4,0.10730735763272964,2636382,0.8601
4464,290.0,373.5,0.10725370395391327,2636997,0.1915
4465,315.0,373.05,0.10720007710193633,2637617,0.4469
4466,415.0,373.35,0.10714647706338536,2638390,0.9432
4467,500.0,375.0,0.10709290382485367,2638996,0.7122
4468,535.0,375.15,0.10703935737294125,2639605,2.8758
4469,555.0,377.85,0.10698583769425478,2640373,1.1709
4470,245.0,377.55,0.10693234477540765,2640821,0.8901
4471,725.0,381.75,0.10687887860301995,2642017,0.3353
4472,305.0,380.55,0.10682543916371845,2642517,1.5215
4473,475.0,382.25,0.1067720264441366,2643333,1.6880
4474,570.0,381.6,0.10671864043091453,2644643,3.5935
4475,355.0,382.0,0.10666528111069908,2645260,1.4910
4476,335.0,382.6,0.10661194847014373,2645856,0.5096
4477,100.0,379.8,0.10655864249590866,2646290,1.0334
4478,175.0,378.15,0.10650536317466071,2646725,1.0298
4479,255.0,378.6,0.10645211049307339,2647399,0.5076
4480,355.0,378.8,0.10639888443782686,2647992,0.7786
4481,290.0,378.65,0.10634568499560795,2648496,0.6856
4482,500.0,380.45,0.10629251215311016,2649232,1.3648
4483,235.0,379.9,0.1062393658970336,2649711,1.3793
4484,390.0,381.25,0.1061862462140851,2650511,1.3335
4485,670.0,384.3,0.10613315309097805,2651177,0.5131
4486,730.0,387.05,0.10608008651443257,2652103,0.3865
4487,540.0,389.15,0.10602704647117536,2653001,1.7467
4488,590.0,391.0,0.10597403294793978,2653708,0.7658
4489,465.0,392.4,0.10592104593146581,2654233,0.8365
4490,350.0,392.4,0.10586808540850008,2654905,1.0828
4491,395.0,393.15,0.10581515136579583,2655594,3.0286
4492,670.0,396.1,0.10576224379011294,2656691,0.9046
4493,410.0,397.8,0.10570936266821788,2657362,3.5482
4494,250.0,396.7,0.10565650798688378,2657817,1.1732
4495,575.0,399.6,0.10560367973289034,2658450,0.9723
4496,480.0,401.0,0.10555087789302389,2659365,0.5971
4497,255.0,400.35,0.10549810245407738,2659785,0.6064
4498,350.0,401.85,0.10544535340285036,2660422,0.6665
4499,400.0,399.5,0.10539263072614893,2660983,0.4809
4500,345.0,397.75,0.10533993441078586,2661581,1.1527
4501,230.0,395.8,0.10528726444358047,2661979,1.0780
4502,425.0,392.25,0.10523462081135869,2662674,0.8813
4503,385.0,392.0,0.10518200350095301,2663282,1.7045
4504,270.0,388.95,0.10512941249920255,2663786,0.6539
4505,320.0,389.3,0.10507684779295295,2664351,0.4904
4506,305.0,386.35,0.10502430936905649,2664915,0.8288
4507,390.0,389.25,0.10497179721437197,2665431,0.9288
4508,235.0,388.0,0.10491931131576479,2665942,1.0769
4509,505.0,387.5,0.10486685166010691,2666807,0.7660
4510,385.0,389.6,0.10481441823427687,2667445,0.4704
4511,415.0,391.3,0.10476201102515974,2668066,0.8406
4512,375.0,390.45,0.10470963001964716,2668867,0.5353
4513,295.0,389.75,0.10465727520463734,2669519,2.1232
4514,365.0,390.2,0.10460494656703503,2670112,0.8110
4515,400.0,390.55,0.10455264409375152,2670706,0.8989
4516,570.0,390.45,0.10450036777170466,2671641,0.6667
4517,385.0,388.3,0.10444811758781881,2672447,0.9328
4518,670.0,391.2,0.10439589352902491,2673448,1.3004
4519,280.0,391.3,0.1043436955822604,2674052,3.1229
4520,495.0,392.3,0.10429152373446929,2674820,1.1850
4521,340.0,392.8,0.10423937797260206,2675405,0.5604
4522,400.0,394.7,0.10418725828361576,2676205,1.1730
4523,580.0,397.0,0.10413516465447396,2677019,1.2478
4524,180.0,394.4,0.10408309707214673,2677537,2.1238
4525,200.0,391.1,0.10403105552361067,2677924,0.7667
4526,190.0,390.65,0.10397903999584887,2678531,1.0564
4527,440.0,391.25,0.10392705047585095,2679172,0.9263
4528,375.0,393.55,0.10387508695061302,2679805,7.1278
4529,655.0,396.6,0.10382314940713773,2680566,0.8348
4530,385.0,396.4,0.10377123783243417,2681230,0.5561
4531,510.0,399.0,0.10371935221351795,2682151,1.9680
4532,295.0,400.4,0.1036674925374112,2682754,0.7515
4533,380.0,400.05,0.1036156587911425,2683345,0.9833
4534,350.0,400.65,0.10356385096174693,2683989,1.2560
4535,405.0,398.5,0.10351206903626606,2684649,1.1939
4536,210.0,399.35,0.10346031300174793,2685128,1.3856
4537,615.0,399.8,0.10340858284524707,2685779,1.4153
4538,595.0,401.8,0.10335687855382444,2686502,1.5979
4539,325.0,403.3,0.10330520011454754,2687032,1.5751
4540,100.0,402.75,0.10325354751449027,2687312,1.1115
4541,310.0,403.8,0.10320192074073303,2687851,0.6889
4542,575.0,406.0,0.10315031978036267,2688797,0.6187
4543,205.0,405.1,0.10309874462047249,2689241,0.4912
4544,270.0,403.35,0.10304719524816225,2689670,4.2933
4545,305.0,399.65,0.10299567165053818,2690326,0.9172
4546,590.0,402.05,0.10294417381471291,2691150,1.0555
4547,350.0,401.7,0.10289270172780556,2691905,1.9622
4548,275.0,400.05,0.10284125537694165,2692403,2.1595
4549,285.0,399.4,0.10278983474925318,2692900,0.7268
4550,105.0,394.6,0.10273843983187857,2693175,1.3606
4551,330.0,391.1,0.10268707061196264,2693719,0.8396
4552,215.0,389.9,0.10263572707665666,2694177,1.1943
4553,695.0,392.8,0.10258440921311834,2694750,2.2854
4554,360.0,390.7,0.1025331170085118,2695393,0.6020
4555,395.0,390.9,0.10248185045000754,2696218,2.1034
4556,335.0,390.05,0.10243060952478254,2696769,0.4702
4557,255.0,388.65,0.10237939422002015,2697492,1.6829
4558,380.0,388.5,0.10232820452291015,2698164,0.3789
4559,325.0,387.5,0.1022770404206487,2698730,1.2948
4560,550.0,390.9,0.10222590190043837,2699561,0.5486
4561,200.0,385.75,0.10217478894948816,2699977,0.7236
4562,265.0,384.3,0.10212370155501342,2700541,6.6419
4563,410.0,386.1,0.10207263970423593,2701161,0.6176
4564,595.0,389.15,0.10202160338438382,2701809,1.1464
4565,525.0,391.25,0.10197059258269163,2702392,2.0334
4566,390.0,391.0,0.10191960728640029,2703083,0.7790
4567,420.0,390.2,0.10186864748275709,2703814,0.8984
4568,230.0,387.15,0.10181771315901572,2704331,1.5975
4569,385.0,385.45,0.10176680430243622,2704965,1.0904
4570,285.0,385.85,0.101715920900285,2705609,0.3655
4571,590.0,384.5,0.10166506293983486,2706265,1.3073
4572,350.0,384.95,0.10161423040836495,2706902,1.1913
4573,180.0,382.0,0.10156342329316077,2707384,1.3306
4574,350.0,379.8,0.1015126415815142,2708054,0.5588
4575,355.0,379.8,0.10146188526072344,2708724,1.6259
4576,315.0,379.6,0.10141115431809308,2709287,2.2037
4577,165.0,380.25,0.10136044874093404,2709771,1.1160
4578,210.0,380.6,0.10130976851656358,2710188,1.4958
4579,445.0,382.5,0.1012591136323053,2710823,1.0058
4580,340.0,382.35,0.10120848407548916,2711470,1.0310
4581,405.0,383.5,0.10115787983345143,2712110,0.9584
4582,720.0,385.7,0.1011073008935347,2712935,0.5279
4583,330.0,386.65,0.10105674724308794,2713516,0.9603
4584,405.0,386.8,0.1010062188694664,2714229,7.3876
4585,515.0,385.25,0.10095571576003166,2714974,1.1058
4586,440.0,382.35,0.10090523790215165,2715630,0.5528
4587,295.0,379.9,0.10085478528320059,2716219,0.8721
4588,550.0,379.5,0.100804357890559,2717209,0.9063
4589,290.0,377.75,0.10075395571161372,2717777,0.6130
4590,470.0,378.95,0.10070357873375792,2718736,0.7072
4591,135.0,376.35,0.10065322694439105,2719256,0.8889
4592,360.0,373.25,0.10060290033091886,2719910,1.0564
4593,330.0,372.45,0.10055259888075341,2720655,0.6172
4594,655.0,376.5,0.10050232258131303,2721535,1.1492
4595,410.0,374.85,0.10045207142002238,2722249,1.5822
4596,345.0,373.5,0.10040184538431238,2722939,0.6859
4597,545.0,376.4,0.10035164446162023,2723828,0.9711
4598,390.0,376.8,0.10030146863938942,2724378,0.7740
4599,575.0,378.55,0.10025131790506973,2725261,2.2007
4600,145.0,376.55,0.1002011922461172,2725671,1.3602
4601,205.0,376.3,0.10015109164999415,2726073,1.1973
4602,555.0,377.6,0.10010101610416916,2726997,1.7897
4603,300.0,376.75,0.10005096559611708,2727520,2.3519
4604,415.0,378.2,0.10000094011331903,2728147,1.3608
4605,495.0,379.95,0.09995093964326238,2728802,1.0041
4606,150.0,378.4,0.09990096417344076,2729082,0.4178
4607,420.0,378.7,0.09985101369135405,2729719,0.9671
4608,280.0,379.15,0.09980108818450838,2730311,0.5704
4609,485.0,378.95,0.09975118764041613,2731120,0.4441
4610,640.0,381.5,0.09970131204659592,2731675,0.5495
4611,250.0,379.85,0.09965146139057263,2732390,0.5812
4612,265.0,378.75,0.09960163565987734,2732877,1.2891
4613,355.0,379.35,0.09955183484204741,2733504,1.5316
4614,385.0,379.55,0.0995020589246264,2734095,0.6849
4615,400.0,379.55,0.09945230789516409,2734693,0.8454
4616,365.0,377.5,0.09940258174121651,2735295,1.0568
4617,355.0,377.2,0.0993528804503459,2735930,0.8616
4618,320.0,373.7,0.09930320401012073,2736537,3.0902
4619,515.0,376.05,0.09925355240811568,2737275,0.7210
4620,325.0,374.35,0.09920392563191162,2737899,0.7116
4621,245.0,373.4,0.09915432366909567,2738437,1.2951
4622,335.0,372.75,0.09910474650726113,2739024,1.4381
4623,380.0,370.75,0.0990551941340075,2739611,1.3280
4624,365.0,372.6,0.0990056665369405,2740280,3.3538
4625,575.0,376.35,0.09895616370367204,2741123,0.9213
4626,255.0,377.0,0.0989066856218202,2741547,1.3521
4627,290.0,375.5,0.09885723227900929,2742015,0.3715
4628,405.0,375.8,0.09880780366286979,2742841,0.8697
4629,375.0,373.0,0.09875839976103835,2743440,0.3665
4630,410.0,373.25,0.09870902056115784,2744155,1.1786
4631,415.0,372.3,0.09865966605087727,2744794,0.5753
4632,235.0,371.7,0.09861033621785184,2745243,1.2881
4633,175.0,369.65,0.09856103104974293,2745669,0.5270
4634,420.0,370.35,0.09851175053421805,2746366,2.5811
4635,625.0,372.55,0.09846249465895095,2746976,0.7736
4636,415.0,374.6,0.09841326341162147,2747601,1.1417
4637,345.0,371.9,0.09836405677991567,2748172,0.5162
4638,400.0,369.95,0.09831487475152571,2748853,0.6768
4639,410.0,370.8,0.09826571731414996,2749577,0.7411
4640,555.0,375.35,0.09821658445549289,2750504,0.7206
4641,210.0,374.35,0.09816747616326515,2750875,1.5007
4642,275.0,371.35,0.09811839242518353,2751457,3.2757
4643,540.0,374.7,0.09806933322897093,2752265,0.3695
4644,285.0,374.85,0.09802029856235646,2752851,1.4105
4645,235.0,374.15,0.09797128841307529,2753430,0.8216
4646,775.0,376.0,0.09792230276886875,2754350,0.4546
4647,235.0,374.85,0.09787334161748432,2755007,0.5599
4648,330.0,375.4,0.09782440494667557,2755646,0.8022
4649,205.0,374.6,0.09777549274420225,2756108,1.4183
4650,275.0,376.3,0.09772660499783015,2756577,0.1899
4651,275.0,375.75,0.09767774169533124,2757119,0.5628
4652,465.0,378.25,0.09762890282448358,2757727,0.3256
4653,465.0,375.95,0.09758008837307135,2758449,0.6817
4654,545.0,377.8,0.09753129832888481,2759301,0.7855
4655,600.0,379.85,0.09748253267972037,2760200,1.0587
4656,155.0,378.05,0.09743379141338052,2760567,1.4384
4657,255.0,378.05,0.09738507451767384,2761029,0.9379
4658,295.0,377.2,0.097336381980415,2761605,0.8706
4659,515.0,379.1,0.0972877137894248,2762548,0.6192
4660,250.0,376.1,0.09723906993253009,2763049,1.1897
4661,295.0,377.05,0.09719045039756383,2763604,1.0043
4662,300.0,377.4,0.09714185517236505,2764125,0.9770
4663,200.0,375.3,0.09709328424477888,2764582,0.6467
4664,410.0,373.45,0.0970447376026565,2765283,1.7494
4665,685.0,375.05,0.09699621523385518,2766191,0.8911
4666,375.0,374.9,0.09694771712623826,2766840,0.6141
4667,325.0,373.95,0.09689924326767514,2767411,0.8962
4668,325.0,374.9,0.09685079364604131,2768035,3.6148
4669,385.0,374.9,0.0968023682492183,2768610,1.2214
4670,385.0,375.9,0.09675396706509369,2769275,1.4498
4671,205.0,372.05,0.09670559008156115,2769690,1.8013
4672,415.0,372.7,0.09665723728652038,2770423,0.4414
4673,365.0,374.55,0.09660890866787714,2771026,0.8541
4674,700.0,378.05,0.0965606042135432,2771630,0.4958
4675,360.0,378.1,0.09651232391143644,2772194,0.5985
4676,125.0,376.2,0.09646406774948073,2772475,0.7222
4677,405.0,378.6,0.096415835715606,2773135,0.6287
4678,320.0,379.7,0.0963676277977482,2773612,1.3082
4679,490.0,380.15,0.09631944398384933,2774398,0.3594
4680,685.0,383.6,0.09627128426185741,2775230,0.6792
4681,345.0,383.0,0.09622314861972649,2775851,1.4048
4682,215.0,377.95,0.09617503704541663,2776270,1.2467
4683,475.0,379.4,0.09612694952689393,2776913,0.4388
4684,380.0,379.15,0.0960788860521305,2777603,0.4638
4685,270.0,376.7,0.09603084660910444,2778268,2.5779
4686,540.0,377.7,0.0959828311857999,2779178,0.7036
4687,260.0,377.35,0.095934839770207,2779693,0.9814
4688,580.0,377.65,0.09588687235032191,2780632,1.6603
4689,530.0,380.05,0.09583892891414675,2781279,0.5736
4690,420.0,379.55,0.09579100944968968,2782017,2.0901
4691,410.0,382.3,0.09574311394496485,2782584,0.8526
4692,400.0,382.7,0.09569524238799237,2783452,1.4842
4693,625.0,385.65,0.09564739476679839,2784048,1.7279
4694,485.0,383.95,0.095599571069415,2784960,0.8921
4695,380.0,383.65,0.09555177128388029,2785609,0.4519
4696,485.0,385.05,0.09550399539823835,2786415,0.9800
4697,270.0,382.3,0.09545624340053924,2787212,3.4344
4698,340.0,381.8,0.09540851527883898,2787821,0.5035
4699,670.0,382.75,0.09536081102119956,2788962,0.9966
4700,390.0,385.2,0.09531313061568897,2789591,1.5895
4701,425.0,387.4,0.09526547405038113,2790271,1.3030
4702,255.0,384.4,0.09521784131335595,2790687,0.6937
4703,335.0,384.75,0.09517023239269928,2791351,0.9406
4704,230.0,382.9,0.09512264727650294,2791768,0.7912
4705,370.0,381.65,0.0950750859528647,2792575,1.1387
4706,100.0,381.15,0.09502754840988827,2792852,1.3923
4707,385.0,380.8,0.09498003463568333,2793686,1.6576
4708,380.0,381.8,0.09493254461836549,2794307,1.1957
4709,540.0,382.35,0.09488507834605632,2795264,0.5983
4710,270.0,378.65,0.0948376358068833,2795844,0.6815
4711,110.0,377.25,0.09479021698897987,2796356,0.7690
4712,260.0,377.2,0.09474282188048538,2796762,0.8801
4713,735.0,381.0,0.09469545046954515,2797556,0.4776
4714,420.0,381.35,0.09464810274431039,2798215,0.5758
4715,460.0,381.95,0.09460077869293824,2799035,0.4631
4716,380.0,382.1,0.09455347830359179,2799701,0.6627
4717,335.0,381.9,0.09450620156443999,2800304,1.7082
4718,390.0,382.6,0.09445894846365778,2801110,0.4334
4719,515.0,382.6,0.09441171898942595,2801909,0.6183
4720,570.0,385.05,0.09436451312993124,2802711,1.8623
4721,395.0,386.55,0.09431733087336629,2803365,0.6703
4722,165.0,384.85,0.0942701722079296,2803795,1.2625
4723,480.0,385.85,0.09422303712182564,2804627,2.9815
4724,575.0,387.95,0.09417592560326474,2805579,0.7674
4725,415.0,386.35,0.0941288376404631,2806150,0.6231
4726,275.0,386.55,0.09408177322164288,2806726,1.0304
4727,525.0,388.9,0.09403473233503207,2807650,0.4825
4728,430.0,389.15,0.09398771496886456,2808403,0.6540
4729,415.0,389.55,0.09394072111138013,2809186,1.2226
4730,375.0,389.2,0.09389375075082444,2809787,1.1210
4731,470.0,389.75,0.09384680387544904,2810523,0.9796
4732,245.0,389.85,0.09379988047351132,2811122,0.6929
4733,290.0,391.0,0.09375298053327456,2811689,3.3502
4734,365.0,390.45,0.09370610404300793,2812467,2.2870
4735,350.0,387.7,0.09365925099098643,2813045,1.6104
4736,295.0,386.5,0.09361242136549094,2813623,1.2188
4737,540.0,388.45,0.0935656151548082,2814450,3.9854
4738,495.0,389.4,0.0935188323472308,2815175,0.9201
4739,290.0,388.2,0.09347207293105718,2815704,0.4655
4740,305.0,385.7,0.09342533689459166,2816401,2.7390
4741,510.0,388.7,0.09337862422614437,2817284,1.3138
4742,300.0,388.95,0.09333193491403131,2817755,0.6055
4743,470.0,388.25,0.09328526894657431,2818514,0.3668
4744,305.0,388.45,0.09323862631210103,2819140,1.5567
4745,365.0,389.75,0.09319200699894499,2819901,1.1841
4746,355.0,385.55,0.09314541099544553,2820775,1.2345
4747,230.0,385.5,0.0930988382899478,2821261,0.2857
4748,360.0,385.8,0.09305228887080283,2821954,1.4600
4749,265.0,386.4,0.09300576272636743,2822483,2.1982
4750,125.0,384.9,0.09295925984500425,2822765,1.3880
4751,385.0,386.0,0.09291278021508176,2823367,0.9917
4752,465.0,386.0,0.09286632382497423,2824140,0.5220
4753,405.0,385.4,0.09281989066306175,2824896,0.9629
4754,660.0,386.55,0.09277348071773021,2825649,0.8679
4755,420.0,384.75,0.09272709397737135,2826352,4.3475
4756,280.0,386.0,0.09268073043038266,2826900,3.0541
4757,545.0,388.9,0.09263439006516748,2828037,0.6173
4758,515.0,391.1,0.0925880728701349,2829022,0.6004
4759,335.0,389.3,0.09254177883369984,2829562,1.5455
4760,295.0,389.75,0.09249550794428299,2830210,3.0539
4761,600.0,392.8,0.09244926019031086,2831254,0.6497
4762,500.0,394.8,0.0924030355602157,2832245,0.6412
4763,285.0,395.65,0.0923568340424356,2832743,0.8799
4764,305.0,394.6,0.09231065562541438,2833372,1.5785
4765,410.0,391.85,0.09226450029760168,2833934,0.4815
4766,125.0,389.35,0.09221836804745288,2834221,0.2523
4767,305.0,389.15,0.09217225886342917,2834719,0.4893
4768,245.0,388.35,0.09212617273399745,2835259,0.6565
4769,515.0,389.65,0.09208010964763046,2836033,1.3595
4770,325.0,389.05,0.09203406959280665,2836627,0.4838
4771,700.0,394.0,0.09198805255801025,2837841,0.9053
4772,435.0,394.2,0.09194205853173125,2838713,1.5371
4773,520.0,395.75,0.09189608750246539,2839653,1.4942
4774,290.0,391.65,0.09185013945871416,2840175,1.4419
4775,370.0,391.75,0.09180421438898481,2840926,0.6357
4776,300.0,393.5,0.09175831228179032,2841430,1.3978
4777,360.0,393.05,0.09171243312564943,2842068,1.2588
4778,385.0,393.7,0.09166657690908661,2842696,2.3076
4779,440.0,393.2,0.09162074362063208,2843361,0.6520
4780,440.0,390.75,0.09157493324882177,2843963,1.0923
4781,360.0,390.9,0.09152914578219735,2844529,0.4832
4782,410.0,392.85,0.09148338120930626,2845225,1.0727
4783,255.0,390.65,0.09143763951870161,2845657,1.6245
4784,510.0,391.95,0.09139192069894227,2846349,2.9230
4785,755.0,396.8,0.0913462247385928,2847184,2.6442
4786,265.0,394.05,0.09130055162622351,2847739,1.0482
4787,370.0,395.15,0.09125490135041041,2848496,1.8313
4788,325.0,392.6,0.09120927389973521,2849077,1.0232
4789,275.0,390.05,0.09116366926278535,2849731,0.8975
4790,365.0,389.5,0.09111808742815397,2850311,0.9045
4791,245.0,387.85,0.0910725283844399,2850792,0.5156
4792,335.0,387.2,0.09102699212024769,2851328,0.9947
4793,375.0,384.7,0.09098147862418757,2852080,1.2226
4794,255.0,382.4,0.09093598788487547,2852540,1.3922
4795,365.0,382.25,0.09089051989093304,2853305,0.5001
4796,200.0,379.4,0.09084507463098758,2853777,0.6685
4797,510.0,381.8,0.09079965209367209,2854560,1.3388
4798,545.0,383.85,0.09075425226762526,2855461,3.5734
4799,445.0,381.6,0.09070887514149145,2856203,1.0815
4800,465.0,382.35,0.09066352070392071,2856854,0.6398
4801,550.0,383.6,0.09061818894356875,2857610,0.6280
4802,195.0,383.0,0.09057287984909697,2858084,0.7787
4803,405.0,383.7,0.09052759340917242,2858767,0.9264
4804,420.0,385.6,0.09048232961246784,2859510,1.4654
4805,230.0,384.2,0.09043708844766161,2860194,1.3579
4806,340.0,386.6,0.09039186990343778,2860792,0.7521
4807,180.0,384.55,0.09034667396848607,2861175,0.8843
4808,180.0,382.55,0.09030150063150183,2861587,0.7103
4809,310.0,380.25,0.09025634988118608,2862128,0.4342
4810,330.0,380.85,0.0902112217062455,2862777,1.9282
4811,405.0,383.8,0.09016611609539238,2863385,1.1798
4812,195.0,383.15,0.09012103303734469,2863778,0.8350
4813,470.0,380.5,0.09007597252082603,2864441,2.8581
4814,500.0,381.3,0.09003093453456562,2865037,2.8708
4815,490.0,381.6,0.08998591906729834,2865929,0.3525
4816,230.0,380.1,0.0899409261077647,2866371,0.6107
4817,265.0,379.4,0.08989595564471083,2866882,1.2336
4818,420.0,379.7,0.08985100766688847,2867644,3.5117
4819,545.0,380.0,0.08980608216305504,2868519,1.3723
4820,370.0,378.0,0.08976117912197351,2869145,0.9759
4821,280.0,376.85,0.08971629853241253,2869882,1.5021
4822,210.0,377.3,0.08967144038314633,2870372,1.5976
4823,275.0,375.25,0.08962660466295476,2870946,1.1520
4824,310.0,372.6,0.08958179136062329,2871668,1.9054
4825,360.0,372.05,0.08953700046494298,2872435,0.8715
4826,200.0,371.3,0.08949223196471051,2872833,0.6055
4827,440.0,370.45,0.08944748584872816,2873559,0.5456
4828,260.0,368.75,0.0894027621058038,2874155,1.6574
4829,375.0,368.35,0.08935806072475092,2874806,0.7522
4830,325.0,367.85,0.08931338169438854,2875448,1.7134
4831,335.0,366.5,0.08926872500354135,2876054,1.4277
4832,325.0,367.3,0.08922409064103959,2876636,1.3090
4833,370.0,368.1,0.08917947859571908,2877238,6.3174
4834,330.0,367.75,0.08913488885642122,2877890,0.5358
4835,115.0,365.4,0.08909032141199301,2878250,0.8750
4836,695.0,369.4,0.08904577625128701,2879016,2.9177
4837,540.0,369.4,0.08900125336316138,2879991,0.9020
4838,445.0,368.9,0.08895675273647981,2880644,2.0483
4839,285.0,368.85,0.08891227436011158,2881119,2.9242
4840,425.0,370.05,0.08886781822293152,2881840,0.4837
4841,315.0,368.1,0.08882338431382006,2882461,2.1190
4842,420.0,369.3,0.08877897262166315,2883025,1.1146
4843,385.0,368.45,0.08873458313535232,2883624,0.8992
4844,445.0,369.85,0.08869021584378464,2884382,0.7171
4845,60.0,366.8,0.08864587073586276,2884658,1.7653
4846,325.0,366.5,0.08860154780049484,2885305,1.6644
4847,405.0,368.25,0.0885572470265946,2886069,1.1401
4848,225.0,366.9,0.0885129684030813,2886441,0.9926
4849,500.0,369.25,0.08846871191887977,2887238,0.4557
4850,320.0,371.2,0.08842447756292034,2887745,0.6327
4851,325.0,370.6,0.08838026532413888,2888340,0.4164
4852,375.0,369.7,0.08833607519147682,2888974,0.4484
4853,330.0,368.95,0.08829190715388109,2889644,1.3614
4854,490.0,367.25,0.08824776120030416,2890249,0.5753
4855,90.0,363.95,0.08820363731970401,2890529,0.9625
4856,270.0,363.85,0.08815953550104416,2891141,0.5832
4857,345.0,361.85,0.08811545573329364,2891809,1.2877
4858,230.0,359.0,0.088071398005427,2892339,2.6963
4859,300.0,358.65,0.08802736230642429,2892859,2.4115
4860,420.0,359.9,0.08798334862527107,2893553,0.5414
4861,550.0,359.4,0.08793935695095845,2894319,0.5660
4862,300.0,357.4,0.08789538727248297,2894810,1.3212
4863,245.0,357.0,0.08785143957884674,2895337,6.6193
4864,310.0,357.05,0.08780751385905732,2895977,1.2784
4865,385.0,356.8,0.0877636101021278,2896540,0.6663
4866,440.0,359.95,0.08771972829707674,2897175,1.2516
4867,375.0,360.65,0.0876758684329282,2898069,0.7455
4868,395.0,362.15,0.08763203049871174,2898698,1.4282
4869,105.0,358.05,0.08758821448346239,2898991,0.9531
4870,480.0,359.6,0.08754442037622066,2899796,0.3734
4871,320.0,355.8,0.08750064816603256,2900294,0.5999
4872,380.0,355.25,0.08745689784194956,2900871,1.2038
4873,435.0,354.4,0.08741316939302858,2901495,1.9004
4874,225.0,353.75,0.08736946280833208,2901966,0.8882
4875,400.0,354.05,0.08732577807692792,2902586,0.9698
4876,420.0,355.25,0.08728211518788946,2903220,1.1255
4877,480.0,356.45,0.08723847413029552,2904031,0.6013
4878,355.0,356.15,0.08719485489323038,2904731,3.3395
4879,540.0,357.15,0.08715125746578377,2905297,1.1997
4880,335.0,356.1,0.08710768183705088,2905898,0.7714
4881,375.0,356.25,0.08706412799613236,2906531,2.4025
4882,200.0,354.15,0.0870205959321343,2907005,0.4768
4883,370.0,355.3,0.08697708563416824,2907654,1.4923
4884,455.0,354.75,0.08693359709135116,2908602,1.0433
4885,490.0,352.1,0.0868901302928055,2909318,3.8670
4886,520.0,354.65,0.0868466852276591,2909994,0.4606
4887,295.0,353.9,0.08680326188504528,2910559,1.2389
4888,300.0,353.65,0.08675986025410276,2911026,0.6588
4889,665.0,357.55,0.08671648032397572,2911775,1.0352
4890,485.0,358.75,0.08667312208381374,2912553,0.4387
4891,485.0,361.15,0.08662978552277184,2913494,1.1895
4892,405.0,361.85,0.08658647063001046,2914294,1.8425
4893,230.0,360.4,0.08654317739469546,2914702,0.5915
4894,265.0,360.5,0.08649990580599812,2915156,0.9652
4895,315.0,360.0,0.08645665585309513,2915742,1.7985
4896,335.0,361.35,0.08641342752516859,2916297,0.6127
4897,425.0,360.5,0.08637022081140601,2916891,0.4885
4898,440.0,359.45,0.08632703570100031,2917485,0.3846
4899,570.0,360.7,0.08628387218314981,2918488,0.7343
4900,365.0,359.7,0.08624073024705824,2919095,0.9726
4901,210.0,356.3,0.08619760988193471,2919608,1.5378
4902,685.0,361.2,0.08615451107699375,2920328,1.3967
4903,150.0,358.65,0.08611143382145525,2920748,0.8823
4904,230.0,356.75,0.08606837810454453,2921380,0.7542
4905,700.0,361.45,0.08602534391549226,2922273,1.9049
4906,305.0,361.1,0.08598233124353452,2922856,0.8517
4907,490.0,364.2,0.08593934007791276,2923672,1.2982
4908,670.0,369.1,0.08589637040787382,2924460,1.9888
4909,380.0,369.8,0.08585342222266988,2925117,3.7617
4910,370.0,370.2,0.08581049551155855,2925723,1.7002
4911,250.0,368.65,0.08576759026380278,2926209,0.8414
4912,360.0,370.3,0.08572470646867088,2926733,0.6452
4913,445.0,370.05,0.08568184411543654,2927365,0.6915
4914,355.0,368.6,0.08563900319337883,2927995,2.4551
4915,575.0,369.45,0.08559618369178215,2928953,0.8288
4916,525.0,372.4,0.08555338559993626,2929796,1.1035
4917,320.0,372.95,0.0855106089071363,2930445,0.9224
4918,250.0,371.25,0.08546785360268273,2930921,1.3781
4919,375.0,369.55,0.0854251196758814,2931533,1.2397
4920,600.0,371.85,0.08538240711604346,2932215,0.8852
4921,295.0,372.0,0.08533971591248544,2932688,1.3469
4922,390.0,373.8,0.0852970460545292,2933382,0.8570
4923,185.0,372.9,0.08525439753150194,2933740,0.5031
4924,365.0,373.45,0.08521177033273619,2934426,0.2935
4925,315.0,373.0,0.08516916444756983,2935065,0.4551
4926,375.0,374.75,0.08512657986534605,2935717,1.4553
4927,295.0,373.3,0.08508401657541338,2936286,1.1399
4928,285.0,373.55,0.08504147456712569,2936885,0.8108
4929,380.0,373.6,0.08499895382984213,2937478,1.9473
4930,365.0,374.0,0.08495645435292722,2938135,0.4234
4931,365.0,374.3,0.08491397612575076,2938744,2.3238
4932,290.0,373.95,0.0848715191376879,2939281,0.9340
4933,455.0,374.8,0.08482908337811905,2940025,0.8810
4934,255.0,374.05,0.08478666883642999,2940462,1.0535
4935,335.0,376.25,0.08474427550201177,2941111,4.8450
4936,485.0,374.15,0.08470190336426077,2941882,1.0222
4937,380.0,372.55,0.08465955241257864,2942508,1.5199
4938,270.0,370.8,0.08461722263637235,2943039,0.8650
4939,330.0,371.25,0.08457491402505417,2943637,1.0292
4940,420.0,371.2,0.08453262656804164,2944342,0.5183
4941,155.0,369.6,0.08449036025475762,2944699,5.1447
4942,325.0,368.65,0.08444811507463025,2945207,0.4121
4943,530.0,370.1,0.08440589101709293,2945775,0.8179
4944,280.0,368.45,0.0843636880715844,2946253,0.9528
4945,380.0,371.65,0.08432150622754861,2946994,1.4598
4946,495.0,373.35,0.08427934547443484,2947748,0.7971
4947,285.0,372.15,0.08423720580169763,2948251,1.8346
4948,350.0,373.4,0.08419508719879679,2948991,0.7805
4949,335.0,371.75,0.0841529896551974,2949730,0.4942
4950,80.0,369.35,0.0841109131603698,2950019,0.8756
4951,340.0,369.5,0.08406885770378962,2950619,1.2148
4952,225.0,368.0,0.08402682327493773,2951130,0.3762
4953,570.0,370.4,0.08398480986330026,2952070,0.8753
4954,535.0,370.85,0.08394281745836861,2952764,1.4989
4955,600.0,375.95,0.08390084604963943,2953803,2.1900
4956,315.0,376.4,0.08385889562661462,2954462,0.7408
4957,265.0,375.6,0.08381696617880133,2955083,1.0059
4958,695.0,380.25,0.08377505769571193,2955848,1.0434
4959,665.0,383.9,0.08373317016686409,2956728,3.0073
4960,175.0,381.45,0.08369130358178066,2957165,0.9080
4961,405.0,380.0,0.08364945792998978,2957715,0.9601
4962,330.0,380.3,0.08360763320102478,2958217,1.7520
4963,365.0,381.5,0.08356582938442428,2958824,0.8729
4964,310.0,381.5,0.08352404646973208,2959514,1.7868
4965,245.0,380.1,0.08348228444649722,2959936,0.9240
4966,430.0,380.0,0.08344054330427397,2960574,1.3825
4967,435.0,380.6,0.08339882303262185,2961210,1.0298
4968,315.0,379.8,0.08335712362110555,2961679,0.8198
4969,635.0,385.1,0.083315445059295,2962438,1.9892
4970,275.0,383.05,0.08327378733676535,2963032,0.7647
4971,270.0,382.55,0.08323215044309698,2963596,1.0309
4972,180.0,380.55,0.08319053436787543,2964065,1.0979
4973,470.0,380.9,0.0831489391006915,2965056,0.8253
4974,35.0,379.0,0.08310736463114116,2965329,0.5782
4975,340.0,378.4,0.08306581094882559,2965968,0.5791
4976,375.0,377.95,0.08302427804335118,2966629,0.9938
4977,435.0,377.5,0.0829827659043295,2967297,1.4331
4978,585.0,379.8,0.08294127452137734,2967896,1.2331
4979,225.0,376.65,0.08289980388411665,2968363,0.5986
4980,405.0,377.35,0.0828583539821746,2969050,0.3289
4981,725.0,380.85,0.08281692480518352,2969858,0.6309
4982,265.0,381.5,0.08277551634278094,2970554,1.2815
4983,460.0,382.4,0.08273412858460955,2971289,0.5940
4984,255.0,380.4,0.08269276152031725,2971727,1.0705
4985,310.0,378.6,0.0826514151395571,2972259,3.9272
4986,460.0,378.0,0.08261008943198732,2972986,0.3304
4987,390.0,378.95,0.08256878438727133,2973595,2.9341
4988,190.0,377.85,0.0825274999950777,2974271,0.7820
4989,515.0,376.35,0.08248623624508017,2975130,0.4356
4990,185.0,373.35,0.08244499312695763,2975555,1.4477
4991,255.0,371.05,0.08240377063039415,2976118,1.2274
4992,600.0,373.0,0.08236256874507897,2977237,0.8053
4993,285.0,373.55,0.08232138746070643,2977830,1.0421
4994,785.0,378.75,0.08228022676697608,2978516,1.9482
4995,635.0,381.95,0.0822390866535926,2979474,1.7261
4996,320.0,381.8,0.08219796711026581,2980122,0.4270
4997,310.0,380.65,0.08215686812671068,2980756,1.0863
4998,450.0,380.75,0.08211578969264732,2981672,0.5918
4999,285.0,377.9,0.082074731797801,2982129,0.7796
5000,320.0,377.45,0.0820336944319021,2982613,0.9066
5001,430.0,379.65,0.08199267758468616,2983316,0.9830
5002,375.0,376.55,0.08195168124589382,2983967,0.8090
5003,405.0,379.1,0.08191070540527087,2984846,1.1492
5004,335.0,380.15,0.08186975005256825,2985463,0.5031
5005,440.0,377.55,0.08182881517754197,2986222,1.6098
5006,350.0,378.0,0.0817879007699532,2986966,3.2935
5007,490.0,378.0,0.08174700681956823,2987635,0.3556
5008,270.0,374.0,0.08170613331615845,2988228,1.0979
5009,345.0,373.65,0.08166528024950037,2988904,1.6024
5010,390.0,373.85,0.08162444760937562,2989533,0.6591
5011,440.0,375.75,0.08158363538557094,2990271,0.9679
5012,300.0,375.15,0.08154284356787815,2990726,0.6478
5013,720.0,377.9,0.08150207214609421,2991426,0.8625
5014,320.0,377.55,0.08146132111002118,2991934,0.3145
5015,350.0,375.3,0.08142059044946617,2992546,0.3859
5016,365.0,373.7,0.08137988015424144,2993062,0.4541
5017,535.0,375.85,0.08133919021416433,2993724,3.3789
5018,305.0,376.4,0.08129852061905725,2994333,0.8373
5019,510.0,377.75,0.08125787135874772,2995177,0.6731
5020,285.0,374.6,0.08121724242306835,2995778,1.2595
5021,245.0,374.1,0.08117663380185683,2996268,1.0797
5022,235.0,372.55,0.0811360454849559,2996767,1.3924
5023,335.0,374.05,0.08109547746221342,2997430,3.5058
5024,300.0,373.4,0.08105492972348231,2997956,1.6723
5025,415.0,374.4,0.08101440225862058,2998601,0.3308
5026,415.0,374.8,0.08097389505749128,2999385,0.8929
5027,385.0,375.7,0.08093340810996254,3000084,1.8725
5028,340.0,376.25,0.08089294140590757,3000688,0.6751
5029,150.0,373.95,0.08085249493520462,3000980,0.4989
5030,355.0,373.85,0.08081206868773702,3001631,0.4163
5031,180.0,372.0,0.08077166265339315,3002074,6.9311
5032,285.0,371.95,0.08073127682206646,3002715,1.2940
5033,230.0,369.7,0.08069091118365543,3003212,2.1831
5034,265.0,369.8,0.0806505657280636,3003693,2.1065
5035,485.0,371.3,0.08061024044519957,3004448,0.4983
5036,395.0,370.4,0.08056993532497697,3005079,0.3640
5037,315.0,369.75,0.08052965035731449,3005688,1.2533
5038,320.0,370.25,0.08048938553213583,3006300,4.3461
5039,395.0,370.9,0.08044914083936977,3007134,1.0872
5040,370.0,370.4,0.0804089162689501,3007822,2.1674
5041,480.0,373.65,0.08036871181081562,3008466,0.6361
5042,580.0,376.2,0.08032852745491022,3009339,1.1439
5043,450.0,375.4,0.08028836319118277,3009964,0.8675
5044,360.0,376.2,0.08024821900958717,3010596,2.3868
5045,395.0,376.35,0.08020809490008239,3011332,0.5344
5046,375.0,375.15,0.08016799085263235,3012047,0.3602
5047,620.0,378.5,0.08012790685720604,3012641,1.4687
5048,300.0,378.0,0.08008784290377745,3013210,2.1666
5049,515.0,379.8,0.08004779898232556,3013962,0.6717
5050,235.0,381.35,0.0800077750828344,3014373,2.3217
5051,530.0,383.25,0.07996777119529298,3015107,1.0303
5052,375.0,384.75,0.07992778730969534,3015699,0.8009
5053,510.0,384.15,0.07988782341604049,3016403,0.9400
5054,180.0,380.6,0.07984787950433248,3016780,0.8908
5055,415.0,378.75,0.07980795556458031,3017383,0.4236
5056,470.0,380.3,0.07976805158679803,3018154,1.3222
5057,580.0,383.45,0.07972816756100463,3018926,1.0925
5058,415.0,380.65,0.07968830347722414,3019637,2.2855
5059,440.0,378.4,0.07964845932548553,3020272,0.6782
5060,220.0,378.85,0.07960863509582279,3020827,3.9250
5061,525.0,380.05,0.07956883077827488,3021921,0.9971
5062,290.0,379.65,0.07952904636288576,3022722,4.2488
5063,265.0,378.65,0.07948928183970431,3023439,0.9056
5064,440.0,379.95,0.07944953719878446,3024260,4.2860
5065,470.0,382.2,0.07940981243018508,3025134,0.3663
5066,450.0,382.4,0.07937010752396999,3025744,0.5681
5067,270.0,380.75,0.07933042247020801,3026242,0.6876
5068,280.0,380.4,0.07929075725897292,3026694,0.3258
5069,390.0,377.95,0.07925111188034344,3027395,0.4687
5070,335.0,378.55,0.07921148632440327,3028035,1.5061
5071,390.0,379.75,0.07917188058124107,3028611,0.5584
5072,215.0,380.1,0.07913229464095045,3029057,0.5114
5073,570.0,381.1,0.07909272849362999,3029743,0.4322
5074,580.0,386.55,0.07905318212938317,3030379,1.3490
5075,525.0,388.4,0.07901365553831849,3031149,0.8902
5076,345.0,388.1,0.07897414871054934,3031790,0.8851
5077,435.0,388.1,0.07893466163619406,3032557,4.3214
5078,405.0,386.3,0.07889519430537596,3033300,0.5637
5079,470.0,388.75,0.07885574670822328,3034067,1.4052
5080,260.0,387.3,0.07881631883486917,3034619,1.1073
5081,370.0,383.75,0.07877691067545174,3035197,0.7240
5082,310.0,384.2,0.07873752222011401,3035801,0.6420
5083,320.0,382.8,0.07869815345900397,3036375,0.7609
5084,470.0,384.95,0.07865880438227447,3037267,2.1800
5085,480.0,386.65,0.07861947498008334,3037842,2.9474
5086,445.0,386.5,0.0785801652425933,3038812,0.8102
5087,405.0,386.65,0.078540875159972,3039464,0.6007
5088,435.0,389.1,0.07850160472239202,3040153,2.1180
5089,215.0,386.1,0.07846235392003083,3040629,3.0289
5090,410.0,388.35,0.07842312274307081,3041374,0.7969
5091,320.0,389.0,0.07838391118169928,3042183,1.3265
5092,690.0,389.9,0.07834471922610843,3043130,1.7020
5093,570.0,392.75,0.07830554686649538,3043945,0.4250
5094,555.0,390.45,0.07826639409306213,3044836,0.7495
5095,260.0,386.7,0.0782272608960156,3045421,2.0814
5096,320.0,386.7,0.0781881472655676,3046058,1.1491
5097,375.0,387.35,0.07814905319193481,3046785,0.5924
5098,440.0,387.25,0.07810997866533885,3047619,2.9033
5099,440.0,388.8,0.07807092367600618,3048538,1.1933
5100,325.0,388.85,0.07803188821416818,3049075,0.7269
5101,445.0,389.0,0.0779928722700611,3049737,0.5718
5102,620.0,391.45,0.07795387583392607,3050434,0.3860
5103,330.0,390.7,0.07791489889600911,3050956,0.3833
5104,635.0,393.7,0.07787594144656111,3051692,0.6967
5105,260.0,391.9,0.07783700347583783,3052500,1.1046
5106,435.0,392.75,0.07779808497409992,3053593,0.8863
5107,280.0,390.65,0.07775918593161286,3054266,0.4480
5108,170.0,389.65,0.07772030633864706,3054695,0.2892
5109,125.0,387.45,0.07768144618547773,3054973,1.4888
5110,365.0,387.2,0.077642605462385,3055739,0.2198
5111,455.0,387.35,0.07760378415965381,3056655,1.5050
5112,500.0,389.35,0.077564982267574,3057455,2.6204
5113,215.0,384.3,0.07752619977644021,3057900,0.3711
5114,355.0,384.65,0.07748743667655199,3058556,0.7121
5115,390.0,385.05,0.07744869295821372,3059185,0.5465
5116,285.0,384.25,0.07740996861173462,3059667,0.5060
5117,450.0,383.4,0.07737126362742876,3060573,2.2163
5118,360.0,383.95,0.07733257799561505,3061196,1.3844
5119,690.0,385.75,0.07729391170661724,3062096,0.6924
5120,350.0,386.4,0.07725526475076394,3062742,1.8265
5121,420.0,388.15,0.07721663711838857,3063320,3.3356
5122,235.0,388.15,0.07717802879982938,3063866,0.5320
5123,475.0,389.55,0.07713943978542946,3065039,0.9478
5124,235.0,388.9,0.07710087006553674,3065535,0.3578
5125,250.0,387.25,0.07706231963050399,3065959,0.5480
5126,105.0,384.15,0.07702378847068873,3066247,0.6108
5127,390.0,384.2,0.07698527657645339,3066877,1.3613
5128,140.0,382.2,0.07694678393816516,3067257,0.3196
5129,385.0,384.55,0.07690831054619608,3067972,1.0928
5130,570.0,386.7,0.07686985639092299,3068957,1.9582
5131,250.0,387.4,0.07683142146272753,3069546,1.1578
5132,370.0,388.25,0.07679300575199617,3070271,0.8929
5133,380.0,389.75,0.07675460924912018,3070878,0.5914
5134,600.0,393.1,0.07671623194449563,3071809,1.4605
5135,370.0,391.95,0.07667787382852338,3072557,1.0375
5136,290.0,390.9,0.07663953489160913,3073265,0.7909
5137,245.0,390.2,0.07660121512416333,3073704,0.8793
5138,435.0,391.35,0.07656291451660126,3074515,1.0071
5139,255.0,389.95,0.07652463305934296,3075044,0.6667
5140,545.0,391.7,0.0764863707428133,3076058,0.4436
5141,385.0,390.75,0.07644812755744189,3076621,1.1358
5142,745.0,392.4,0.07640990349366317,3077638,0.6641
5143,440.0,392.3,0.07637169854191633,3078341,0.4102
5144,680.0,395.5,0.07633351269264538,3079245,0.7695
5145,465.0,396.2,0.07629534593629905,3080098,1.0445
5146,450.0,396.95,0.07625719826333091,3080752,0.4599
5147,605.0,396.8,0.07621906966419925,3081483,2.0055
5148,270.0,396.5,0.07618096012936716,3081979,0.6757
5149,425.0,395.6,0.07614286964930249,3082774,2.5994
5150,800.0,401.25,0.07610479821447784,3083754,0.8984
5151,300.0,398.95,0.07606674581537061,3084301,0.7451
5152,335.0,398.55,0.07602871244246293,3084929,0.9243
5153,365.0,397.1,0.0759906980862417,3085504,1.1884
5154,500.0,400.3,0.07595270273719859,3086210,1.1647
5155,375.0,399.9,0.07591472638583,3086765,1.0018
5156,235.0,397.55,0.07587676902263708,3087322,0.6304
5157,300.0,394.75,0.07583883063812577,3088030,1.2708
5158,305.0,393.65,0.07580091122280672,3088750,0.7809
5159,445.0,393.7,0.07576301076719531,3089661,0.7490
5160,310.0,394.6,0.07572512926181171,3090115,0.9235
5161,295.0,392.3,0.07568726669718082,3090766,3.4336
5162,570.0,395.1,0.07564942306383222,3091366,0.7990
5163,245.0,394.9,0.07561159835230032,3091843,0.6244
5164,610.0,396.6,0.07557379255312417,3092752,2.9321
5165,245.0,394.35,0.07553600565684761,3093211,0.4309
5166,365.0,393.5,0.07549823765401918,3093861,0.7860
5167,155.0,392.35,0.07546048853519217,3094227,1.5422
5168,405.0,393.6,0.07542275829092458,3094795,0.9277
5169,305.0,392.75,0.07538504691177912,3095377,1.0002
5170,350.0,392.9,0.07534735438832324,3095991,1.2263
5171,105.0,390.05,0.07530968071112908,3096274,0.9323
5172,410.0,392.0,0.07527202587077352,3096917,1.5908
5173,355.0,389.85,0.07523438985783813,3097608,0.6168
5174,355.0,387.6,0.07519677266290922,3098373,3.1438
5175,570.0,388.05,0.07515917427657777,3099319,1.1053
5176,220.0,386.8,0.07512159468943949,3099807,1.2072
5177,400.0,386.45,0.07508403389209478,3100507,1.7964
5178,185.0,384.25,0.07504649187514874,3101013,0.7768
5179,360.0,383.15,0.07500896862921116,3101714,1.8222
5180,390.0,384.45,0.07497146414489657,3102269,0.7599
5181,360.0,384.35,0.07493397841282412,3102852,1.1036
5182,350.0,384.75,0.07489651142361771,3103501,0.3660
5183,465.0,386.2,0.0748590631679059,3104202,0.5919
5184,360.0,385.1,0.07482163363632195,3104832,0.4827
5185,255.0,382.85,0.0747842228195038,3105386,0.8020
5186,415.0,382.55,0.07474683070809404,3106045,0.7266
5187,380.0,382.3,0.07470945729274,3106845,1.1241
5188,440.0,382.35,0.07467210256409364,3107623,1.2457
5189,200.0,382.2,0.07463476651281159,3108047,0.6440
5190,125.0,379.35,0.07459744912955518,3108331,0.4250
5191,410.0,380.25,0.07456015040499041,3109072,0.9211
5192,300.0,376.35,0.07452287032978791,3109759,0.6251
5193,385.0,374.5,0.07448560889462302,3110340,0.5786
5194,285.0,371.8,0.07444836609017572,3110875,0.6029
5195,310.0,372.3,0.07441114190713063,3111425,1.0956
5196,490.0,374.0,0.07437393633617707,3112242,2.0696
5197,365.0,373.9,0.07433674936800899,3112967,1.3969
5198,190.0,371.4,0.074299580993325,3113415,0.7412
5199,435.0,371.35,0.07426243120282834,3114071,3.8392
5200,350.0,371.6,0.07422529998722693,3114661,1.5113
5201,445.0,371.6,0.07418818733723333,3115310,3.8192
5202,425.0,369.65,0.07415109324356471,3115937,0.7968
5203,340.0,369.75,0.07411401769694294,3116463,0.4960
5204,365.0,367.05,0.07407696068809447,3117101,1.1431
5205,630.0,370.75,0.07403992220775042,3117954,2.9832
5206,320.0,369.6,0.07400290224664655,3118626,0.4560
5207,680.0,373.6,0.07396590079552323,3119417,3.6857
5208,600.0,377.9,0.07392891784512548,3120380,0.9960
5209,455.0,381.2,0.07389195338620293,3121227,0.4861
5210,305.0,380.6,0.07385500740950983,3121781,0.3603
5211,155.0,377.6,0.07381807990580508,3122165,0.8304
5212,485.0,377.45,0.07378117086585217,3122996,1.3818
5213,165.0,376.95,0.07374428028041925,3123374,0.5160
5214,340.0,376.8,0.07370740814027904,3123926,0.4957
5215,220.0,375.1,0.0736705544362089,3124387,0.7376
5216,425.0,376.5,0.0736337191589908,3125075,1.3690
5217,80.0,372.8,0.07359690229941132,3125355,0.5026
5218,290.0,372.1,0.07356010384826162,3126102,1.3340
5219,360.0,368.8,0.07352332379633748,3126761,0.4801
5220,585.0,371.15,0.07348656213443931,3127520,1.0133
5221,540.0,372.35,0.0734498188533721,3128393,0.6325
5222,235.0,372.35,0.0734130939439454,3128848,2.6737
5223,315.0,370.75,0.07337638739697344,3129323,4.4466
5224,250.0,370.9,0.07333969920327496,3129879,1.0929
5225,710.0,375.5,0.07330302935367333,3131051,0.4004
5226,265.0,377.1,0.0732663778389965,3131472,0.8105
5227,575.0,378.95,0.073229744650077,3132366,0.9002
5228,630.0,383.85,0.07319312977775197,3133072,1.5375
5229,535.0,385.35,0.0731565332128631,3133709,1.3021
5230,270.0,382.35,0.07311995494625667,3134188,0.4549
5231,500.0,384.85,0.07308339496878355,3135104,1.3123
5232,430.0,385.45,0.07304685327129916,3136001,3.3025
5233,370.0,385.35,0.07301032984466352,3136644,0.6951
5234,470.0,384.05,0.07297382467974119,3137367,3.8342
5235,800.0,388.35,0.07293733776740131,3138315,1.9428
5236,430.0,389.75,0.07290086909851762,3139100,2.0991
5237,210.0,389.4,0.07286441866396837,3139471,0.7768
5238,490.0,389.95,0.07282798645463638,3140215,1.5926
5239,375.0,391.15,0.07279157246140906,3140855,1.1229
5240,210.0,387.8,0.07275517667517836,3141285,1.9413
5241,335.0,387.3,0.07271879908684077,3141883,0.7472
5242,435.0,384.2,0.07268243968729736,3142510,0.4935
5243,335.0,383.15,0.07264609846745372,3143150,0.5328
5244,510.0,381.45,0.07260977541822,3143961,0.2927
5245,445.0,381.25,0.0725734705305109,3144666,3.2346
5246,135.0,378.1,0.07253718379524565,3145060,1.0153
5247,515.0,377.2,0.07250091520334803,3145913,0.4083
5248,400.0,378.5,0.07246466474574637,3146510,0.5256
5249,360.0,377.85,0.0724284324133735,3147207,0.6085
5250,395.0,373.8,0.07239221819716682,3147853,1.6264
5251,715.0,377.95,0.07235602208806824,3148776,2.2301
5252,345.0,378.05,0.07231984407702421,3149552,1.0061
5253,135.0,375.75,0.0722836841549857,3150025,1.2676
5254,465.0,375.4,0.07224754231290821,3150828,0.8966
5255,200.0,373.65,0.07221141854175177,3151200,0.6952
5256,555.0,376.85,0.0721753128324809,3152176,0.9451
5257,350.0,377.35,0.07213922517606466,3152783,0.8318
5258,395.0,378.25,0.07210315556347664,3153446,0.4301
5259,400.0,377.8,0.07206710398569491,3154132,0.4230
5260,455.0,379.25,0.07203107043370206,3154811,1.0974
5261,430.0,380.6,0.07199505489848522,3155455,0.5215
5262,445.0,379.35,0.07195905737103599,3156094,1.8654
5263,635.0,383.25,0.07192307784235047,3157033,0.6250
5264,335.0,380.5,0.0718871163034293,3157677,1.3027
5265,460.0,382.65,0.07185117274527758,3158404,3.2367
5266,435.0,383.35,0.07181524715890494,3159144,2.4215
5267,320.0,385.0,0.07177933953532549,3159715,3.2556
5268,210.0,383.05,0.07174344986555783,3160189,1.2024
5269,150.0,381.5,0.07170757814062506,3160610,1.4467
5270,440.0,382.4,0.07167172435155475,3161334,2.9958
5271,350.0,384.85,0.07163588848937898,3162029,0.8376
5272,360.0,384.35,0.07160007054513429,3162597,0.8205
5273,320.0,384.0,0.07156427050986172,3163184,0.9008
5274,495.0,385.4,0.07152848837460679,3163731,1.5482
5275,125.0,380.95,0.07149272413041949,3164013,0.5871
5276,290.0,381.65,0.07145697776835429,3164501,1.2696
5277,275.0,380.4,0.07142124927947012,3165183,2.0341
5278,325.0,381.8,0.07138553865483038,3165918,0.4769
5279,390.0,382.1,0.07134984588550297,3166547,3.1163
5280,320.0,381.4,0.07131417096256022,3167096,0.4951
5281,360.0,381.4,0.07127851387707895,3167768,0.6186
5282,450.0,382.4,0.07124287462014042,3168368,1.0811
5283,385.0,381.6,0.07120725318283036,3169034,1.1177
5284,285.0,380.85,0.07117164955623895,3169764,0.8879
5285,640.0,384.7,0.07113606373146084,3170582,1.8845
5286,325.0,383.8,0.0711004956995951,3171021,0.9021
5287,200.0,382.0,0.07106494545174531,3171506,0.9134
5288,310.0,380.7,0.07102941297901945,3172168,0.4504
5289,410.0,382.8,0.07099389827252994,3172825,1.0768
5290,440.0,385.95,0.07095840132339368,3173492,1.0318
5291,300.0,384.85,0.07092292212273199,3174050,1.0177
5292,185.0,383.7,0.07088746066167063,3174513,1.8453
5293,245.0,382.3,0.0708520169313398,3174911,0.4402
5294,310.0,382.55,0.07081659092287414,3175482,0.7975
5295,365.0,383.1,0.0707811826274127,3176178,0.6198
5296,105.0,379.25,0.070745792036099,3176459,0.9332
5297,470.0,380.3,0.07071041914008096,3177148,0.7812
5298,255.0,380.95,0.07067506393051091,3177731,1.5309
5299,160.0,378.2,0.07063972639854567,3178098,1.2333
5300,610.0,380.8,0.0706044065353464,3178738,1.0836
5301,210.0,378.45,0.07056910433207873,3179153,0.4475
5302,235.0,376.55,0.0705338197799127,3179634,1.0057
5303,390.0,377.05,0.07049855287002275,3180231,1.0048
5304,775.0,381.15,0.07046330359358775,3181159,1.2592
5305,315.0,378.0,0.07042807194179096,3181876,0.6480
5306,510.0,379.9,0.07039285790582007,3182709,0.8742
5307,280.0,375.9,0.07035766147686717,3183324,1.2570
5308,455.0,374.45,0.07032248264612874,3183979,1.4639
5309,425.0,374.15,0.07028732140480567,3184618,0.5679
5310,455.0,375.65,0.07025217774410328,3185391,1.3002
5311,440.0,378.5,0.07021705165523123,3186056,4.1188
5312,235.0,376.0,0.07018194312940362,3186570,1.5937
5313,460.0,378.95,0.07014685215783893,3187383,0.6935
5314,335.0,378.9,0.07011177873176001,3188038,1.0286
5315,440.0,381.1,0.07007672284239413,3188694,1.7420
5316,290.0,379.75,0.07004168448097293,3189118,1.7541
5317,280.0,381.75,0.07000666363873245,3189609,0.6109
5318,455.0,383.4,0.0699716603069131,3190448,0.9429
5319,715.0,386.95,0.06993667447675965,3191542,0.8740
5320,315.0,384.25,0.06990170613952128,3192115,3.0119
5321,230.0,381.15,0.06986675528645152,3192692,1.1963
5322,575.0,384.55,0.0698318219088083,3193480,1.2084
5323,450.0,385.9,0.06979690599785389,3194267,1.2145
5324,245.0,385.85,0.06976200754485497,3194773,0.5933
5325,375.0,382.5,0.06972712654108254,3195584,0.9938
5326,490.0,384.75,0.069692262977812,3196316,3.3177
5327,540.0,384.4,0.0696574168463231,3197208,1.0396
5328,180.0,379.9,0.06962258813789994,3197677,2.0768
5329,220.0,376.75,0.069587776843831,3198193,1.1318
5330,495.0,379.0,0.06955298295540908,3199031,0.4251
5331,805.0,382.05,0.06951820646393138,3199941,0.8206
5332,585.0,383.6,0.06948344736069942,3200554,1.7786
5333,525.0,385.15,0.06944870563701908,3201223,0.9223
5334,290.0,383.35,0.06941398128420057,3201793,0.7813
5335,515.0,380.5,0.06937927429355847,3202752,0.7243
5336,260.0,378.8,0.0693445846564117,3203272,1.2511
5337,640.0,383.1,0.0693099123640835,3204047,0.3769
5338,205.0,380.25,0.06927525740790147,3204522,1.4351
5339,300.0,379.5,0.06924061977919753,3205051,1.1498
5340,430.0,381.7,0.06920599946930793,3205990,0.2532
5341,470.0,383.05,0.06917139646957328,3206842,1.2284
5342,355.0,382.25,0.0691368107713385,3207482,0.4631
5343,570.0,384.6,0.06910224236595283,3208318,1.0337
5344,335.0,382.85,0.06906769124476986,3208969,0.5473
5345,415.0,382.55,0.06903315739914748,3209534,1.0300
5346,320.0,384.4,0.0689986408204479,3210102,0.3005
5347,320.0,382.45,0.06896414150003768,3210667,0.3543
5348,315.0,381.6,0.06892965942928767,3211314,2.2698
5349,550.0,383.5,0.06889519459957302,3211956,1.0101
5350,715.0,386.7,0.06886074700227324,3212875,0.6622
5351,770.0,387.25,0.0688263166287721,3213771,0.3468
5352,515.0,388.95,0.06879190347045772,3214442,1.2222
5353,430.0,391.9,0.06875750751872249,3215099,0.8380
5354,410.0,391.35,0.06872312876496313,3215911,1.1656
5355,100.0,390.35,0.06868876720058065,3216200,0.6380
5356,705.0,391.85,0.06865442281698036,3217013,0.9094
5357,390.0,392.25,0.06862009560557188,3217692,3.2688
5358,440.0,392.7,0.06858578555776909,3218455,2.8182
5359,380.0,392.5,0.06855149266499021,3219178,0.8167
5360,205.0,390.0,0.06851721691865771,3219662,1.8680
5361,585.0,391.55,0.06848295831019839,3220342,0.7970
5362,290.0,390.0,0.0684487168310433,3220961,1.3930
5363,230.0,385.95,0.06841449247262778,3221341,0.4490
5364,385.0,386.45,0.06838028522639147,3222182,0.6265
5365,225.0,384.1,0.06834609508377829,3222693,0.8370
5366,210.0,381.85,0.0683119220362364,3223064,0.5297
5367,410.0,382.75,0.06827776607521828,3223891,1.4871
5368,320.0,383.85,0.06824362719218068,3224527,0.7503
5369,95.0,383.3,0.06820950537858458,3224805,0.7348
5370,630.0,385.2,0.06817540062589529,3225576,1.0952
5371,245.0,384.15,0.06814131292558234,3226153,2.1048
5372,410.0,384.65,0.06810724226911956,3226820,1.1366
5373,415.0,385.6,0.068073188647985,3227439,0.3887
5374,610.0,386.75,0.06803915205366101,3228088,1.9372
5375,435.0,389.85,0.06800513247763418,3228687,0.7384
5376,460.0,391.55,0.06797112991139537,3229255,1.3968
5377,245.0,391.25,0.06793714434643967,3229650,1.6356
5378,355.0,391.55,0.06790317577426645,3230271,0.6370
5379,215.0,389.8,0.06786922418637932,3230715,2.8342
5380,275.0,389.35,0.06783528957428614,3231253,0.7114
5381,330.0,389.05,0.067801371929499,3231903,1.4250
5382,530.0,389.85,0.06776747124353426,3232548,2.2211
5383,410.0,390.1,0.06773358750791249,3233193,0.5773
5384,495.0,392.2,0.06769972071415853,3234124,0.4791
5385,575.0,391.55,0.06766587085380145,3234959,0.5502
5386,190.0,390.2,0.06763203791837455,3235415,0.5948
5387,445.0,392.65,0.06759822189941536,3236120,0.6569
5388,405.0,393.6,0.06756442278846565,3236866,2.3183
5389,320.0,392.7,0.06753064057707142,3237488,3.0907
5390,175.0,390.05,0.06749687525678288,3237895,1.1623
5391,325.0,390.3,0.06746312681915449,3238434,1.9096
5392,350.0,391.95,0.06742939525574491,3239032,0.2748
5393,80.0,390.3,0.06739568055811705,3239330,3.1047
5394,570.0,392.9,0.067361982717838,3240224,1.1810
5395,160.0,390.85,0.06732830172647908,3240593,0.8295
5396,355.0,393.35,0.06729463757561584,3241165,1.0618
5397,385.0,392.5,0.06726099025682804,3241856,1.1837
5398,315.0,393.1,0.06722735976169962,3242338,1.0429
5399,430.0,395.8,0.06719374608181877,3243043,0.1344
5400,575.0,395.45,0.06716014920877787,3244175,0.8984
5401,65.0,394.0,0.06712656913417349,3244461,0.3746
5402,430.0,395.95,0.06709300584960641,3245297,0.8318
5403,335.0,395.4,0.06705945934668162,3245912,1.5029
5404,540.0,393.05,0.06702592961700828,3246874,2.7587
5405,290.0,392.8,0.06699241665219978,3247479,1.2598
5406,260.0,390.3,0.06695892044387368,3247998,0.4525
5407,390.0,391.4,0.06692544098365175,3248666,0.3663
5408,205.0,388.9,0.06689197826315993,3249157,1.5207
5409,445.0,389.1,0.06685853227402835,3249891,1.7077
5410,245.0,387.0,0.06682510300789134,3250428,0.8744
5411,495.0,387.55,0.0667916904563874,3251131,0.5573
5412,335.0,388.55,0.06675829461115922,3251741,1.0664
5413,570.0,389.65,0.06672491546385365,3252576,0.8050
5414,270.0,389.0,0.06669155300612173,3253069,0.5596
5415,200.0,386.6,0.06665820722961867,3253431,2.8948
5416,405.0,387.75,0.06662487812600386,3254027,1.2882
5417,355.0,388.5,0.06659156568694086,3254698,1.4474
5418,220.0,386.15,0.06655826990409738,3255302,0.6520
5419,490.0,383.9,0.06652499076914534,3256104,0.1807
5420,245.0,383.2,0.06649172827376076,3256588,3.4399
5421,380.0,384.7,0.06645848240962389,3257304,1.1609
5422,400.0,382.95,0.06642525316841909,3257884,1.2255
5423,245.0,380.9,0.06639204054183488,3258538,6.8891
5424,290.0,381.35,0.06635884452156397,3259158,0.7159
5425,450.0,382.1,0.0663256650993032,3260133,1.7668
5426,350.0,380.7,0.06629250226675355,3260782,0.3129
5427,395.0,379.25,0.06625935601562018,3261371,1.0796
5428,475.0,382.2,0.06622622633761237,3262199,0.6461
5429,195.0,381.95,0.06619311322444356,3262686,0.4492
5430,285.0,379.85,0.06616001666783133,3263384,3.0239
5431,340.0,375.2,0.06612693665949743,3264105,7.0493
5432,490.0,374.25,0.06609387319116768,3264816,2.4629
5433,695.0,375.95,0.0660608262545721,3265754,0.5551
5434,350.0,376.55,0.06602779584144482,3266566,1.1402
5435,395.0,375.35,0.0659947819435241,3267163,0.8408
5436,250.0,375.25,0.06596178455255233,3267691,0.5141
5437,365.0,372.5,0.06592880366027606,3268331,0.8427
5438,405.0,374.5,0.06589583925844593,3268928,0.8962
5439,365.0,375.15,0.0658628913388167,3269691,1.0372
5440,105.0,371.9,0.0658299598931473,3269973,1.6662
5441,275.0,369.95,0.06579704491320074,3270638,1.2245
5442,410.0,370.5,0.06576414639074414,3271177,3.6178
5443,365.0,368.45,0.06573126431754878,3271878,1.5473
5444,535.0,370.45,0.06569839868539,3272494,0.4327
5445,435.0,370.65,0.0656655494860473,3273077,1.5342
5446,415.0,371.6,0.06563271671130429,3273855,2.0029
5447,350.0,371.9,0.06559990035294865,3274524,0.8077
5448,465.0,373.4,0.06556710040277218,3275271,0.8181
5449,665.0,374.55,0.0655343168525708,3276015,0.9989
5450,360.0,371.0,0.06550154969414453,3276656,0.9493
5451,385.0,367.15,0.06546879891929745,3277312,0.9930
5452,575.0,367.75,0.06543606451983781,3278242,1.2022
5453,360.0,367.05,0.0654033464875779,3278916,0.4295
5454,635.0,369.3,0.0653706448143341,3279521,0.6423
5455,320.0,371.5,0.06533795949192694,3280226,1.7171
5456,285.0,367.3,0.06530529051218098,3280663,3.3620
5457,535.0,368.75,0.06527263786692489,3281629,1.2328
5458,345.0,367.8,0.06524000154799142,3282269,1.4084
5459,305.0,367.05,0.06520738154721743,3282842,0.3467
5460,385.0,368.85,0.06517477785644382,3283491,0.8178
5461,285.0,365.85,0.0651421904675156,3284103,0.6696
5462,185.0,364.8,0.06510961937228184,3284519,0.4902
5463,385.0,366.35,0.0650770645625957,3285203,0.5726
5464,285.0,365.35,0.0650445260303144,3285631,1.4297
5465,210.0,365.2,0.06501200376729924,3286175,0.4075
5466,255.0,365.65,0.06497949776541559,3286620,1.4160
5467,365.0,365.2,0.06494700801653289,3287291,2.4990
5468,480.0,366.8,0.06491453451252463,3288170,2.2163
5469,190.0,367.75,0.06488207724526837,3288615,0.8171
5470,395.0,365.4,0.06484963620664574,3289292,0.8356
5471,125.0,364.2,0.06481721138854242,3289568,0.5562
5472,455.0,364.65,0.06478480278284815,3290274,0.7730
5473,365.0,364.15,0.06475241038145672,3290961,1.4982
5474,360.0,361.65,0.064720034176266,3291562,0.9629
5475,390.0,361.2,0.06468767415917787,3292132,2.3680
5476,150.0,358.1,0.06465533032209828,3292409,1.0142
5477,370.0,359.35,0.06462300265693723,3293106,0.4451
5478,105.0,356.85,0.06459069115560875,3293391,1.3522
5479,430.0,359.0,0.06455839581003095,3294089,1.6236
5480,290.0,359.15,0.06452611661212594,3294650,1.2693
5481,305.0,358.9,0.06449385355381988,3295243,0.4365
5482,340.0,357.0,0.06446160662704298,3295934,1.4864
5483,295.0,355.85,0.06442937582372946,3296552,1.8709
5484,335.0,354.25,0.0643971611358176,3297101,0.5756
5485,135.0,349.85,0.06436496255524969,3297515,1.6031
5486,320.0,351.15,0.06433278007397207,3298090,0.9438
5487,350.0,350.2,0.06430061368393508,3298748,1.6488
5488,440.0,350.55,0.06426846337709312,3299567,0.9814
5489,570.0,353.05,0.06423632914540457,3300468,1.3800
5490,500.0,356.3,0.06420421098083187,3301462,1.6048
5491,210.0,355.15,0.06417210887534146,3301918,2.6590
5492,715.0,358.8,0.0641400228209038,3302826,0.3030
5493,335.0,361.35,0.06410795280949334,3303365,1.4339
5494,340.0,359.05,0.0640758988330886,3303960,0.5157
5495,300.0,360.45,0.06404386088367206,3304460,0.8408
5496,315.0,360.05,0.06401183895323023,3304969,0.4150
5497,470.0,360.9,0.06397983303375362,3305737,0.5121
5498,315.0,360.9,0.06394784311723675,3306224,0.5266
5499,620.0,362.8,0.06391586919567814,3306942,1.2109
5500,125.0,358.3,0.06388391126108031,3307223,2.3870
5501,500.0,362.65,0.06385196930544977,3308137,0.6172
5502,510.0,363.45,0.06382004332079705,3309012,2.2422
5503,605.0,366.15,0.06378813329913666,3309712,1.8926
5504,255.0,363.3,0.06375623923248709,3310184,0.7088
5505,525.0,365.65,0.06372436111287084,3310981,0.2907
5506,185.0,364.9,0.0636924989323144,3311334,0.5816
5507,435.0,365.35,0.06366065268284825,3312249,1.6214
5508,540.0,368.7,0.06362882235650683,3313233,0.9505
5509,330.0,367.55,0.06359700794532858,3313915,2.0570
5510,450.0,369.6,0.06356520944135592,3314731,1.1655
5511,170.0,366.35,0.06353342683663525,3315278,1.9557
5512,355.0,366.55,0.06350166012321694,3315959,0.6169
5513,290.0,363.75,0.06346990929315534,3316568,1.3254
5514,425.0,365.3,0.06343817433850876,3317337,1.1906
5515,545.0,368.75,0.0634064552513395,3317869,0.5598
5516,445.0,369.15,0.06337475202371384,3318684,1.2165
5517,430.0,369.9,0.063343064647702,3319521,0.4441
5518,220.0,369.9,0.06331139311537815,3320037,1.2498
5519,600.0,371.0,0.06327973741882045,3321113,1.8625
5520,245.0,371.0,0.06324809755011104,3321774,0.5057
5521,410.0,371.3,0.063216473501336,3322441,1.6206
5522,440.0,371.7,0.06318486526458533,3323111,0.8860
5523,470.0,373.95,0.06315327283195304,3323957,0.6040
5524,220.0,373.25,0.06312169619553708,3324624,1.2936
5525,515.0,373.9,0.06309013534743932,3325287,0.8688
5526,425.0,374.65,0.0630585902797656,3326165,1.2383
5527,205.0,372.75,0.06302706098462572,3326688,0.5969
5528,505.0,373.05,0.06299554745413341,3327260,1.1740
5529,380.0,374.9,0.06296404968040635,3327878,0.6152
5530,80.0,372.85,0.06293256765556615,3328235,1.3457
5531,260.0,372.05,0.06290110137173838,3328715,0.9211
5532,355.0,370.7,0.06286965082105252,3329340,0.3896
5533,310.0,366.85,0.06283821599564199,3329875,2.0182
5534,350.0,366.85,0.06280679688764416,3330572,0.6133
5535,295.0,365.85,0.06277539348920035,3331115,0.7718
5536,625.0,369.6,0.06274400579245575,3332162,2.3617
5537,690.0,372.85,0.06271263378955952,3333080,1.0899
5538,360.0,372.4,0.06268127747266475,3333684,1.3411
5539,270.0,371.45,0.06264993683392842,3334175,2.1170
5540,620.0,376.6,0.06261861186551146,3334874,0.3579
5541,380.0,377.65,0.0625873025595787,3335695,1.1929
5542,540.0,378.95,0.06255600890829892,3336556,0.8609
5543,395.0,379.25,0.06252473090384478,3337325,1.2067
5544,335.0,377.25,0.06249346853839286,3338017,0.7267
5545,345.0,376.35,0.06246222180412367,3338789,2.9109
5546,275.0,374.95,0.06243099069322161,3339349,1.0723
5547,185.0,373.3,0.062399775197875006,3339721,0.9412
5548,255.0,371.2,0.06236857531027607,3340323,0.6627
5549,335.0,367.9,0.06233739102262094,3340978,0.6917
5550,335.0,367.65,0.06230622232710963,3341725,0.7797
5551,340.0,367.2,0.06227506921594608,3342404,1.0070
5552,385.0,365.3,0.06224393168133811,3343093,0.5221
5553,355.0,365.25,0.06221280971549745,3343698,0.6157
5554,570.0,364.6,0.0621817033106397,3344694,0.2888
5555,390.0,365.3,0.062150612458984386,3345265,0.9854
5556,430.0,366.75,0.062119537152754895,3346024,0.2409
5557,320.0,364.6,0.06208847738417852,3346604,0.8015
5558,315.0,364.3,0.06205743314548643,3347039,1.9633
5559,630.0,367.55,0.06202640442891369,3348101,0.2816
5560,445.0,368.15,0.06199539122669923,3348879,0.3599
5561,375.0,369.05,0.06196439353108588,3349490,1.2580
5562,540.0,372.6,0.06193341133432034,3350331,0.9112
5563,355.0,372.3,0.061902444628653186,3350967,1.1474
5564,375.0,373.2,0.061871493406338865,3351682,2.2391
5565,415.0,375.25,0.0618405576596357,3352315,2.8818
5566,335.0,376.05,0.06180963738080588,3352857,0.6014
5567,350.0,375.9,0.06177873256211548,3353486,3.8256
5568,600.0,377.1,0.06174784319583443,3354330,1.6572
5569,180.0,377.0,0.06171696927423651,3354868,0.8226
5570,250.0,375.55,0.061686110789599395,3355504,1.1229
5571,460.0,378.9,0.0616552677342046,3356323,3.3418
5572,445.0,378.8,0.0616244401003375,3357113,1.5618
5573,670.0,381.85,0.061593627880287334,3358027,0.6395
5574,285.0,381.1,0.0615628310663472,3358605,0.7005
5575,405.0,381.25,0.061532049650814026,3359333,0.3506
5576,735.0,387.1,0.061501283625988626,3360233,0.5190
5577,320.0,386.6,0.06147053298417564,3360783,0.4180
5578,380.0,389.35,0.061439797717683556,3361617,0.8584
5579,385.0,388.9,0.061409077818824716,3362290,0.5863
5580,295.0,388.95,0.061378373279915306,3362865,0.2775
5581,545.0,391.35,0.06134768409327535,3363696,0.7325
5582,290.0,390.85,0.06131701025122872,3364335,4.2409
5583,665.0,394.55,0.061286351746103106,3365320,0.5106
5584,455.0,395.75,0.06125570857023006,3366231,0.8439
5585,330.0,397.7,0.06122508071594494,3366878,3.0811
5586,715.0,401.65,0.06119446817558698,3367920,0.6382
5587,335.0,401.5,0.061163870941499186,3368574,0.6821
5588,260.0,399.7,0.06113328900602844,3369240,1.8356
5589,410.0,398.1,0.06110272236152543,3370217,2.2337
5590,185.0,394.95,0.06107217100034467,3370697,0.8489
5591,355.0,396.4,0.0610416349148445,3371362,0.7998
5592,370.0,392.95,0.06101111409738708,3371963,0.5012
5593,395.0,393.55,0.06098060854033839,3372735,1.0316
5594,450.0,394.65,0.060950118236068225,3373578,1.8256
5595,410.0,395.75,0.06091964317695019,3374427,0.9718
5596,515.0,397.75,0.06088918335536172,3375262,0.3808
5597,250.0,395.55,0.06085873876368404,3375925,4.5187
5598,170.0,394.1,0.060828309394302206,3376409,1.4848
5599,470.0,392.6,0.060797895239605056,3377249,0.7242
5600,385.0,395.2,0.06076749629198526,3377923,0.4670
5601,440.0,394.6,0.06073711254383927,3378869,0.7639
5602,350.0,393.0,0.060706743987567355,3379464,1.0890
5603,635.0,393.3,0.060676390615573575,3380136,0.3475
5604,455.0,395.3,0.06064605242026579,3380888,0.8096
5605,315.0,393.2,0.06061572939405566,3381406,0.7324
5606,600.0,397.35,0.06058542152935864,3382396,1.1457
5607,230.0,395.3,0.06055512881859396,3382983,1.1389
5608,360.0,393.5,0.06052485125418467,3383732,0.6926
5609,430.0,394.5,0.06049458882855758,3384467,0.5456
5610,295.0,392.95,0.060464341534143304,3385162,1.0486
5611,260.0,393.85,0.06043410936337624,3385709,1.4426
5612,615.0,396.45,0.06040389230869456,3386344,0.9190
5613,490.0,398.45,0.060373690362540214,3387275,1.4424
5614,225.0,396.45,0.06034350351735895,3387703,1.0937
5615,345.0,394.45,0.06031333176560027,3388398,0.9364
5616,450.0,394.5,0.06028317509971747,3389166,0.4448
5617,265.0,392.85,0.06025303351216762,3389758,0.9805
5618,375.0,394.4,0.06022290699541154,3390415,0.5145
5619,100.0,389.4,0.060192795541913834,3390693,6.6189
5620,440.0,391.35,0.06016269914414288,3391569,0.3591
5621,430.0,391.55,0.06013261779457081,3392304,0.9935
5622,655.0,393.7,0.060102551485673526,3393265,0.4957
5623,320.0,392.2,0.06007250020993069,3393931,0.4561
5624,225.0,392.25,0.06004246395982573,3394473,3.0007
5625,505.0,392.15,0.06001244272784582,3395359,0.8295
5626,345.0,391.35,0.0599824365064819,3396126,1.2891
5627,290.0,392.2,0.05995244528822866,3396792,0.4048
5628,260.0,389.75,0.05992246906558455,3397302,3.3991
5629,280.0,388.75,0.05989250783105176,3398090,0.9094
5630,235.0,390.3,0.059862561577136236,3398633,1.0305
5631,495.0,392.65,0.05983263029634767,3399567,0.5956
5632,365.0,392.75,0.059802713981199504,3400233,0.6448
5633,245.0,392.1,0.05977281262420891,3400669,1.1389
5634,215.0,390.75,0.059742926217896807,3401089,0.4260
5635,275.0,390.55,0.05971305475478786,3401678,0.6110
5636,285.0,387.15,0.059683198227410465,3402450,0.5947
5637,225.0,382.5,0.059653356628296766,3402975,1.5547
5638,395.0,382.85,0.05962352994998262,3403724,1.6446
5639,515.0,385.3,0.05959371818500763,3404704,0.4526
5640,360.0,382.7,0.059563921325915134,3405433,2.0306
5641,80.0,379.7,0.05953413936525218,3405714,0.3479
5642,325.0,377.55,0.05950437229556956,3406298,0.7487
5643,140.0,375.0,0.05947462010942178,3406675,0.8210
5644,430.0,375.95,0.05944488279936708,3407384,0.9490
5645,260.0,375.1,0.05941516035796739,3407801,7.4124
5646,310.0,375.45,0.059385452777788415,3408441,0.7389
5647,180.0,375.4,0.059355760051399524,3408850,0.6693
5648,450.0,377.35,0.05932608217137383,3409628,1.0549
5649,310.0,377.1,0.059296419130288144,3410221,1.2907
5650,495.0,378.7,0.059266770920723,3410992,0.6159
5651,420.0,379.5,0.05923713753526264,3411833,0.7735
5652,430.0,379.95,0.05920751896649502,3412434,4.0496
5653,270.0,379.1,0.05917791520701177,3413063,0.7362
5654,245.0,375.85,0.05914832624940827,3413632,0.5095
5655,500.0,376.95,0.059118752086283574,3414429,0.7392
5656,355.0,376.2,0.059089192710240435,3415132,0.8210
5657,225.0,375.25,0.05905964811388532,3415526,1.5569
5658,335.0,375.45,0.059030118289828376,3416110,1.2404
5659,360.0,372.75,0.059000603230683464,3416763,1.1183
5660,300.0,371.3,0.058971102929068125,3417441,0.4537
5661,420.0,371.75,0.058941617377603596,3418114,0.7485
5662,420.0,370.55,0.058912146568914796,3418921,1.3191
5663,515.0,372.15,0.058882690495630344,3419605,1.5145
5664,245.0,370.85,0.05885324915038253,3420196,1.0457
5665,400.0,370.7,0.05882382252580734,3421039,0.5375
5666,400.0,371.35,0.05879441061454444,3421810,1.1727
5667,260.0,370.45,0.05876501340923717,3422287,0.8212
5668,440.0,368.85,0.05873563090253255,3423169,0.3652
5669,315.0,370.2,0.05870626308708129,3423815,0.4882
5670,270.0,370.4,0.05867690995553775,3424272,1.8929
5671,315.0,368.95,0.058647571500559985,3424834,1.3037
5672,355.0,368.05,0.05861824771480971,3425620,2.8826
5673,365.0,365.0,0.05858893859095231,3426336,4.0510
5674,100.0,363.15,0.05855964412165684,3426625,0.4289
5675,420.0,363.3,0.058530364299596016,3427189,1.5857
5676,375.0,359.7,0.05850109911744622,3427960,0.9559
5677,600.0,362.5,0.0584718485678875,3428866,1.7352
5678,510.0,363.8,0.05844261264360356,3429536,2.8535
5679,365.0,363.6,0.05841339133728176,3430400,1.0337
5680,380.0,364.45,0.05838418464161312,3431036,1.4870
5681,245.0,361.45,0.05835499254929232,3431569,1.3550
5682,545.0,364.0,0.05832581505301768,3432469,0.8122
5683,335.0,360.7,0.05829665214549117,3433186,0.7628
5684,575.0,361.9,0.05826750381941843,3434372,1.7635
5685,210.0,360.7,0.05823837006750872,3434848,0.5367
5686,605.0,359.6,0.058209250882474965,3435533,1.0216
5687,280.0,359.05,0.05818014625703373,3435992,0.7372
5688,300.0,359.45,0.05815105618390522,3436615,1.5313
5689,440.0,359.75,0.05812198065581327,3437469,1.0787
5690,320.0,361.1,0.05809291966548537,3438033,1.3886
5691,485.0,362.4,0.05806387320565263,3438957,1.0069
5692,575.0,364.45,0.05803484126904981,3439835,0.4688
5693,285.0,363.35,0.05800582384841529,3440264,1.2610
5694,425.0,363.1,0.057976820936491084,3441189,0.7504
5695,365.0,362.65,0.05794783252602284,3441787,1.2238
5696,510.0,362.6,0.05791885860975983,3442336,0.4869
5697,510.0,365.2,0.05788989918045495,3443229,0.5999
5698,820.0,371.7,0.05786095423086473,3444136,2.6198
5699,315.0,370.15,0.0578320237537493,3444594,0.8419
5700,85.0,367.15,0.05780310774187243,3444890,0.6840
5701,335.0,366.1,0.0577742061880015,3445525,0.5032
5702,420.0,366.8,0.0577453190849075,3446161,0.6122
5703,275.0,363.2,0.05771644642536505,3446785,0.6475
5704,425.0,362.9,0.057687588202152376,3447393,1.0877
5705,255.0,362.3,0.057658744408051306,3447853,3.1329
5706,105.0,357.35,0.05762991503584728,3448288,0.4155
5707,350.0,358.55,0.05760110007832936,3448997,0.9353
5708,120.0,356.15,0.0575722995282902,3449531,6.1287
5709,160.0,353.45,0.057543513378526055,3450080,0.4853
5710,440.0,354.9,0.0575147416218368,3450766,1.0537
5711,660.0,358.9,0.057485984251025884,3451547,0.5813
5712,365.0,356.4,0.05745724125890037,3452270,1.0921
5713,310.0,354.6,0.05742851263827092,3452829,2.9250
5714,660.0,358.95,0.05739979838195179,3453831,1.8359
5715,535.0,360.85,0.05737109848276082,3454424,0.8259
5716,540.0,361.75,0.057342412933519445,3455126,0.6294
5717,645.0,365.55,0.05731374172705269,3455791,0.5315
5718,570.0,367.5,0.05728508485618917,3456586,1.0431
5719,315.0,369.65,0.05725644231376108,3457213,0.7105
5720,320.0,368.45,0.0572278140926042,3457810,1.1142
5721,140.0,365.55,0.0571992001855579,3458181,1.4777
5722,140.0,360.4,0.05717060058546512,3458661,1.0320
5723,365.0,360.85,0.05714201528517239,3459290,0.7950
5724,340.0,362.0,0.057113444277529804,3459902,0.5489
5725,365.0,360.6,0.05708488755539104,3460577,1.6146
5726,100.0,358.15,0.057056345111613345,3460856,0.4603
5727,205.0,357.3,0.05702781693905754,3461233,0.6750
5728,300.0,357.7,0.05699930303058802,3461874,1.7718
5729,470.0,359.6,0.05697080337907273,3462632,1.0191
5730,320.0,360.45,0.0569423179773832,3463247,1.0838
5731,355.0,359.05,0.056913846818394516,3463902,0.8338
5732,335.0,358.75,0.05688538989498532,3464562,1.2079
5733,180.0,358.1,0.05685694720003783,3464979,0.4816
5734,425.0,360.2,0.056828518726437814,3465722,0.4874
5735,365.0,361.1,0.0568001044670746,3466354,1.9608
5736,275.0,361.0,0.056771704414841064,3466914,2.3110
5737,575.0,364.5,0.05674331856263365,3467859,1.1273
5738,335.0,363.9,0.05671494690335233,3468434,0.6394
5739,560.0,364.35,0.05668658942990066,3469333,0.3502
5740,480.0,365.55,0.05665824613518571,3470379,0.5204
5741,420.0,368.95,0.05662991701211812,3471045,1.5745
5742,420.0,369.9,0.05660160205361207,3471776,0.3887
5743,305.0,371.55,0.056573301252585265,3472624,0.9415
5744,545.0,372.7,0.05654501460195897,3473496,1.6938
5745,175.0,371.85,0.056516742094658,3473871,0.7945
5746,535.0,374.1,0.05648848372361067,3474522,1.8938
5747,240.0,374.7,0.056460239481748865,3474963,0.8221
5748,300.0,373.2,0.05643200936200799,3475434,1.1850
5749,535.0,375.45,0.05640379335732699,3476296,0.5832
5750,200.0,372.5,0.05637559146064833,3476757,0.6872
5751,495.0,373.25,0.05634740366491801,3477646,1.0910
5752,435.0,373.3,0.056319229963085554,3478543,0.4596
5753,445.0,375.05,0.056291070348104016,3479340,1.9962
5754,405.0,376.65,0.056262924812929965,3479935,0.9026
5755,870.0,380.35,0.056234793350523504,3480887,2.7382
5756,460.0,381.4,0.05620667595384825,3481604,0.9553
5757,310.0,382.25,0.05617857261587133,3482302,1.4743
5758,220.0,381.1,0.0561504833295634,3482901,0.4754
5759,395.0,381.45,0.05612240808789862,3483626,0.3169
5760,405.0,382.5,0.05609434688385467,3484290,0.6375
5761,505.0,383.35,0.05606629971041275,3485055,1.5809
5762,775.0,386.9,0.05603826656055755,3485754,2.8444
5763,310.0,384.85,0.056010247427277275,3486347,0.5297
5764,275.0,385.15,0.05598224230356364,3486904,0.5879
5765,390.0,385.05,0.05595425118241186,3487499,1.5944
5766,315.0,384.2,0.05592627405682066,3488261,0.9424
5767,325.0,384.85,0.05589831091979225,3488906,0.3944
5768,540.0,385.85,0.055870361764332355,3489672,1.4350
5769,345.0,386.15,0.05584242658345019,3490304,0.3378
5770,225.0,385.7,0.05581450537015847,3490830,0.7865
5771,640.0,388.95,0.05578659811747339,3491689,1.2629
5772,365.0,389.05,0.05575870481841466,3492376,0.5434
5773,395.0,389.35,0.055730825466005454,3493077,0.9727
5774,405.0,392.4,0.05570296005327245,3493734,0.7555
5775,515.0,393.35,0.05567510857324582,3494572,1.9456
5776,320.0,392.8,0.0556472710189592,3495236,1.6746
5777,390.0,390.7,0.055619447383449726,3495936,1.5064
5778,315.0,388.75,0.055591637659758004,3496596,2.2830
5779,540.0,390.5,0.05556384184092813,3497433,1.1699
5780,440.0,391.1,0.055536059920007666,3498392,1.0647
5781,385.0,392.5,0.05550829189004766,3498979,0.6179
5782,380.0,390.85,0.055480537744102644,3499910,1.0504
5783,315.0,390.65,0.055452797475230596,3500485,0.8188
5784,470.0,389.6,0.055425071076492985,3501298,1.3756
5785,500.0,392.5,0.05539735854095474,3502186,0.3049
5786,385.0,390.3,0.05536965986168427,3502896,0.8280
5787,445.0,391.95,0.05534197503175343,3503671,1.4573
5788,300.0,391.95,0.05531430404423755,3504355,0.9992
5789,360.0,391.15,0.055286646892215435,3505149,0.9648
5790,315.0,391.1,0.05525900356876933,3505722,0.5317
5791,255.0,388.8,0.05523137406698495,3506175,0.5102
5792,715.0,390.2,0.055203758379951465,3507078,0.8077
5793,435.0,391.7,0.05517615650076149,3507939,1.0189
5794,410.0,391.55,0.05514856842251111,3508613,3.1335
5795,495.0,392.85,0.05512099413829986,3509403,0.5736
5796,415.0,391.9,0.05509343364123071,3510123,1.1224
5797,35.0,387.15,0.0550658869244101,3510405,0.5072
5798,355.0,382.5,0.0550383539809479,3510951,2.3825
5799,455.0,383.9,0.05501083480395743,3511795,1.0782
5800,450.0,387.55,0.05498332938655545,3512567,0.5819
5801,335.0,387.55,0.054955837721862175,3513225,1.3690
5802,390.0,387.25,0.054928359803001245,3514109,0.6831
5803,405.0,388.55,0.05490089562309975,3514741,0.5737
5804,320.0,387.5,0.0548734451752882,3515380,0.4363
5805,290.0,387.85,0.05484600845270056,3515862,0.9085
5806,585.0,392.65,0.05481858544847421,3516803,1.0483
5807,375.0,392.9,0.05479117615574998,3517348,0.9522
5808,290.0,394.6,0.05476378056767211,3517946,0.8616
5809,230.0,395.3,0.054736398677388276,3518534,1.4999
5810,350.0,394.4,0.054709030478049585,3519132,1.1298
5811,800.0,395.8,0.054681675962810566,3520108,0.8102
5812,350.0,395.65,0.054654335124829166,3520678,1.4546
5813,405.0,396.6,0.05462700795726676,3521352,1.2184
5814,335.0,393.35,0.054599694453288126,3521986,0.5978
5815,480.0,392.8,0.05457239460606148,3522782,1.2631
5816,410.0,391.5,0.05454510840875845,3523414,1.5537
5817,445.0,389.5,0.054517835854554074,3524343,1.1815
5818,335.0,387.15,0.0544905769366268,3524996,1.5259
5819,150.0,385.5,0.05446333164815849,3525396,2.9700
5820,315.0,385.45,0.05443609998233441,3525962,0.5173
5821,285.0,386.9,0.054408881932343243,3526526,1.0393
5822,380.0,389.3,0.054381677491377074,3527338,0.8848
5823,455.0,390.2,0.05435448665263139,3528159,0.9938
5824,320.0,390.0,0.05432730940930507,3528884,0.8183
5825,190.0,388.25,0.054300145754600425,3529299,1.3063
5826,170.0,388.95,0.05427299568172313,3529710,1.6006
5827,440.0,391.3,0.05424585918388227,3530503,1.5606
5828,415.0,392.45,0.054218736254290335,3531090,1.5996
5829,330.0,391.05,0.05419162688616319,3531717,0.7437
5830,725.0,395.1,0.05416453107272011,3532626,1.2786
5831,435.0,395.9,0.054137448807183755,3533303,1.0722
5832,405.0,396.6,0.054110380082780164,3533965,0.8943
5833,335.0,398.15,0.054083324892738774,3534561,0.5480
5834,380.0,397.7,0.05405628323029241,3535242,0.7604
5835,345.0,397.5,0.054029255088677265,3535855,1.6270
5836,675.0,401.5,0.05400224046113293,3536685,1.4781
5837,335.0,399.1,0.05397523934090237,3537357,0.7092
5838,440.0,400.15,0.053948251721231924,3538175,0.7395
5839,360.0,398.15,0.05392127759537131,3538822,0.9861
5840,365.0,397.0,0.05389431695657363,3539565,0.4847
5841,410.0,396.9,0.053867369798095345,3540290,0.5721
5842,495.0,397.65,0.0538404361131963,3541123,3.0094
5843,955.0,404.15,0.053813515895139705,3542124,0.8578
5844,430.0,403.0,0.05378660913719214,3542932,1.3884
5845,335.0,404.6,0.053759715832623546,3543514,0.4209
5846,270.0,401.95,0.05373283597470724,3544076,0.6888
5847,415.0,403.7,0.053705969556719885,3544717,0.6869
5848,575.0,406.45,0.05367911657194153,3545639,1.2031
5849,285.0,403.95,0.05365227701365556,3546084,0.9412
5850,340.0,405.35,0.053625450875148736,3546698,1.2842
5851,420.0,404.6,0.053598638149711164,3547458,1.3719
5852,700.0,407.25,0.05357183883063631,3548496,0.6237
5853,485.0,407.65,0.053545052911221,3549036,1.7419
5854,345.0,407.05,0.05351828038476539,3549590,0.9079
5855,275.0,401.1,0.05349152124457301,3550098,0.8218
5856,395.0,400.45,0.053464775483950726,3550841,1.7224
5857,610.0,403.45,0.053438043096208754,3551550,1.1830
5858,220.0,403.45,0.053411324074660656,3552087,0.7336
5859,625.0,405.75,0.053384618412623326,3553000,1.4499
5860,420.0,405.9,0.05335792610341702,3553663,0.9804
5861,425.0,405.1,0.053331247140365315,3554260,0.8909
5862,515.0,402.5,0.05330458151679514,3555209,0.3001
5863,355.0,402.95,0.053277929226036747,3555872,0.9158
5864,345.0,403.65,0.05325129026142373,3556499,0.6150
5865,230.0,402.05,0.05322466461629302,3557026,0.4246
5866,135.0,400.25,0.05319805228398488,3557509,1.6399
5867,395.0,400.95,0.05317145325784289,3558170,0.6881
5868,710.0,402.65,0.053144867531213974,3558995,0.7707
5869,610.0,405.3,0.05311829509744837,3559952,0.2827
5870,350.0,406.55,0.05309173594989965,3560633,1.2753
5871,600.0,406.15,0.05306519008192471,3561637,1.7592
5872,525.0,407.75,0.05303865748688375,3562450,1.1297
5873,440.0,408.2,0.053012138158140314,3563283,0.3155
5874,105.0,405.2,0.05298563208906125,3563840,1.6806
5875,320.0,403.25,0.05295913927301672,3564543,0.4469
5876,495.0,405.0,0.052932659703380215,3565252,0.9773
5877,265.0,403.75,0.052906193373528525,3565945,0.8436
5878,355.0,404.15,0.052879740276841766,3566588,0.6701
5879,315.0,401.9,0.05285330040670335,3567147,0.7082
5880,120.0,398.7,0.052826873756500005,3567572,1.1307
5881,410.0,398.95,0.05280046031962176,3568170,0.2363
5882,685.0,402.0,0.05277406008946195,3568964,1.5597
5883,650.0,405.35,0.05274767305941722,3569694,1.3714
5884,155.0,402.2,0.05272129922288752,3570147,1.1294
5885,190.0,399.1,0.052694938573276076,3570568,0.8508
5886,215.0,397.4,0.05266859110398944,3571042,0.3412
5887,435.0,397.3,0.052642256808437454,3571786,1.1304
5888,365.0,397.95,0.05261593568003324,3572468,3.0738
5889,440.0,398.75,0.05258962771219323,3573139,1.2126
5890,435.0,399.95,0.05256333289833713,3573961,0.8263
5891,515.0,402.55,0.05253705123188797,3574820,1.9762
5892,525.0,400.65,0.052510782706272026,3575501,0.8002
5893,465.0,400.95,0.05248452731491889,3576347,1.0877
5894,590.0,402.75,0.05245828505126143,3576999,0.8243
5895,485.0,402.65,0.05243205590873581,3577923,1.0000
5896,600.0,404.5,0.052405839880781444,3578987,0.6468
5897,180.0,405.95,0.05237963696084105,3579522,0.4666
5898,310.0,405.5,0.052353447142360635,3580220,1.2651
5899,800.0,408.95,0.05232727041878946,3581133,1.4165
5900,265.0,407.1,0.05230110678358006,3581741,2.6326
5901,290.0,406.65,0.052274956230188276,3582280,2.1643
5902,185.0,404.6,0.052248818752073184,3582831,1.1961
5903,310.0,403.65,0.05222269434269715,3583471,0.8863
5904,465.0,405.1,0.052196582995525806,3584258,1.4160
5905,225.0,404.45,0.05217048470402805,3584633,3.2559
5906,335.0,401.95,0.05214439946167604,3585208,0.4751
5907,230.0,400.5,0.0521183272619452,3585607,0.3422
5908,315.0,400.75,0.05209226809831423,3586243,1.3079
5909,335.0,401.8,0.05206622196426507,3586920,0.6239
5910,405.0,402.35,0.052040188853282945,3587621,1.3016
5911,570.0,400.05,0.052014168758856304,3588550,2.5424
5912,400.0,400.55,0.051988161674476875,3589239,1.9796
5913,250.0,399.0,0.05196216759363964,3589870,1.3017
5914,225.0,397.9,0.05193618650984282,3590521,7.4018
5915,250.0,395.6,0.051910218416587904,3590999,1.2748
5916,510.0,396.6,0.051884263307379615,3591659,0.5297
5917,345.0,395.6,0.051858321175725926,3592159,1.0623
5918,340.0,395.65,0.05183239201513806,3592844,1.4250
5919,755.0,401.7,0.0518064758191305,3593805,0.6848
5920,610.0,404.65,0.051780572581220936,3594690,0.5181
5921,485.0,406.65,0.051754682294930326,3595505,0.9830
5922,540.0,408.25,0.05172880495378286,3596525,2.2787
5923,170.0,405.4,0.051702940551305976,3597039,0.4702
5924,395.0,406.15,0.051677089081030324,3597789,0.6888
5925,355.0,407.8,0.051651250536489814,3598473,1.4399
5926,750.0,413.6,0.051625424911221574,3599258,3.0646
5927,265.0,411.85,0.051599612198765965,3599808,2.7761
5928,575.0,413.45,0.05157381239266658,3600717,1.5185
5929,265.0,412.8,0.05154802548647025,3601193,0.7755
5930,490.0,410.45,0.05152225147372702,3602114,6.9163
5931,345.0,409.55,0.05149649034799016,3602696,1.5297
5932,495.0,410.45,0.05147074210281617,3603309,7.0131
5933,320.0,410.3,0.05144500673176477,3603810,2.7599
5934,240.0,408.9,0.051419284228398886,3604307,0.7511
5935,400.0,409.45,0.05139357458628469,3604966,0.3725
5936,190.0,404.6,0.05136787779899155,3605495,0.9368
5937,380.0,405.05,0.05134219386009206,3606178,0.8445
5938,285.0,403.5,0.051316522763162016,3606633,0.8118
5939,515.0,405.05,0.051290864501780435,3607541,0.6164
5940,515.0,406.55,0.05126521906952955,3608495,0.8324
5941,305.0,405.5,0.05123958645999479,3609072,0.6803
5942,495.0,405.5,0.051213966666764796,3609945,2.2227
5943,325.0,399.2,0.05118835968343142,3610535,1.9628
5944,515.0,400.05,0.051162765503589704,3611241,0.6358
5945,285.0,399.55,0.05113718412083791,3611829,1.9725
5946,515.0,402.0,0.05111161552877749,3612770,1.3635
5947,510.0,402.95,0.051086059721013106,3613672,1.4127
5948,395.0,401.15,0.0510605166911526,3614355,0.5726
5949,245.0,400.75,0.051034986432807024,3614756,0.5742
5950,515.0,402.5,0.05100946893959062,3615574,0.7715
5951,445.0,402.75,0.05098396420512083,3616388,3.1432
5952,495.0,400.7,0.050958472223018275,3617184,1.0565
5953,375.0,399.6,0.05093299298690677,3617840,0.5423
5954,340.0,399.55,0.050907526490413316,3618405,1.5949
5955,470.0,401.5,0.05088207272716811,3619057,0.4836
5956,300.0,400.55,0.05085663169080453,3619701,1.6546
5957,575.0,400.2,0.05083120337495913,3620377,1.3370
5958,410.0,402.1,0.05080578777327165,3621122,0.8940
5959,165.0,397.5,0.05078038487938502,3621599,3.2621
5960,105.0,394.35,0.05075499468694533,3621879,0.4951
5961,260.0,392.7,0.05072961718960186,3622447,0.4565
5962,465.0,392.2,0.050704252381007064,3623099,1.9375
5963,365.0,392.3,0.05067890025481656,3623729,2.6497
5964,355.0,392.4,0.050653560804689156,3624314,2.2898
5965,325.0,393.35,0.05062823402428682,3624894,0.9473
5966,315.0,395.15,0.050602919907274675,3625563,1.2927
5967,415.0,395.35,0.05057761844732104,3626321,0.9900
5968,415.0,392.4,0.05055232963809738,3627067,1.0566
5969,260.0,388.9,0.050527053473278336,3627588,2.3187
5970,225.0,387.65,0.0505017899465417,3628047,0.4180
5971,465.0,386.3,0.05047653905156843,3628726,1.0519
5972,370.0,384.75,0.05045130078204265,3629452,0.3048
5973,465.0,385.0,0.050426075131651635,3630176,1.2175
5974,290.0,386.85,0.05040086209408581,3630781,0.8551
5975,245.0,386.1,0.05037566166303877,3631374,0.8484
5976,445.0,385.6,0.050350473832207254,3632147,1.9571
5977,515.0,388.1,0.050325298595291154,3633257,0.7638
5978,60.0,385.15,0.05030013594599351,3633545,1.2365
5979,290.0,384.9,0.05027498587802051,3633977,1.5551
5980,295.0,386.65,0.0502498483850815,3634480,0.9146
5981,180.0,384.35,0.050224723460888965,3634938,1.7802
5982,335.0,380.85,0.05019961109915852,3635557,0.8360
5983,205.0,376.4,0.05017451129360894,3635950,0.5224
5984,425.0,379.1,0.05014942403796214,3636744,0.5490
5985,245.0,379.65,0.05012434932594316,3637192,1.2420
5986,400.0,381.5,0.05009928715128019,3637850,1.4441
5987,270.0,379.85,0.05007423750770455,3638331,1.3887
5988,405.0,380.25,0.0500492003889507,3639152,1.0592
5989,270.0,378.55,0.050024175788756224,3639811,1.7464
5990,290.0,377.1,0.04999916370086185,3640388,2.2171
5991,360.0,375.55,0.04997416411901142,3641147,1.4834
5992,520.0,375.5,0.04994917703695192,3642138,1.6655
5993,365.0,374.5,0.049924202448433444,3643041,1.9622
5994,305.0,371.65,0.04989924034720923,3643565,2.0728
5995,410.0,370.9,0.04987429072703563,3644143,3.2773
5996,215.0,367.05,0.04984935358167211,3644701,0.6575
5997,510.0,370.35,0.04982442890488128,3645486,1.1838
5998,395.0,371.2,0.04979951669042884,3646235,3.6590
5999,155.0,364.75,0.049774616932083626,3646605,1.4904
6000,425.0,366.35,0.04974972962361759,3647183,0.4440
6001,125.0,364.7,0.04972485475880578,3647464,0.8571
6002,390.0,366.75,0.04969999233142638,3648223,2.4951
6003,125.0,364.9,0.049675142335260665,3648506,0.5069
6004,540.0,365.65,0.04965030476409304,3649188,0.6846
6005,100.0,364.4,0.049625479611710994,3649465,1.1253
6006,380.0,364.85,0.04960066687190514,3650149,1.0697
6007,240.0,364.95,0.04957586653846919,3650645,1.4849
6008,285.0,364.65,0.04955107860519996,3651088,0.7009
6009,370.0,365.0,0.04952630306589736,3651695,0.6266
6010,320.0,364.15,0.049501539914364415,3652280,0.6815
6011,540.0,363.85,0.049476789144407236,3653298,1.2577
6012,265.0,362.5,0.04945205074983504,3653880,0.3808
6013,420.0,364.2,0.049427324724460125,3654507,2.3341
6014,290.0,364.85,0.049402611062097895,3655180,0.9580
6015,470.0,367.05,0.04937790975656685,3655843,4.3606
6016,545.0,367.4,0.049353220801688566,3656750,0.5579
6017,355.0,367.5,0.049328544191287724,3657394,2.3260
6018,330.0,367.4,0.049303879919192085,3657887,0.6329
6019,120.0,361.05,0.049279227979232496,3658336,0.4291
6020,355.0,358.5,0.04925458836524288,3658882,0.7084
6021,260.0,356.25,0.04922996107106026,3659456,0.5371
6022,405.0,354.9,0.04920534609052473,3660293,0.7804
6023,345.0,356.65,0.049180743417479474,3660952,0.8795
6024,365.0,356.35,0.049156153045770735,3661566,0.6646
6025,645.0,359.25,0.04913157496924785,3662391,0.4907
6026,305.0,354.8,0.04910700918176323,3662987,1.2036
6027,290.0,355.05,0.04908245567717235,3663601,1.0005
6028,155.0,350.85,0.049057914449333766,3664293,0.6952
6029,320.0,351.4,0.0490333854921091,3664807,1.4174
6030,310.0,349.6,0.04900886879936305,3665542,0.7865
6031,455.0,350.7,0.048984364364963374,3666363,0.5657
6032,565.0,351.4,0.048959872182780896,3667150,1.1408
6033,435.0,352.55,0.04893539224668951,3667937,1.1820
6034,570.0,355.85,0.04891092455056617,3668690,3.5602
6035,230.0,354.15,0.04888646908829089,3669068,1.3819
6036,520.0,357.45,0.04886202585374675,3670011,0.3539
6037,215.0,355.8,0.04883759484081988,3670514,0.6543
6038,635.0,359.3,0.04881317604339947,3671605,1.3379
6039,325.0,357.4,0.04878876945537777,3672171,1.3813
6040,465.0,356.9,0.04876437507065009,3672980,7.2013
6041,435.0,358.2,0.048739992883114765,3673720,1.5878
6042,365.0,356.9,0.04871562288667321,3674300,2.4586
6043,305.0,356.7,0.048691265075229875,3674821,1.7886
6044,420.0,355.75,0.04866691944269226,3675634,0.5871
6045,105.0,353.95,0.048642585982970915,3675924,2.1353
6046,255.0,351.35,0.04861826468997943,3676301,0.9383
6047,485.0,351.1,0.04859395555763444,3677066,2.2118
6048,250.0,349.65,0.048569658579855624,3677492,1.1353
6049,395.0,351.15,0.048545373750565696,3678186,1.3491
6050,225.0,348.25,0.04852110106369042,3678565,0.6045
6051,205.0,345.85,0.04849684051315858,3679008,1.1978
6052,415.0,345.05,0.048472592092902,3679604,0.4959
6053,425.0,345.55,0.04844835579685555,3680225,0.6061
6054,395.0,346.1,0.048424131618957124,3680931,1.0514
6055,210.0,343.5,0.048399919553147645,3681423,0.8266
6056,260.0,343.1,0.04837571959337107,3681840,3.2706
6057,390.0,341.25,0.04835153173357439,3682570,1.0109
6058,605.0,343.2,0.048327355967707604,3683167,1.8017
6059,325.0,344.8,0.048303192289723754,3683780,0.7846
6060,225.0,346.0,0.04827904069357889,3684153,0.5925
6061,430.0,347.7,0.048254901173232105,3684821,0.9956
6062,370.0,346.75,0.04823077372264549,3685497,0.6404
6063,315.0,346.25,0.04820665833578417,3686126,1.9043
6064,500.0,347.7,0.04818255500661628,3687029,1.0646
6065,340.0,347.85,0.04815846372911297,3687654,0.6133
6066,350.0,348.2,0.04813438449724842,3688325,1.3333
6067,390.0,347.95,0.048110317304999796,3689060,0.8267
6068,395.0,347.75,0.0480862621463473,3689599,1.0309
6069,125.0,346.4,0.04806221901527413,3689870,0.6803
6070,470.0,348.85,0.0480381879057665,3690588,0.6794
6071,180.0,346.0,0.04801416881181362,3691079,0.5649
6072,325.0,345.55,0.047990161727407714,3691646,0.5030
6073,130.0,342.2,0.04796616664654401,3691929,0.5847
6074,435.0,343.65,0.04794218356322074,3692844,1.3120
6075,460.0,345.8,0.04791821247143913,3693674,1.0617
6076,210.0,343.45,0.047894253365203414,3694332,0.6958
6077,410.0,342.4,0.047870306238520816,3695160,0.6018
6078,315.0,344.95,0.04784637108540156,3695795,1.6558
6079,395.0,346.0,0.04782244789985886,3696422,0.7983
6080,380.0,346.85,0.04779853667590893,3697177,0.7196
6081,540.0,350.45,0.04777463740757098,3698180,0.7556
6082,215.0,349.25,0.04775075008886719,3698704,0.8749
6083,385.0,351.05,0.04772687471382276,3699367,0.6898
6084,450.0,351.3,0.047703011276465854,3700116,2.2039
6085,360.0,352.45,0.04767915977082762,3700703,0.7373
6086,155.0,350.0,0.047655320190942214,3701122,0.7618
6087,260.0,349.9,0.047631492530846746,3701650,1.6477
6088,575.0,351.6,0.047607676784581325,3702357,0.6147
6089,230.0,351.2,0.047583872946189036,3702931,2.7103
6090,300.0,351.3,0.04756008100971595,3703548,2.2726
6091,265.0,350.35,0.04753630096921109,3704036,0.6209
6092,115.0,346.3,0.047512532818726486,3704503,2.4801
6093,255.0,345.2,0.047488776552317126,3705029,3.3999
6094,285.0,345.0,0.04746503216404097,3705457,1.5805
6095,580.0,346.7,0.04744129964795896,3706503,0.6640
6096,320.0,347.75,0.04741757899813498,3707068,1.5518
6097,355.0,346.2,0.04739387020863591,3707656,1.0902
6098,350.0,345.75,0.047370173273531595,3708309,1.6550
6099,290.0,347.1,0.04734648818689483,3709101,0.4697
6100,185.0,344.7,0.04732281494280139,3709627,1.1047
6101,295.0,346.4,0.04729915353532999,3710199,1.0265
6102,355.0,346.05,0.04727550395856233,3710851,0.6583
6103,100.0,345.8,0.04725186620658305,3711113,0.7834
6104,265.0,343.05,0.047228240273479764,3711645,0.9667
6105,250.0,344.55,0.047204626153343025,3712242,0.5406
6106,100.0,341.75,0.04718102384026636,3712535,1.0703
6107,415.0,343.5,0.04715743332834623,3713360,1.1658
6108,275.0,343.4,0.04713385461168206,3713887,0.4294
6109,30.0,340.0,0.04711028768437622,3714172,0.4043
6110,470.0,341.5,0.04708673254053404,3714930,0.7200
6111,375.0,339.85,0.047063189174263775,3715630,0.9289
6112,255.0,339.75,0.047039657579676646,3716166,0.8871
6113,320.0,338.75,0.04701613775088681,3716746,0.7082
6114,425.0,340.1,0.04699262968201137,3717545,1.1671
6115,285.0,338.25,0.04696913336717037,3718118,1.7822
6116,440.0,337.2,0.04694564880048679,3718723,3.2997
6117,340.0,337.05,0.04692217597608655,3719330,0.8941
6118,135.0,335.1,0.046898714888098506,3719792,2.5814
6119,635.0,340.25,0.04687526553065446,3720898,0.8337
6120,375.0,340.45,0.04685182789788913,3721492,1.0621
6121,435.0,342.2,0.046828401983940185,3722143,0.6940
6122,445.0,342.6,0.04680498778294822,3722945,0.8695
6123,315.0,342.3,0.04678158528905675,3723604,0.6000
6124,415.0,342.8,0.04675819449641223,3724295,0.8068
6125,275.0,339.1,0.04673481539916402,3725085,1.0007
6126,470.0,340.75,0.04671144799146444,3725669,0.7589
6127,415.0,342.0,0.046688092267468714,3726618,0.6090
6128,690.0,347.35,0.046664748221334984,3727623,0.4870
6129,280.0,346.95,0.04664141584722432,3728121,1.1277
6130,370.0,347.55,0.04661809513930071,3728822,1.2346
6131,515.0,348.15,0.04659478609173106,3729634,1.0044
6132,170.0,344.2,0.046571488698685194,3730064,1.0872
6133,375.0,343.6,0.04654820295433586,3730757,0.9668
6134,415.0,342.05,0.046524928852858694,3731568,1.0951
6135,155.0,341.3,0.04650166638843227,3731958,0.4781
6136,315.0,339.25,0.04647841555523806,3732475,0.8074
6137,65.0,337.75,0.04645517634746044,3732767,0.9281
6138,355.0,334.95,0.04643194875928672,3733579,3.2659
6139,250.0,334.2,0.04640873278490708,3734046,1.0246
6140,240.0,331.95,0.04638552841851463,3734599,1.4511
6141,395.0,331.55,0.04636233565430537,3735227,1.1973
6142,360.0,331.5,0.04633915448647822,3736017,0.9135
6143,265.0,331.1,0.04631598490923498,3736608,1.3776
6144,265.0,329.55,0.04629282691678037,3737308,3.1043
6145,175.0,330.25,0.04626968050332198,3737764,0.8428
6146,65.0,328.35,0.04624654566307032,3738007,1.2060
6147,325.0,326.75,0.046223422390238786,3738596,0.7037
6148,445.0,328.7,0.04620031067904367,3739124,1.7832
6149,100.0,325.75,0.04617721052370415,3739413,0.6184
6150,320.0,326.7,0.0461541219184423,3739954,2.7323
6151,515.0,329.8,0.04613104485748308,3740807,1.1997
6152,480.0,330.45,0.04610797933505434,3741682,0.9079
6153,580.0,332.0,0.046084925345386815,3742569,3.5441
6154,210.0,330.15,0.04606188288271412,3743182,1.0069
6155,440.0,332.45,0.04603885194127277,3744016,0.6307
6156,390.0,333.75,0.046015832515302134,3744548,0.5439
6157,470.0,334.55,0.04599282459904448,3745437,0.5983
6158,395.0,332.45,0.045969828186744964,3746138,0.5407
6159,325.0,332.45,0.0459468432726516,3746802,1.4037
6160,420.0,334.4,0.04592386985101527,3747470,0.9593
6161,275.0,332.85,0.045900907916089764,3748200,1.1770
6162,395.0,333.1,0.04587795746213172,3748890,1.1861
6163,440.0,334.35,0.04585501848340066,3749641,0.3932
6164,390.0,333.25,0.04583209097415896,3750252,1.1020
6165,320.0,333.05,0.045809174928671884,3750862,0.6862
6166,205.0,331.6,0.04578627034120755,3751319,1.0121
6167,280.0,330.5,0.04576337720603695,3752120,2.8324
6168,690.0,333.45,0.045740495517433935,3752952,1.5533
6169,290.0,335.1,0.04571762526967522,3753427,1.0814
6170,350.0,333.9,0.04569476645704038,3754019,2.0034
6171,450.0,336.6,0.045671919073811865,3754531,0.7625
6172,255.0,335.9,0.045649083114274965,3755104,0.5304
6173,700.0,341.6,0.04562625857271783,3755870,1.0754
6174,300.0,340.25,0.04560344544343147,3756437,0.7916
6175,525.0,340.9,0.04558064372070976,3757058,1.2005
6176,175.0,340.55,0.04555785339884941,3757709,0.6779
6177,340.0,339.85,0.04553507447214999,3758301,1.8297
6178,295.0,339.65,0.04551230693491391,3758926,0.8404
6179,100.0,336.7,0.04548955078144646,3759212,1.7684
6180,605.0,338.95,0.04546680600605574,3760064,1.6940
6181,440.0,337.95,0.045444072603052714,3760662,3.4803
6182,420.0,340.0,0.04542135056675119,3761400,1.1704
6183,400.0,340.15,0.045398639891467814,3762054,0.6927
6184,350.0,339.15,0.04537594057152208,3762694,0.5744
6185,360.0,339.15,0.04535325260123632,3763355,0.6803
6186,255.0,340.15,0.045330575974935707,3763835,0.8339
6187,410.0,341.65,0.04530791068694824,3764635,0.6100
6188,205.0,337.95,0.04528525673160477,3765061,1.5067
6189,550.0,341.15,0.04526261410323897,3766029,0.3961
6190,545.0,343.6,0.04523998279618736,3766632,2.0737
6191,330.0,344.25,0.04521736280478927,3767269,2.8864
6192,230.0,345.4,0.045194754123386874,3767831,3.6218
6193,540.0,348.25,0.04517215674632518,3768762,0.4884
6194,635.0,351.75,0.04514957066795202,3769565,0.7688
6195,250.0,348.45,0.045126995882618044,3770020,0.6984
6196,435.0,349.6,0.045104432384676735,3770689,2.6303
6197,255.0,348.6,0.0450818801684844,3771161,0.9811
6198,570.0,350.8,0.04505933922840016,3772260,0.4558
6199,510.0,353.0,0.04503680955878596,3773139,1.4361
6200,260.0,353.75,0.04501429115400657,3773676,1.3926
6201,540.0,356.2,0.04499178400842957,3774667,0.5821
6202,280.0,355.45,0.04496928811642536,3775189,4.2326
6203,275.0,357.2,0.044946803472367146,3775792,0.7127
6204,420.0,358.75,0.044924330070630965,3776534,0.7175
6205,400.0,360.25,0.04490186790559565,3777304,1.3677
6206,375.0,363.0,0.044879416971642855,3777986,0.5347
6207,410.0,362.95,0.04485697726315704,3778750,2.0955
6208,415.0,364.35,0.04483454877452546,3779789,2.5680
6209,600.0,370.05,0.0448121315001382,3780671,1.5976
6210,385.0,369.2,0.04478972543438813,3781279,0.7866
6211,280.0,368.25,0.04476733057167094,3781819,0.7420
6212,325.0,368.95,0.04474494690638511,3782624,0.8132
6213,240.0,368.15,0.044722574432931914,3783174,0.2427
6214,240.0,366.3,0.04470021314571545,3783709,1.5158
6215,375.0,367.2,0.0446778630391426,3784245,1.1064
6216,695.0,369.75,0.04465552410762303,3785248,0.4612
6217,250.0,368.85,0.04463319634556922,3785753,1.8992
6218,380.0,371.3,0.044610879747396436,3786459,2.1224
6219,425.0,369.2,0.04458857430752274,3787122,0.5910
6220,535.0,370.8,0.044566280020368984,3788013,0.5256
6221,305.0,369.5,0.0445439968803588,3788634,1.4053
6222,320.0,368.25,0.04452172488191863,3789246,1.1514
6223,465.0,369.75,0.04449946401947767,3790196,1.2437
6224,300.0,368.6,0.04447721428746793,3790702,1.4414
6225,290.0,368.75,0.0444549756803242,3791231,2.1160
6226,65.0,364.7,0.044432748192484044,3791481,1.5845
6227,360.0,364.15,0.044410531818387805,3792161,0.6028
6228,170.0,358.95,0.04438832655247861,3792636,1.5097
6229,240.0,358.55,0.044366132389202374,3793193,0.6970
6230,125.0,356.1,0.044343949323007774,3793460,0.6967
6231,260.0,353.55,0.044321777348346275,3794052,1.0059
6232,640.0,358.25,0.044299616459672106,3794775,0.6153
6233,290.0,357.4,0.04427746665144227,3795308,0.6216
6234,360.0,356.85,0.04425532791811655,3795976,1.0267
6235,320.0,358.5,0.044233200254157494,3796462,1.4667
6236,155.0,356.9,0.04421108365403042,3796831,1.8496
6237,125.0,357.5,0.0441889781122034,3797109,0.9473
6238,300.0,356.95,0.0441668836231473,3797703,0.7475
6239,250.0,356.95,0.04414480018133573,3798183,1.1112
6240,450.0,359.05,0.04412272778124506,3798961,1.0454
6241,575.0,360.85,0.04410066641735444,3799856,1.3604
6242,520.0,362.45,0.04407861608414577,3800806,0.7356
6243,245.0,362.25,0.044056576776103695,3801198,0.8360
6244,375.0,363.35,0.044034548487715645,3801881,2.7309
6245,255.0,364.15,0.04401253121347179,3802359,0.7502
6246,520.0,368.7,0.04399052494786505,3802945,0.5899
6247,255.0,368.0,0.043968529685391125,3803543,1.3255
6248,270.0,366.25,0.04394654542054843,3804113,0.6960
6249,130.0,366.55,0.04392457214783816,3804516,1.0990
6250,380.0,367.15,0.043902609861764245,3805193,0.7966
6251,95.0,362.95,0.04388065855683337,3805567,0.4506
6252,240.0,360.55,0.04385871822755495,3806046,0.7614
6253,335.0,358.1,0.043836788868441175,3806583,2.8787
6254,285.0,358.85,0.04381487047400696,3807154,0.7477
6255,315.0,357.6,0.04379296303876996,3807816,1.1813
6256,635.0,360.05,0.043771066557250576,3808849,3.9646
6257,150.0,356.85,0.043749181023971954,3809133,0.7288
6258,310.0,356.0,0.04372730643345997,3809680,3.0092
6259,570.0,358.45,0.04370544278024324,3810348,3.4729
6260,350.0,357.75,0.043683590058853125,3811156,0.8051
6261,720.0,362.2,0.0436617482638237,3812004,0.5787
6262,310.0,361.35,0.04363991738969179,3812749,3.4493
6263,390.0,360.85,0.04361809743099695,3813732,3.4862
6264,275.0,359.7,0.04359628838228145,3814203,0.3997
6265,395.0,360.45,0.04357449023809031,3814875,0.7361
6266,515.0,363.55,0.043552702992971266,3815801,1.0562
6267,345.0,364.2,0.04353092664147478,3816449,1.7623
6268,365.0,360.95,0.043509161178154045,3817145,1.0909
6269,290.0,360.95,0.04348740659756497,3817775,0.4629
6270,280.0,360.25,0.04346566289426619,3818451,1.3800
6271,170.0,357.45,0.04344393006281906,3818869,0.6179
6272,140.0,356.3,0.04342220809778766,3819288,0.7567
6273,615.0,355.45,0.04340049699373877,3820319,1.3715
6274,435.0,356.8,0.0433787967452419,3821072,1.0964
6275,250.0,354.05,0.04335710734686928,3821678,1.3371
6276,375.0,356.05,0.04333542879319585,3822475,0.8970
6277,435.0,357.0,0.04331376107879926,3823422,0.8812
6278,470.0,358.75,0.04329210419825986,3824448,1.0552
6279,200.0,359.75,0.04327045814616073,3824954,0.7179
6280,370.0,357.4,0.04324882291708765,3825795,0.9347
6281,270.0,355.7,0.04322719850562911,3826383,1.3526
6282,445.0,355.95,0.0432055849063763,3827052,0.7854
6283,225.0,354.2,0.04318398211392311,3827591,2.2350
6284,350.0,354.2,0.04316239012286615,3828269,1.0824
6285,290.0,353.5,0.04314080892780472,3828850,2.6248
6286,545.0,356.4,0.04311923852334082,3829731,0.8877
6287,305.0,355.35,0.04309767890407915,3830236,0.5885
6288,295.0,356.25,0.04307613006462711,3830933,0.6179
6289,305.0,353.8,0.0430545919995948,3831523,0.5358
6290,355.0,351.9,0.043033064703595005,3832279,1.1627
6291,200.0,350.6,0.04301154817124321,3832643,1.5607
6292,325.0,351.55,0.04299004239715759,3833294,0.6991
6293,305.0,349.2,0.04296854737595902,3833927,1.0627
6294,475.0,347.6,0.04294706310227104,3834731,1.7590
6295,345.0,348.55,0.04292558957071991,3835286,1.5866
6296,395.0,348.15,0.042904126775934553,3835903,1.2301
6297,250.0,348.1,0.04288267471254659,3836480,0.4843
6298,335.0,345.75,0.042861233375190315,3837150,0.7324
6299,200.0,342.65,0.04283980275850272,3837684,0.7885
6300,555.0,345.6,0.04281838285712347,3838696,0.4689
6301,540.0,345.6,0.04279697366569491,3839529,2.8584
6302,655.0,349.35,0.04277557517886207,3840546,1.5965
6303,300.0,349.6,0.04275418739127264,3841187,1.2334
6304,190.0,347.3,0.04273281029757701,3841609,2.1370
6305,305.0,346.35,0.04271144389242822,3842161,2.7154
6306,490.0,347.5,0.04269008817048201,3843081,1.3165
6307,280.0,346.2,0.04266874312639677,3843846,0.4041
6308,460.0,346.65,0.042647408754833575,3844419,0.7762
6309,365.0,344.3,0.04262608505045616,3844995,1.7767
6310,610.0,346.55,0.04260477200793093,3845693,0.3799
6311,540.0,349.15,0.04258346962192697,3846555,1.2121
6312,310.0,349.0,0.042562177887116005,3847171,1.2208
6313,435.0,350.95,0.042540896798172446,3848141,1.3032
6314,425.0,352.8,0.04251962634977336,3848830,0.5972
6315,360.0,352.65,0.04249836653659848,3849428,1.5634
6316,320.0,348.9,0.04247711735333018,3849922,0.9314
6317,315.0,349.55,0.04245587879465352,3850433,0.6001
6318,475.0,350.5,0.0424346508552562,3851324,0.7318
6319,325.0,349.5,0.04241343352982857,3851948,1.5423
6320,540.0,349.55,0.042392226813063656,3852604,0.2840
6321,420.0,350.7,0.04237103069965713,3853383,4.8925
6322,360.0,351.1,0.0423498451843073,3854194,2.7145
6323,270.0,349.15,0.04232867026171515,3854644,0.3095
6324,575.0,351.9,0.04230750592658429,3855679,0.6623
6325,270.0,351.7,0.042286352173621,3856250,1.3571
6326,275.0,353.8,0.04226520899753419,3856738,1.5369
6327,445.0,354.65,0.04224407639303543,3857474,1.0663
6328,630.0,359.25,0.042222954354838915,3858238,4.4851
6329,350.0,360.35,0.042201842877661495,3858776,1.6826
6330,305.0,362.15,0.042180741956222664,3859394,0.4554
6331,195.0,361.5,0.042159651585244554,3859825,0.5542
6332,305.0,358.15,0.04213857175945193,3860402,1.4391
6333,415.0,359.4,0.04211750247357221,3861058,0.8614
6334,470.0,360.5,0.042096443722335425,3861940,1.0630
6335,320.0,360.5,0.04207539550047426,3862677,7.3260
6336,320.0,362.15,0.04205435780272403,3863244,0.3446
6337,285.0,363.75,0.04203333062382267,3863805,2.0588
6338,630.0,367.05,0.04201231395851076,3864544,1.6426
6339,410.0,368.65,0.041991307801531506,3865342,1.2690
6340,135.0,365.5,0.041970312147630744,3865732,0.4362
6341,235.0,362.1,0.04194932699155693,3866154,1.1946
6342,325.0,360.15,0.04192835232806115,3866803,0.6788
6343,295.0,360.65,0.041907388151897124,3867347,0.5377
6344,200.0,358.9,0.04188643445782118,3867815,0.3783
6345,365.0,360.0,0.041865491240592266,3868488,0.7753
6346,300.0,357.8,0.04184455849497197,3869227,0.5686
6347,395.0,359.2,0.041823636215724484,3869864,2.8156
6348,215.0,358.65,0.04180272439761663,3870339,0.9862
6349,655.0,363.9,0.04178182303541782,3871059,0.7367
6350,305.0,363.15,0.04176093212390011,3871728,0.8180
6351,320.0,365.4,0.041740051657838166,3872370,0.7564
6352,305.0,366.05,0.04171918163200925,3872900,1.5358
6353,305.0,365.75,0.041698322041193246,3873489,2.0039
6354,400.0,366.9,0.04167747288017265,3874201,2.1253
6355,320.0,366.95,0.041656634143732565,3874821,0.8812
6356,680.0,367.4,0.0416358058266607,3875562,0.8236
6357,425.0,370.15,0.041614987923747376,3876313,1.6950
6358,525.0,372.3,0.04159418042978551,3877152,1.5503
6359,380.0,370.4,0.04157338333957062,3877832,2.3184
6360,255.0,369.45,0.041552596647900834,3878335,1.1763
6361,495.0,367.2,0.041531820349576885,3879150,1.8034
6362,675.0,370.85,0.0415110544394021,3880063,1.1836
6363,205.0,369.0,0.0414902989121824,3880519,0.5309
6364,315.0,369.4,0.04146955376272631,3881188,1.7105
6365,245.0,367.9,0.04144881898584495,3881747,1.6794
6366,395.0,366.7,0.041428094576352034,3882473,1.0059
6367,430.0,367.55,0.04140738052906386,3883246,1.3612
6368,245.0,366.35,0.04138667683879933,3883775,1.2318
6369,180.0,365.25,0.041365983500379934,3884138,1.5514
6370,570.0,368.15,0.041345300508629744,3885487,0.8069
6371,385.0,370.3,0.04132462785837543,3886134,1.7464
6372,110.0,370.0,0.04130396554444624,3886516,2.5137
6373,400.0,367.85,0.04128331356167402,3887186,0.3260
6374,240.0,365.9,0.04126267190489319,3887751,1.4754
6375,485.0,368.25,0.04124204056894074,3888442,1.2631
6376,695.0,371.45,0.041221419548656275,3889326,1.1182
6377,235.0,369.45,0.04120080883888195,3889744,0.5511
6378,225.0,367.0,0.04118020843446251,3890242,1.1504
6379,540.0,370.4,0.041159618330245284,3891100,0.6491
6380,80.0,367.5,0.04113903852108016,3891389,1.1301
6381,230.0,367.1,0.041118469001819626,3891764,2.3358
6382,175.0,364.4,0.04109790976731872,3892129,1.1069
6383,310.0,365.25,0.04107736081243506,3892680,2.4776
6384,250.0,364.25,0.04105682213202884,3893293,0.8618
6385,355.0,364.9,0.041036293720962826,3893893,0.3685
6386,325.0,362.7,0.041015775574102346,3894510,2.5368
6387,415.0,363.8,0.0409952676863153,3895277,1.0227
6388,305.0,363.9,0.040974770052472145,3895839,0.9970
6389,530.0,366.15,0.04095428266744591,3896743,1.3007
6390,265.0,365.25,0.04093380552611219,3897211,0.8401
6391,450.0,367.75,0.04091333862334914,3898045,2.7806
6392,350.0,368.0,0.040892881954037466,3898660,0.8767
6393,240.0,367.35,0.04087243551306045,3899215,1.6403
6394,470.0,367.3,0.04085199929530392,3900183,0.5579
6395,515.0,369.0,0.04083157329565627,3901038,0.8635
6396,645.0,371.5,0.04081115750900845,3901759,2.0661
6397,400.0,373.0,0.04079075193025394,3902570,0.8495
6398,405.0,373.7,0.04077035655428882,3903335,0.2976
6399,545.0,377.15,0.040749971376011676,3904612,1.4932
6400,280.0,374.4,0.04072959639032367,3905217,0.6912
6401,295.0,371.95,0.04070923159212851,3905828,1.1562
6402,405.0,369.45,0.04068887697633245,3906533,0.2745
6403,630.0,372.75,0.04066853253784429,3907377,0.2935
6404,720.0,378.05,0.04064819827157537,3908110,0.7587
6405,215.0,377.15,0.040627874172439585,3908636,1.3985
6406,300.0,375.25,0.04060756023535337,3909168,0.4296
6407,355.0,376.0,0.0405872564552357,3909871,3.8875
6408,345.0,374.85,0.040566962827008085,3910450,1.5913
6409,305.0,374.25,0.04054667934559458,3911316,0.4967
6410,315.0,371.3,0.040526406005921785,3912069,0.5403
6411,290.0,368.8,0.040506142802918824,3912770,0.4244
6412,685.0,372.55,0.040485889731517365,3913704,0.6088
6413,200.0,370.2,0.040465646786651606,3914379,0.5878
6414,305.0,369.0,0.040445413963258285,3915009,0.4551
6415,265.0,368.05,0.04042519125627666,3915539,3.0952
6416,300.0,367.85,0.04040497866064852,3916130,1.9923
6417,250.0,367.2,0.0403847761713182,3916572,1.2706
6418,370.0,366.15,0.040364583783232544,3917330,1.5531
6419,225.0,365.15,0.04034440149134093,3917751,1.3206
6420,575.0,365.5,0.04032422929059526,3918912,0.7560
6421,200.0,363.3,0.04030406717594996,3919338,1.6893
6422,350.0,363.2,0.04028391514236199,3920016,2.7988
6423,445.0,364.95,0.04026377318479081,3920779,0.5509
6424,160.0,360.8,0.040243641298198414,3921263,1.0590
6425,295.0,361.05,0.04022351947754932,3921942,2.8580
6426,210.0,360.4,0.040203407717810544,3922377,0.6657
6427,380.0,359.75,0.04018330601395164,3922980,0.9594
6428,585.0,359.3,0.040163214360944666,3923710,0.9493
6429,340.0,359.2,0.040143132753764195,3924295,1.4543
6430,155.0,357.7,0.040123061187387316,3924704,1.0553
6431,265.0,358.4,0.04010299965679363,3925192,0.4832
6432,310.0,358.45,0.04008294815696523,3925781,0.8637
6433,285.0,357.15,0.04006290668288675,3926311,0.5612
6434,310.0,355.55,0.040042875229545305,3926927,1.0508
6435,360.0,355.95,0.04002285379193053,3927591,0.3244
6436,330.0,356.05,0.04000284236503457,3928319,3.6253
6437,275.0,355.95,0.03998284094385205,3929000,1.3960
6438,490.0,354.55,0.039962849523380126,3929578,1.0452
6439,440.0,354.85,0.03994286809861844,3930187,0.5534
6440,355.0,357.05,0.039922896664569135,3930799,1.1239
6441,260.0,357.3,0.039902935216236855,3931363,0.9568
6442,305.0,357.1,0.03988298374862874,3931899,0.9237
6443,285.0,357.0,0.039863042256754425,3932476,0.7617
6444,550.0,360.5,0.03984311073562605,3933314,0.5997
6445,340.0,360.25,0.039823189180258234,3933957,2.7572
6446,390.0,361.15,0.03980327758566811,3934802,1.6807
6447,270.0,359.9,0.039783375946875275,3935448,0.4787
6448,465.0,362.4,0.03976348425890184,3936387,0.9418
6449,405.0,359.9,0.03974360251677239,3937194,0.3491
6450,570.0,362.55,0.03972373071551401,3938178,0.6640
6451,265.0,362.0,0.039703868850156254,3938677,0.4265
6452,290.0,361.85,0.03968401691573118,3939243,0.4222
6453,340.0,362.2,0.039664174907273315,3939955,0.5454
6454,295.0,361.15,0.03964434281981968,3940544,1.4233
6455,345.0,361.4,0.039624520648409774,3941147,1.4871
6456,255.0,357.15,0.03960470838808557,3941723,0.4493
6457,120.0,354.1,0.03958490603389153,3942206,1.1350
6458,600.0,354.85,0.03956511358087459,3943306,0.9396
6459,275.0,353.8,0.039545331024084154,3943739,1.7538
6460,555.0,356.8,0.03952555835857211,3944420,0.6473
6461,270.0,354.55,0.03950579557939283,3944999,0.9884
6462,435.0,352.15,0.039486042681603134,3946023,0.8066
6463,160.0,351.7,0.039466299660262334,3946469,1.0140
6464,525.0,353.8,0.039446566510432206,3947157,1.1063
6465,380.0,355.15,0.03942684322717699,3947810,0.5830
6466,295.0,354.15,0.0394071298055634,3948516,1.5588
6467,385.0,353.7,0.03938742624066062,3949417,0.6760
6468,395.0,355.2,0.03936773252754029,3950373,1.9178
6469,335.0,356.75,0.03934804866127652,3951087,1.6727
6470,270.0,353.75,0.039328374636945884,3951819,1.2026
6471,390.0,353.8,0.039308710449627415,3952541,1.7117
6472,575.0,358.45,0.03928905609440261,3953153,0.5186
6473,140.0,355.85,0.039269411566355404,3953618,0.7884
6474,610.0,359.55,0.03924977686057223,3954623,1.4544
6475,310.0,357.8,0.03923015197214195,3955285,1.0518
6476,565.0,356.5,0.039210536896155876,3955942,0.4611
6477,310.0,357.25,0.0391909316277078,3956681,0.6871
6478,365.0,358.65,0.03917133616189395,3957362,2.3498
6479,260.0,355.85,0.039151750493813,3957876,0.9318
6480,535.0,360.4,0.0391321746185661,3958480,0.6028
6481,440.0,362.5,0.039112608531256816,3959289,0.9230
6482,515.0,365.9,0.03909305222699119,3960192,1.0347
6483,545.0,368.25,0.0390735057008777,3960997,1.1004
6484,225.0,368.0,0.03905396894802726,3961617,0.7236
6485,435.0,368.8,0.039034441963553254,3962460,4.2665
6486,455.0,370.1,0.03901492474257148,3963131,0.3762
6487,305.0,369.0,0.0389954172802002,3963812,0.8181
6488,205.0,368.0,0.0389759195715601,3964314,0.5954
6489,295.0,365.65,0.038956431611774325,3964940,1.1342
6490,210.0,365.1,0.03893695339596844,3965446,1.0437
6491,270.0,363.3,0.03891748491927046,3966050,0.4737
6492,265.0,362.45,0.038898026176810825,3966748,0.5446
6493,380.0,363.85,0.03887857716372242,3967405,1.5175
6494,335.0,362.5,0.038859137875140566,3967962,1.2724
6495,315.0,360.5,0.038839708306203,3968624,0.9850
6496,100.0,355.05,0.0388202884520499,3968900,3.6488
6497,275.0,353.8,0.038800878307823874,3969459,0.5869
6498,440.0,354.15,0.038781477868669964,3970512,0.5564
6499,325.0,351.95,0.03876208712973563,3971057,1.3618
6500,575.0,354.9,0.03874270608617077,3972000,1.2203
6501,130.0,353.25,0.03872333473312768,3972523,3.2501
6502,430.0,353.5,0.03870397306576112,3973271,1.2599
6503,270.0,349.9,0.038684621079228244,3973910,0.4396
6504,135.0,344.05,0.03866527876868863,3974267,2.0244
6505,400.0,345.9,0.03864594612930429,3974920,0.4711
6506,385.0,346.75,0.03862662315623964,3975578,1.3175
6507,360.0,346.8,0.03860730984466152,3976426,0.6012
6508,460.0,347.95,0.03858800618973919,3977379,1.1078
6509,275.0,347.65,0.03856871218664432,3977815,0.7951
6510,290.0,347.4,0.038549427830551,3978362,0.6260
6511,240.0,346.9,0.038530153116635726,3978861,1.2219
6512,225.0,342.3,0.038510888040077414,3979371,0.7923
6513,295.0,343.25,0.038491632596057375,3980064,1.1157
6514,450.0,344.7,0.03847238677975935,3980840,1.1685
6515,470.0,346.75,0.03845315058636947,3981713,0.4879
6516,375.0,347.5,0.03843392401107629,3982657,2.4871
6517,230.0,347.3,0.038414707049070754,3983376,0.5547
6518,175.0,345.35,0.03839549969554622,3983820,0.8343
6519,395.0,347.05,0.038376301945698445,3984502,1.6188
6520,390.0,345.2,0.038357113794725596,3985192,2.4144
6521,275.0,345.95,0.03833793523782823,3985882,0.5058
6522,265.0,345.1,0.038318766270209324,3986572,0.6450
6523,80.0,341.45,0.03829960688707422,3986986,0.5775
6524,150.0,341.35,0.03828045708363068,3987394,1.6141
6525,290.0,341.3,0.03826131685508887,3987891,1.5028
6526,360.0,342.8,0.03824218619666133,3988568,1.5196
6527,320.0,342.2,0.038223065103563,3989140,1.9606
6528,355.0,339.9,0.038203953571011216,3989737,0.6625
6529,100.0,337.5,0.038184851594225716,3990015,1.5331
6530,285.0,338.8,0.038165759168428605,3990661,1.6710
6531,250.0,338.65,0.03814667628884439,3991156,0.4059
6532,395.0,339.5,0.038127602950699974,3991960,0.7087
6533,395.0,340.6,0.03810853914922462,3992804,0.4977
6534,455.0,342.05,0.03808948487965001,3993498,0.4790
6535,425.0,342.7,0.03807044013721019,3994194,1.5225
6536,545.0,344.85,0.03805140491714159,3995093,0.5244
6537,580.0,347.9,0.03803237921468302,3995768,2.2032
6538,270.0,345.7,0.03801336302507568,3996239,1.8158
6539,390.0,345.2,0.03799435634356314,3996870,2.1503
6540,260.0,344.25,0.03797535916539136,3997384,0.9998
6541,200.0,343.65,0.03795637148580867,3997839,0.3871
6542,345.0,344.05,0.037937393300065764,3998590,0.5601
6543,185.0,343.05,0.03791842460341573,3999145,0.5620
6544,240.0,339.95,0.03789946539111403,3999721,0.5989
6545,300.0,339.55,0.037880515658418476,4000396,1.1916
6546,310.0,338.75,0.03786157540058927,4001020,0.3861
6547,255.0,338.6,0.03784264461288898,4001576,0.7548
6548,310.0,337.05,0.037823723290582534,4002478,0.7973
6549,370.0,336.7,0.03780481142893725,4003224,0.3507
6550,570.0,336.7,0.037785909023222784,4004216,1.2141
6551,380.0,337.85,0.037767016068711176,4004885,0.8541
6552,305.0,338.0,0.03774813256067682,4005506,1.4001
6553,695.0,341.55,0.037729258494396484,4006562,1.8135
6554,125.0,339.85,0.03771039386514929,4006847,1.7128
6555,340.0,339.8,0.037691538668216715,4007497,1.2424
6556,375.0,341.0,0.03767269289888261,4008123,0.9283
6557,270.0,342.5,0.03765385655243317,4008884,1.2162
6558,490.0,341.4,0.037635029624156956,4009859,0.7417
6559,290.0,341.55,0.037616212109344876,4010502,4.3636
6560,290.0,338.9,0.03759740400329021,4011167,2.1492
6561,545.0,341.65,0.037578605301288565,4012036,0.6675
6562,575.0,343.05,0.037559815998637926,4012948,0.6527
6563,255.0,344.0,0.03754103609063861,4013439,1.1325
6564,385.0,342.6,0.03752226557259329,4014077,1.2934
6565,425.0,343.05,0.037503504439806996,4015027,0.6964
6566,210.0,342.2,0.037484752687587095,4015541,0.4660
6567,60.0,338.95,0.0374660103112433,4015910,0.5623
6568,335.0,338.35,0.037447277306087684,4016504,0.3632
6569,360.0,338.6,0.037428553667434646,4017310,1.6838
6570,410.0,340.0,0.03740983939060093,4018104,1.5906
6571,535.0,341.45,0.037391134470905626,4018928,1.5291
6572,185.0,337.55,0.037372438903670174,4019249,0.9621
6573,255.0,338.7,0.03735375268421834,4019752,0.9460
6574,395.0,336.55,0.037335075807876233,4020459,1.2370
6575,380.0,337.25,0.0373164082699723,4021038,1.6457
6576,660.0,338.2,0.03729775006583731,4021789,1.3863
6577,135.0,336.45,0.037279101190804395,4022458,0.8902
6578,270.0,335.5,0.03726046164020899,4022893,1.0206
6579,550.0,338.4,0.03724183140938889,4023513,0.6315
6580,300.0,336.05,0.0372232104936842,4024175,0.5262
6581,400.0,335.65,0.03720459888843736,4024820,3.8850
6582,595.0,336.45,0.03718599658899314,4025386,1.2300
6583,145.0,332.45,0.037167403590698644,4025792,1.4382
6584,260.0,332.8,0.0371488198889033,4026293,0.7951
6585,270.0,331.15,0.03713024547895885,4027013,1.5209
6586,260.0,329.2,0.037111680356219374,4027530,1.5294
6587,170.0,327.85,0.03709312451604126,4028061,0.7019
6588,190.0,327.7,0.037074577953783244,4028543,4.2452
6589,490.0,329.65,0.037056040664806354,4029459,0.4837
6590,210.0,329.65,0.037037512644473955,4029943,1.6626
6591,410.0,331.05,0.03701899388815172,4030633,0.9258
6592,230.0,330.7,0.03700048439120764,4031251,1.3220
6593,245.0,329.35,0.03698198414901204,4031808,0.7491
6594,300.0,329.0,0.03696349315693754,4032340,0.2715
6595,355.0,329.4,0.03694501141035907,4032966,0.4582
6596,265.0,331.05,0.036926538904653895,4033424,4.6195
6597,280.0,331.1,0.03690807563520157,4034194,0.8838
6598,165.0,328.35,0.03688962159738397,4034707,1.5489
6599,200.0,327.1,0.03687117678658528,4035193,0.4290
6600,520.0,326.55,0.03685274119819199,4036140,0.6162
6601,570.0,330.95,0.0368343148275929,4037092,1.7195
6602,690.0,333.55,0.0368158976701791,4037850,0.8989
6603,440.0,335.25,0.036797489721344015,4038725,1.4012
6604,300.0,336.9,0.036779090976483346,4039230,0.5398
6605,275.0,335.65,0.03676070143099511,4039809,1.0920
6606,465.0,336.45,0.03674232108027961,4040507,0.5946
6607,550.0,338.35,0.03672394991973947,4041419,0.3133
6608,275.0,336.5,0.03670558794477961,4042076,0.7731
6609,485.0,338.6,0.03668723515080722,4043035,0.7880
6610,285.0,338.55,0.036668891533231815,4043737,0.3170
6611,230.0,338.45,0.0366505570874652,4044433,0.5744
6612,775.0,343.95,0.03663223180892147,4045248,1.3648
6613,370.0,344.7,0.036613915693017016,4045806,1.3770
6614,235.0,342.55,0.03659560873517051,4046465,1.3185
6615,265.0,340.5,0.03657731093080293,4047115,0.7576
6616,570.0,342.45,0.03655902227533753,4048170,1.9907
6617,775.0,347.9,0.03654074276419986,4049003,0.4175
6618,410.0,350.25,0.03652247239281776,4049683,3.0291
6619,490.0,351.2,0.03650421115662135,4050533,0.7058
6620,475.0,352.05,0.03648595905104304,4051386,1.3534
6621,445.0,353.75,0.036467716071517525,4052234,0.5974
6622,415.0,355.25,0.036449482213481765,4052913,0.8462
6623,285.0,357.3,0.03643125747237503,4053603,1.5107
6624,395.0,359.75,0.036413041843638846,4054362,1.1219
6625,420.0,361.05,0.03639483532271703,4055168,0.3581
6626,465.0,362.1,0.03637663790505567,4055982,0.4537
6627,200.0,360.9,0.036358449586103146,4056384,0.7000
6628,335.0,360.7,0.036340270361310094,4057081,0.3734
6629,470.0,364.4,0.03632210022612944,4058073,0.9972
6630,720.0,368.75,0.036303939176016375,4059115,0.8110
6631,260.0,368.85,0.03628578720642837,4059646,2.3222
6632,440.0,369.3,0.036267644312825156,4060381,2.9005
6633,195.0,367.3,0.03624951049066875,4060878,0.4858
6634,370.0,366.45,0.036231385735423415,4061489,1.2734
6635,260.0,364.8,0.03621327004255571,4062160,1.0080
6636,365.0,363.0,0.03619516340753443,4062830,1.3248
6637,590.0,363.1,0.03617706582583067,4063717,1.9709
6638,135.0,361.75,0.036158977292917754,4064137,2.8002
6639,380.0,361.65,0.0361408978042713,4064905,0.4689
6640,190.0,360.95,0.03612282735536917,4065616,0.6756
6641,270.0,361.65,0.036104765941691486,4066139,1.3801
6642,215.0,360.35,0.03608671355872064,4066541,1.5959
6643,150.0,360.0,0.03606867020194128,4066991,0.5474
6644,295.0,360.55,0.03605063586684031,4067608,1.0711
6645,190.0,359.45,0.03603261054890689,4068131,0.7207
6646,560.0,361.95,0.03601459424363244,4069000,0.6373
6647,545.0,364.85,0.035996586946510624,4069659,0.7081
6648,545.0,367.2,0.03597858865303737,4070490,0.4619
6649,400.0,367.5,0.035960599358710855,4071183,1.0647
6650,440.0,366.2,0.035942619059031504,4071944,0.8320
6651,225.0,364.65,0.03592464774950199,4072607,0.7985
6652,220.0,363.8,0.03590668542562724,4073163,1.1991
6653,165.0,358.5,0.03588873208291443,4073659,4.8788
6654,470.0,361.95,0.03587078771687298,4074533,0.7641
6655,350.0,362.05,0.03585285232301454,4075163,1.0528
6656,315.0,361.45,0.03583492589685304,4075785,1.6804
6657,665.0,365.4,0.03581700843390462,4076871,0.8640
6658,195.0,362.45,0.03579909992968767,4077396,1.5750
6659,415.0,363.7,0.03578120037972283,4078085,1.1105
6660,565.0,366.45,0.035763309779532966,4078856,0.5003
6661,475.0,365.75,0.0357454281246432,4079804,0.6991
6662,85.0,360.85,0.03572755541058088,4080113,0.3738
6663,360.0,361.9,0.035709691632875594,4080797,0.2942
6664,400.0,362.05,0.03569183678705916,4081497,0.5973
6665,160.0,359.4,0.03567399086866563,4081827,3.5774
6666,250.0,359.8,0.035656153873231296,4082393,0.4097
6667,325.0,362.45,0.03563832579629468,4082928,0.4068
6668,445.0,363.55,0.03562050663339653,4083848,1.1400
6669,325.0,363.2,0.03560269638007984,4084496,0.6745
6670,380.0,362.9,0.0355848950318898,4085345,0.6251
6671,180.0,359.35,0.03556710258437386,4085885,0.7058
6672,520.0,362.7,0.03554931903308167,4086691,0.3224
6673,230.0,362.45,0.035531544373565135,4087196,1.7706
6674,260.0,361.1,0.03551377860137835,4087705,2.6139
6675,305.0,360.35,0.03549602171207766,4088335,0.4408
6676,250.0,356.25,0.03547827370122163,4089052,0.3102
6677,235.0,357.25,0.03546053456437102,4089639,1.0647
6678,145.0,356.0,0.035442804297088834,4090035,0.4473
6679,310.0,353.6,0.03542508289494029,4090595,1.2889
6680,350.0,354.1,0.035407370353492826,4091262,0.5080
6681,380.0,353.9,0.03538966666831608,4091956,2.0736
6682,260.0,350.55,0.035371971834981926,4092615,0.6974
6683,165.0,350.75,0.035354285849064436,4092995,1.0349
6684,270.0,350.85,0.03533660870613991,4093585,0.3562
6685,215.0,350.3,0.03531894040178684,4094055,1.4798
6686,440.0,352.1,0.03530128093158595,4094665,0.7526
6687,325.0,353.65,0.03528363029112016,4095405,0.7602
6688,230.0,354.05,0.0352659884759746,4095883,2.0834
6689,450.0,353.65,0.03524835548173661,4096834,0.9107
6690,315.0,354.7,0.035230731303995746,4097384,0.6774
6691,125.0,351.85,0.03521311593834375,4097852,0.6995
6692,305.0,352.6,0.035195509380374586,4098371,7.2722
6693,255.0,352.7,0.0351779116256844,4099029,0.5134
6694,495.0,354.65,0.03516032266987156,4099728,3.4453
6695,310.0,354.2,0.03514274250853663,4100245,1.0777
6696,410.0,355.65,0.03512517113728236,4100837,0.8559
6697,280.0,355.65,0.03510760855171372,4101458,1.4587
6698,605.0,360.05,0.035090054747437864,4102275,0.5349
6699,410.0,362.15,0.03507250972006415,4102955,1.0623
6700,335.0,360.3,0.03505497346520412,4103499,1.9556
6701,530.0,359.9,0.03503744597847152,4104339,0.8939
6702,235.0,355.35,0.03501992725548229,4104890,0.7009
6703,355.0,354.5,0.03500241729185455,4105556,1.8359
6704,280.0,354.3,0.034984916083208625,4106116,1.4425
6705,420.0,355.75,0.03496742362516702,4106663,0.5888
6706,335.0,354.45,0.03494993991335444,4107314,0.3869
6707,660.0,355.55,0.034932464943397766,4108115,0.3925
6708,505.0,357.85,0.03491499871092607,4109240,1.3971
6709,360.0,356.6,0.03489754121157061,4109856,2.2903
6710,470.0,358.45,0.03488009244096483,4110573,2.0540
6711,325.0,359.4,0.03486265239474435,4111146,0.8803
6712,335.0,355.0,0.034845221068546976,4111678,1.5159
6713,415.0,355.45,0.034827798458012704,4112468,1.0508
6714,350.0,356.6,0.0348103845587837,4113181,0.9519
6715,375.0,357.7,0.03479297936650431,4113968,0.9522
6716,285.0,354.85,0.03477558287682106,4114429,2.6559
6717,425.0,351.35,0.03475819508538265,4115329,0.5143
6718,300.0,350.25,0.034740815987839964,4115995,0.3405
6719,345.0,348.8,0.034723445579846045,4116537,0.3240
6720,420.0,348.25,0.034706083857056126,4117233,0.8910
6721,295.0,346.75,0.0346887308151276,4118025,0.3704
6722,485.0,347.45,0.03467138644972004,4118919,2.2404
6723,600.0,350.6,0.03465405075649518,4119582,1.3673
6724,205.0,348.7,0.03463672373111693,4120016,0.2737
6725,265.0,347.15,0.03461940536925138,4120511,0.5485
6726,420.0,346.7,0.03460209566656675,4121533,0.4255
6727,305.0,347.75,0.03458479461873347,4122325,3.3314
6728,215.0,346.55,0.0345675022214241,4122914,0.7710
6729,20.0,342.05,0.03455021847031339,4123193,0.5005
6730,380.0,338.65,0.03453294336107824,4124006,0.8703
6731,605.0,342.1,0.0345156768893977,4124814,1.5967
6732,375.0,341.45,0.03449841905095301,4125391,1.2579
6733,275.0,342.25,0.03448116984142753,4126131,1.3409
6734,345.0,342.0,0.03446392925650682,4126804,0.9426
6735,365.0,343.05,0.03444669729187857,4127451,1.1286
6736,170.0,341.1,0.03442947394323263,4127861,0.4223
6737,645.0,341.65,0.034412259206261016,4129073,0.6803
6738,405.0,344.35,0.03439505307665789,4129697,0.3351
6739,280.0,343.35,0.03437785555011956,4130553,2.0850
6740,585.0,347.3,0.0343606666223445,4131390,0.8816
6741,375.0,348.35,0.03434348628903333,4132108,1.1540
6742,680.0,353.0,0.03432631454588882,4132822,1.5455
6743,550.0,357.0,0.03430915138861587,4133770,2.1805
6744,215.0,356.2,0.03429199681292157,4134257,0.5215
6745,310.0,357.4,0.03427485081451511,4135014,3.0014
6746,370.0,355.5,0.03425771338910785,4135683,0.4921
6747,400.0,354.05,0.0342405845324133,4136280,0.4650
6748,530.0,353.9,0.03422346424014709,4136889,1.6836
6749,260.0,352.5,0.03420635250802702,4137314,2.6102
6750,140.0,349.5,0.03418924933177301,4137674,0.7418
6751,370.0,350.95,0.034172154707107126,4138349,0.5292
6752,85.0,349.6,0.03415506862975357,4138704,1.3835
6753,420.0,352.15,0.0341379910954387,4139587,0.5945
6754,270.0,350.15,0.03412092209989098,4140042,1.8266
6755,470.0,351.35,0.03410386163884104,4140870,0.7525
6756,285.0,351.05,0.03408680970802162,4141487,1.2667
6757,350.0,347.9,0.03406976630316762,4142232,0.5850
6758,80.0,346.75,0.03405273142001604,4142745,1.2363
6759,455.0,347.15,0.03403570505430603,4143536,0.4184
6760,330.0,344.8,0.03401868720177888,4144200,0.8271
6761,455.0,344.6,0.03400167785817799,4144894,1.9260
6762,290.0,346.65,0.0339846770192489,4145684,1.5423
6763,250.0,345.55,0.033967684680739275,4146271,1.5065
6764,145.0,343.0,0.033950700838398906,4146862,0.4787
6765,515.0,346.55,0.03393372548797971,4147687,0.5438
6766,410.0,348.15,0.03391675862523572,4148391,1.0895
6767,310.0,348.0,0.03389980024592311,4148992,0.6801
6768,180.0,345.35,0.03388285034580015,4149410,1.5852
6769,285.0,344.95,0.033865908920627255,4150058,3.3108
6770,290.0,344.05,0.03384897596616694,4150622,0.9515
6771,315.0,345.4,0.03383205147818386,4151130,1.0151
6772,465.0,344.85,0.03381513545244477,4151764,1.2565
6773,320.0,345.75,0.03379822788471855,4152334,0.7593
6774,215.0,345.3,0.03378132877077619,4152754,1.1273
6775,605.0,348.3,0.03376443810639081,4153701,0.6041
6776,295.0,348.75,0.03374755588733761,4154344,0.5637
6777,260.0,349.0,0.03373068210939394,4154943,0.6678
6778,500.0,352.55,0.03371381676833925,4155806,0.4989
6779,420.0,353.65,0.03369695985995508,4156566,0.6018
6780,115.0,351.3,0.0336801113800251,4157053,1.0474
6781,320.0,350.7,0.03366327132433509,4157666,0.7982
6782,125.0,349.35,0.033646439688672924,4158055,1.0355
6783,185.0,349.55,0.03362961646882859,4158505,0.9727
6784,205.0,348.9,0.033612801660594174,4158913,0.5031
6785,345.0,350.2,0.03359599525976388,4159472,1.7941
6786,200.0,347.8,0.033579197262134,4159878,0.6590
6787,180.0,346.35,0.033562407663502936,4160245,1.2557
6788,310.0,347.15,0.033545626459671185,4160950,0.6511
6789,145.0,344.1,0.03352885364644135,4161377,1.7857
6790,490.0,345.85,0.03351208921961813,4162131,1.3508
6791,615.0,350.75,0.03349533317500832,4162905,0.6145
6792,205.0,349.75,0.03347858550842082,4163673,1.3452
6793,205.0,349.25,0.033461846215666606,4164271,1.0592
6794,415.0,348.45,0.03344511529255877,4164913,0.4242
6795,170.0,347.05,0.03342839273491249,4165317,0.9014
6796,295.0,345.9,0.03341167853854504,4165881,1.2285
6797,415.0,347.25,0.03339497269927577,4166625,0.5148
6798,375.0,344.95,0.033378275212926134,4167373,1.2340
6799,195.0,342.8,0.03336158607531967,4167793,0.9232
6800,320.0,342.65,0.03334490528228201,4168568,1.1857
6801,210.0,339.45,0.03332823282964087,4169046,1.2410
6802,500.0,342.1,0.03331156871322605,4169998,2.0561
6803,270.0,341.25,0.033294912928869436,4170598,0.9511
6804,555.0,344.0,0.033278265472405005,4171676,1.5966
6805,390.0,343.7,0.0332616263396688,4172363,2.3258
6806,390.0,344.25,0.03324499552649897,4173018,1.0381
6807,130.0,338.95,0.03322837302873572,4173519,0.6809
6808,455.0,338.45,0.033211758842221356,4174243,0.4856
6809,340.0,338.25,0.03319515296280025,4174926,1.2838
6810,230.0,335.85,0.03317855538631885,4175429,1.3250
6811,205.0,334.65,0.03316196610862569,4175854,0.4806
6812,415.0,335.45,0.03314538512557138,4176510,1.7056
6813,320.0,334.5,0.033128812433008595,4177193,0.6975
6814,30.0,331.3,0.03311224802679209,4177562,0.4171
6815,520.0,332.75,0.033095691902778696,4178496,2.4203
6816,250.0,332.4,0.033079144056827305,4179003,1.3581
6817,240.0,330.55,0.03306260448479889,4179584,1.1474
6818,365.0,331.2,0.03304607318255649,4180310,1.5664
6819,325.0,331.0,0.03302955014596522,4181058,0.5861
6820,675.0,333.55,0.03301303537089224,4181844,1.0546
6821,600.0,336.6,0.032996528853206794,4182688,0.6296
6822,785.0,339.6,0.03298003058878019,4183781,0.5245
6823,230.0,335.9,0.0329635405734858,4184223,0.8876
6824,640.0,340.25,0.03294705880319906,4185169,0.7878
6825,320.0,340.8,0.03293058527379746,4185760,0.5625
6826,510.0,341.7,0.03291411998116057,4186705,0.7718
6827,520.0,343.85,0.03289766292116999,4187544,0.7675
6828,125.0,342.95,0.032881214089709405,4187831,1.6527
6829,540.0,348.15,0.032864773482664554,4188477,1.5335
6830,385.0,348.2,0.032848341095923224,4189165,0.4405
6831,290.0,345.05,0.032831916925375265,4189797,1.1652
6832,150.0,342.8,0.03281550096691258,4190300,0.3678
6833,405.0,344.1,0.032799093216429126,4190894,1.3793
6834,320.0,343.85,0.032782693669820916,4191696,1.0572
6835,190.0,342.1,0.03276630232298601,4192186,0.4517
6836,260.0,343.0,0.03274991917182452,4192667,1.2270
6837,400.0,340.55,0.03273354421223861,4193250,0.7208
6838,350.0,340.0,0.03271717744013249,4193861,0.5593
6839,320.0,340.4,0.032700818851412426,4194506,3.6907
6840,265.0,337.2,0.03268446844198672,4195085,0.8215
6841,450.0,337.95,0.03266812620776573,4195785,0.7574
6842,525.0,336.4,0.032651792144661844,4196703,1.0539
6843,280.0,333.7,0.03263546624858951,4197388,2.7991
6844,200.0,333.55,0.03261914851546522,4197881,0.8763
6845,220.0,332.65,0.03260283894120749,4198428,1.1092
6846,460.0,333.55,0.03258653752173689,4199158,0.6399
6847,540.0,334.95,0.03257024425297602,4200063,0.6107
6848,330.0,332.95,0.03255395913084953,4200670,0.4075
6849,650.0,336.85,0.03253768215128411,4201637,0.5594
6850,260.0,338.05,0.03252141331020847,4202087,1.1592
6851,290.0,337.25,0.03250515260355337,4202608,1.1887
6852,430.0,340.7,0.0324889000272516,4203582,1.3289
6853,125.0,337.75,0.032472655577237976,4203862,0.5122
6854,495.0,340.0,0.03245641924944936,4204457,0.7252
6855,425.0,339.55,0.03244019103982464,4205086,1.8181
6856,400.0,340.7,0.03242397094430473,4206103,0.6419
6857,590.0,343.1,0.03240775895883258,4206777,1.7701
6858,230.0,344.6,0.032391555079353165,4207264,0.4770
6859,685.0,346.9,0.03237535930181349,4208094,2.8878
6860,285.0,346.45,0.032359171622162584,4208749,0.8307
6861,510.0,347.0,0.032342992036351506,4209482,8.1142
6862,255.0,346.65,0.03232682054033333,4210144,0.5426
6863,520.0,349.35,0.03231065713006317,4210883,0.7812
6864,240.0,350.3,0.032294501801498135,4211602,2.0415
6865,390.0,349.05,0.03227835455059739,4212200,0.8777
6866,490.0,349.85,0.03226221537332209,4213115,0.9022
6867,275.0,349.5,0.03224608426563543,4213676,0.8630
6868,430.0,352.0,0.032229961223502614,4214332,0.9234
6869,720.0,356.35,0.032213846242890865,4215156,0.8270
6870,230.0,355.75,0.03219773931976942,4215600,1.7668
6871,260.0,355.2,0.03218164045010954,4216075,0.6312
6872,570.0,356.25,0.032165549629884486,4217046,0.7034
6873,190.0,354.95,0.032149466855069544,4217612,0.7619
6874,255.0,355.35,0.03213339212164201,4218028,4.3738
6875,160.0,350.9,0.03211732542558119,4218448,1.7100
6876,350.0,351.45,0.032101266762868404,4219020,0.9194
6877,305.0,351.9,0.03208521612948697,4219863,1.3166
6878,280.0,349.7,0.03206917352142223,4220366,1.0905
6879,430.0,349.8,0.032053138934661524,4220994,1.4696
6880,445.0,353.1,0.032037112365194194,4221549,0.6410
6881,590.0,355.8,0.0320210938090116,4222216,2.1689
6882,535.0,359.9,0.0320050832621071,4222799,2.1356
6883,195.0,360.0,0.03198908072047604,4223414,1.1494
6884,60.0,358.55,0.03197308618011581,4223701,1.4922
6885,220.0,357.3,0.031957099637025754,4224357,0.4331
6886,545.0,360.75,0.031941121087207244,4225295,0.6185
6887,195.0,360.9,0.03192515052666364,4225801,2.7103
6888,240.0,360.2,0.03190918795140031,4226311,1.2511
6889,335.0,362.1,0.03189323335742461,4226890,1.0473
6890,510.0,362.3,0.0318772867407459,4227456,0.9526
6891,405.0,360.2,0.03186134809737553,4228138,0.7470
6892,250.0,360.65,0.03184541742332684,4228802,1.2337
6893,300.0,361.6,0.03182949471461518,4229547,3.0093
6894,555.0,363.0,0.03181357996725787,4230294,2.0177
6895,535.0,366.65,0.03179767317727424,4231261,2.9473
6896,385.0,367.55,0.03178177434068561,4231921,1.0234
6897,285.0,366.25,0.03176588345351527,4232579,0.7252
6898,370.0,366.2,0.031750000511788515,4233316,0.6506
6899,475.0,369.0,0.031734125511532624,4234145,1.3119
6900,230.0,368.1,0.03171825844877686,4234627,1.7058
6901,465.0,370.65,0.031702399319552474,4235545,2.2073
6902,340.0,369.05,0.0316865481198927,4236141,2.6878
6903,370.0,370.05,0.03167070484583276,4236817,1.2788
6904,405.0,368.55,0.03165486949340984,4237435,1.1005
6905,380.0,368.45,0.03163904205866314,4237984,1.7901
6906,375.0,368.3,0.03162322253763381,4238557,0.5771
6907,290.0,369.9,0.031607410926364994,4239159,1.1234
6908,515.0,370.5,0.03159160722090181,4240044,0.4719
6909,590.0,373.0,0.03157581141729136,4240899,1.1617
6910,620.0,376.9,0.03156002351158272,4241670,0.9143
6911,330.0,378.15,0.03154424349982693,4242496,1.3929
6912,260.0,376.6,0.031528471378077016,4243004,0.5413
6913,335.0,376.75,0.03151270714238798,4243519,1.0538
6914,385.0,380.3,0.031496950788816785,4244151,1.4288
6915,55.0,375.65,0.03148120231342238,4244571,0.5188
6916,195.0,375.1,0.03146546171226567,4245072,0.7380
6917,185.0,374.55,0.03144972898140954,4245555,2.0854
6918,345.0,374.35,0.03143400411691884,4246090,0.9704
6919,470.0,375.8,0.03141828711486038,4247039,0.7932
6920,80.0,369.85,0.031402577971302956,4247335,1.0511
6921,345.0,367.3,0.03138687668231731,4247862,0.9591
6922,155.0,361.0,0.03137118324397615,4248330,0.5795
6923,370.0,362.4,0.03135549765235416,4248986,1.9043
6924,400.0,360.0,0.031339819903527986,4249849,2.1431
6925,285.0,359.65,0.031324149993576224,4250387,0.8275
6926,490.0,359.45,0.03130848791857944,4250971,1.2155
6927,240.0,356.65,0.03129283367462015,4251695,1.2872
6928,290.0,358.3,0.03127718725778284,4252439,0.5425
6929,240.0,355.3,0.031261548664153954,4252918,0.7115
6930,395.0,355.4,0.031245917889821877,4253551,7.6858
6931,440.0,356.9,0.031230294930876968,4254614,1.3744
6932,365.0,359.05,0.031214679783411532,4255287,1.4890
6933,415.0,359.15,0.03119907244351983,4256088,0.8241
6934,485.0,360.8,0.03118347290729807,4256961,1.0863
6935,240.0,361.3,0.031167881170844423,4257595,0.3660
6936,415.0,362.85,0.031152297230259002,4258247,0.5944
6937,545.0,364.3,0.031136721081643875,4259113,1.7058
6938,520.0,366.0,0.031121152721103055,4259977,1.1728
6939,355.0,366.35,0.031105592144742504,4260642,0.6848
6940,385.0,367.55,0.031090039348670134,4261322,0.9774
6941,90.0,363.95,0.0310744943289958,4261697,2.2966
6942,240.0,361.1,0.031058957081831304,4262107,0.7041
6943,510.0,363.4,0.03104342760329039,4262911,1.0691
6944,440.0,365.8,0.031027905889488745,4263591,0.7712
6945,380.0,367.4,0.031012391936544002,4264367,0.5248
6946,460.0,367.4,0.03099688574057573,4265054,1.1999
6947,365.0,365.65,0.030981387297705446,4265752,0.5287
6948,440.0,366.75,0.030965896604056596,4266648,1.0369
6949,265.0,362.9,0.030950413655754568,4267329,4.0409
6950,340.0,363.7,0.030934938448926693,4268310,1.8434
6951,460.0,365.4,0.03091947097970223,4269053,0.5874
6952,235.0,363.45,0.03090401124421238,4269612,1.5938
6953,240.0,364.6,0.030888559238590275,4270185,2.4378
6954,340.0,363.05,0.030873114958970983,4270825,1.6374
6955,440.0,363.2,0.0308576784014915,4271505,3.1027
6956,200.0,361.2,0.030842249562290754,4271887,0.5847
6957,490.0,360.2,0.03082682843750961,4272667,1.1644
6958,285.0,360.75,0.030811415023290857,4273305,1.0036
6959,325.0,357.15,0.030796009315779214,4273909,3.0953
6960,540.0,359.7,0.030780611311121326,4274559,0.9351
6961,425.0,358.85,0.030765221005465766,4275229,1.6843
6962,720.0,363.5,0.030749838394963036,4276165,0.3668
6963,410.0,362.4,0.030734463475765555,4276835,0.9926
6964,370.0,363.7,0.030719096244027674,4277636,0.7743
6965,665.0,366.45,0.030703736695905662,4278484,2.1263
6966,370.0,365.25,0.03068838482755771,4279247,0.3658
6967,255.0,365.05,0.030673040635143933,4279613,0.5440
6968,230.0,363.05,0.03065770411482636,4280393,0.8500
6969,685.0,362.7,0.03064237526276895,4281205,0.9882
6970,225.0,362.65,0.030627054075137567,4281644,1.4821
6971,390.0,363.95,0.0306117405481,4282244,1.1014
6972,375.0,362.0,0.030596434677825954,4282864,1.4417
6973,245.0,362.55,0.030581136460487043,4283484,0.9365
6974,580.0,365.8,0.0305658458922568,4284286,1.1804
6975,515.0,369.35,0.030550562969310673,4285259,1.0067
6976,195.0,367.8,0.03053528768782602,4285705,0.9507
6977,295.0,367.7,0.030520020043982108,4286280,0.3951
6978,540.0,370.3,0.030504760033960118,4287054,0.4397
6979,335.0,369.35,0.030489507653943138,4287649,0.6220
6980,285.0,367.75,0.030474262900116168,4288302,0.6136
6981,515.0,367.0,0.03045902576866611,4289109,2.0252
6982,545.0,367.1,0.03044379625578178,4289959,0.9073
6983,275.0,367.9,0.03042857435765389,4290465,0.3219
6984,545.0,372.75,0.030413360070475064,4291197,1.2222
6985,490.0,375.45,0.030398153390439827,4292065,0.4955
6986,800.0,378.0,0.03038295431374461,4293060,0.4461
6987,270.0,378.75,0.03036776283658774,4293605,0.8205
6988,490.0,381.25,0.03035257895516945,4294476,0.8518
6989,265.0,380.55,0.030337402665691866,4294977,0.4030
6990,540.0,380.85,0.03032223396435902,4295889,0.8696
6991,135.0,378.15,0.030307072847376843,4296283,2.2599
6992,570.0,381.35,0.030291919310953156,4297116,0.5028
6993,695.0,385.3,0.030276773351297682,4297976,0.8366
6994,465.0,384.4,0.030261634964622034,4298955,0.5271
6995,255.0,381.6,0.030246504147139724,4299639,0.7109
6996,350.0,381.25,0.030231380895066155,4300263,2.0479
6997,210.0,380.5,0.030216265204618623,4300816,2.8147
6998,345.0,380.25,0.030201157072016316,4301381,0.8042
6999,370.0,379.2,0.030186056493480308,4302024,0.9514
7000,195.0,378.85,0.03017096346523357,4302530,0.8514
7001,590.0,380.1,0.030155877983500955,4303230,1.3952
7002,240.0,379.1,0.030140800044509208,4303715,1.0473
7003,355.0,378.95,0.030125729644486954,4304359,1.2115
7004,515.0,380.05,0.030110666779664712,4305175,0.4285
7005,220.0,378.45,0.030095611446274883,4305707,0.5957
7006,580.0,380.5,0.030080563640551748,4306376,1.1505
7007,600.0,383.6,0.030065523358731475,4307301,1.1296
7008,520.0,383.65,0.030050490597052112,4308088,0.8367
7009,325.0,381.0,0.03003546535175359,4308757,1.1261
7010,545.0,380.25,0.030020447619077715,4309857,0.9494
7011,350.0,380.45,0.03000543739526818,4310632,0.5690
7012,465.0,382.5,0.029990434676570546,4311177,0.7227
7013,315.0,382.3,0.029975439459232263,4311830,2.7443
7014,380.0,382.25,0.02996045173950265,4312467,0.4514
7015,310.0,384.8,0.029945471513632898,4313071,2.0078
7016,235.0,385.2,0.029930498777876083,4313534,1.1687
7017,295.0,386.3,0.029915533528487148,4314144,0.9082
7018,465.0,387.5,0.029900575761722906,4314985,0.9394
7019,155.0,384.35,0.029885625473842044,4315372,0.3572
7020,450.0,388.05,0.029870682661105125,4316106,0.7640
7021,345.0,388.05,0.029855747319774573,4316769,1.2168
7022,325.0,389.75,0.029840819446114688,4317348,1.4823
7023,600.0,392.05,0.029825899036391632,4318248,2.4153
7024,280.0,390.85,0.029810986086873437,4318868,0.3706
7025,280.0,390.8,0.02979608059383,4319494,0.6469
7026,210.0,388.0,0.029781182553533087,4320162,1.0575
7027,550.0,391.1,0.029766291962256324,4321048,1.7239
7028,405.0,392.25,0.029751408816275197,4321760,0.9578
7029,260.0,392.45,0.02973653311186706,4322371,1.9286
7030,510.0,393.6,0.02972166484531113,4323035,0.4082
7031,180.0,391.0,0.029706804012888475,4323485,3.0941
7032,540.0,392.75,0.02969195061088203,4324274,1.8138
7033,390.0,392.5,0.02967710463557659,4324965,1.2242
7034,290.0,390.55,0.029662266083258802,4325541,1.0668
7035,230.0,390.45,0.029647434950217176,4326184,1.6321
7036,485.0,391.15,0.02963261123274207,4326928,0.5539
7037,520.0,390.9,0.0296177949271257,4327443,1.0428
7038,65.0,386.35,0.02960298602966214,4327746,1.3815
7039,600.0,388.8,0.02958818453664731,4328661,0.8473
7040,265.0,387.6,0.029573390444378986,4329207,1.3529
7041,130.0,388.0,0.0295586037491568,4329540,1.0800
7042,445.0,390.05,0.02954382444728222,4330382,0.5715
7043,455.0,389.5,0.02952905253505858,4331321,1.6936
7044,410.0,389.2,0.029514288008791054,4332082,1.1486
7045,480.0,390.2,0.029499530864786662,4332799,1.1149
7046,620.0,391.8,0.02948478109935427,4333535,2.1368
7047,350.0,391.65,0.029470038708804595,4334361,0.4147
7048,350.0,390.75,0.029455303689450194,4334974,0.7587
7049,225.0,390.35,0.02944057603760547,4335454,1.5129
7050,270.0,389.65,0.029425855749586668,4336031,0.4541
7051,465.0,389.7,0.029411142821711877,4336801,0.7801
7052,415.0,391.5,0.029396437250301024,4337462,0.6048
7053,575.0,394.85,0.029381739031675874,4338348,0.6019
7054,510.0,396.55,0.02936704816216004,4339321,0.3933
7055,530.0,397.45,0.02935236463807896,4340060,0.3179
7056,320.0,398.65,0.029337688455759924,4340602,1.2715
7057,275.0,396.5,0.029323019611532046,4341362,0.6188
7058,110.0,394.75,0.029308358101726283,4341665,1.2072
7059,335.0,394.85,0.029293703922675423,4342401,0.5728
7060,760.0,397.05,0.029279057070714088,4343290,1.0065
7061,290.0,395.7,0.029264417542178733,4343847,0.9950
7062,345.0,391.95,0.029249785333407646,4344732,1.0348
7063,270.0,390.55,0.029235160440740943,4345322,0.5375
7064,400.0,390.85,0.029220542860520574,4345894,0.5454
7065,260.0,386.8,0.029205932589090315,4346461,0.3816
7066,155.0,384.65,0.029191329622795772,4346926,1.1387
7067,250.0,384.6,0.029176733957984376,4347515,0.6053
7068,260.0,384.9,0.029162145591005384,4348098,1.4892
7069,320.0,381.25,0.029147564518209882,4348835,0.6622
7070,395.0,382.95,0.02913299073595078,4349385,1.4573
7071,215.0,381.2,0.029118424240582808,4349927,0.6797
7072,385.0,381.3,0.029103865028462517,4350663,1.2074
7073,750.0,386.35,0.029089313095948286,4351767,1.1813
7074,600.0,386.55,0.029074768439400312,4352779,0.7215
7075,430.0,385.7,0.029060231055180612,4353624,0.3566
7076,375.0,387.5,0.029045700939653023,4354326,1.3064
7077,590.0,390.45,0.029031178089183197,4354961,0.7073
7078,245.0,387.5,0.029016662500138606,4355464,0.4042
7079,430.0,388.45,0.029002154168888537,4356174,1.0155
7080,520.0,390.8,0.028987653091804094,4356804,1.7510
7081,320.0,388.85,0.028973159265258192,4357459,0.8956
7082,350.0,386.9,0.028958672685625565,4358065,1.6062
7083,365.0,387.8,0.028944193349282752,4358708,1.0202
7084,440.0,386.75,0.028929721252608114,4359511,0.4780
7085,490.0,386.75,0.028915256391981812,4360337,0.7122
7086,575.0,384.5,0.02890079876378582,4361275,0.6229
7087,245.0,384.25,0.02888634836440393,4361795,0.3361
7088,560.0,384.95,0.02887190519022173,4362530,0.6150
7089,305.0,385.35,0.02885746923762662,4363154,0.4024
7090,380.0,383.75,0.02884304050300781,4363869,0.7771
7091,430.0,386.7,0.028828618982756307,4364562,1.0597
7092,415.0,385.15,0.02881420467326493,4365239,0.9051
7093,315.0,381.35,0.0287997975709283,4365854,0.5723
7094,425.0,380.95,0.02878539767214284,4366490,2.7361
7095,380.0,382.2,0.028771004973306768,4367160,1.6115
7096,80.0,379.5,0.028756619470820116,4367589,1.2477
7097,290.0,380.3,0.028742241161084706,4368260,1.4128
7098,170.0,378.55,0.028727870040504165,4368892,0.4704
7099,590.0,380.75,0.028713506105483913,4369661,1.2472
7100,345.0,382.25,0.02869914935243117,4370296,1.4258
7101,365.0,380.0,0.028684799777754958,4370945,1.1094
7102,460.0,382.2,0.028670457377866082,4371863,3.4579
7103,445.0,383.1,0.02865612214917715,4372676,0.7435
7104,435.0,382.3,0.02864179408810256,4373372,0.6504
7105,520.0,385.3,0.028627473191058513,4374480,0.7107
7106,640.0,385.9,0.028613159454462987,4375229,0.7214
7107,330.0,383.2,0.028598852874735757,4375944,0.7579
7108,315.0,381.15,0.02858455344829839,4376402,1.0599
7109,470.0,382.6,0.028570261171574244,4377249,1.3963
7110,425.0,381.4,0.02855597604098846,4377886,1.0539
7111,325.0,381.15,0.028541698052967968,4378424,0.4147
7112,650.0,383.0,0.028527427203941486,4379380,1.1590
7113,435.0,384.2,0.028513163490339517,4380167,1.5854
7114,340.0,383.8,0.02849890690859435,4380933,0.3430
7115,290.0,383.6,0.028484657455140054,4381633,0.7463
7116,325.0,384.5,0.028470415126412487,4382254,0.3457
7117,540.0,386.95,0.028456179918849283,4383266,0.8317
7118,245.0,384.75,0.02844195182888986,4383824,1.5627
7119,330.0,386.5,0.028427730852975418,4384319,0.9315
7120,505.0,387.05,0.02841351698754893,4385178,0.3969
7121,600.0,389.6,0.028399310229055157,4386141,0.2700
7122,495.0,391.3,0.028385110573940633,4386921,1.4011
7123,435.0,389.65,0.028370918018653664,4388022,0.7192
7124,440.0,391.25,0.028356732559644337,4388670,1.4461
7125,225.0,390.7,0.028342554193364518,4389317,1.1409
7126,580.0,394.4,0.02832838291626784,4390083,0.4214
7127,695.0,395.85,0.028314218724809707,4391055,0.6118
7128,280.0,394.6,0.028300061615447306,4391737,0.6603
7129,325.0,395.25,0.028285911584639584,4392399,0.8947
7130,215.0,392.3,0.028271768628847265,4392932,0.4603
7131,500.0,395.5,0.028257632744532843,4393802,0.3694
7132,435.0,394.45,0.02824350392816058,4394458,0.3644
7133,305.0,393.6,0.0282293821761965,4395123,0.7991
7134,175.0,392.45,0.028215267485108404,4395491,1.3357
7135,255.0,392.7,0.02820115985136585,4396078,0.8973
7136,120.0,389.05,0.02818705927144017,4396450,1.4479
7137,230.0,386.15,0.028172965741804452,4396921,1.1377
7138,605.0,391.55,0.028158879258933553,4397795,0.8532
7139,275.0,388.3,0.028144799819304088,4398305,1.6989
7140,355.0,389.2,0.028130727419394437,4398945,0.8498
7141,370.0,391.6,0.028116662055684742,4399529,1.4524
7142,185.0,389.0,0.0281026037246569,4399894,2.0050
7143,405.0,388.5,0.028088552422794573,4400536,0.5155
7144,240.0,386.8,0.028074508146583178,4401042,0.8972
7145,800.0,390.0,0.028060470892509886,4402052,1.2525
7146,490.0,388.7,0.02804644065706363,4402955,0.2954
7147,395.0,389.15,0.0280324174367351,4403511,2.4582
7148,375.0,389.4,0.028018401228016732,4404491,0.6838
7149,345.0,390.6,0.028004392027402725,4405109,0.8248
7150,235.0,390.25,0.027990389831389025,4405650,0.3195
7151,345.0,389.05,0.02797639463647333,4406426,0.4233
7152,295.0,387.85,0.027962406439155096,4406980,1.2047
7153,540.0,387.5,0.02794842523593552,4408053,0.4298
7154,265.0,385.05,0.027934451023317555,4408794,0.4580
7155,500.0,384.75,0.027920483797805897,4409691,1.3934
7156,380.0,385.35,0.027906523555906997,4410410,1.8343
7157,510.0,387.7,0.027892570294129046,4411161,1.3431
7158,395.0,390.55,0.027878624008981983,4411829,0.5978
7159,435.0,391.55,0.027864684696977494,4412619,0.7034
7160,310.0,387.05,0.027850752354629006,4413210,1.0397
7161,495.0,389.1,0.027836826978451693,4414149,0.4873
7162,245.0,388.1,0.02782290856496247,4415129,0.5758
7163,235.0,387.75,0.02780899711067999,4415587,1.2065
7164,480.0,388.55,0.027795092612124653,4416344,3.1769
7165,435.0,390.3,0.027781195065818592,4417141,0.8959
7166,755.0,396.3,0.027767304468285684,4418029,3.4398
7167,440.0,398.2,0.027753420816051543,4418796,0.6433
7168,290.0,398.5,0.02773954410564352,4419407,0.7187
7169,385.0,399.15,0.0277256743335907,4420064,1.4800
7170,285.0,398.05,0.027711811496423905,4420594,0.5123
7171,240.0,398.3,0.027697955590675696,4421153,1.0153
7172,270.0,397.15,0.02768410661288036,4421596,1.3939
7173,400.0,393.65,0.027670264559573922,4422308,0.7467
7174,360.0,391.25,0.027656429427294137,4422890,3.2321
7175,325.0,390.2,0.02764260121258049,4423452,1.2578
7176,240.0,388.85,0.027628779911974204,4423989,0.5703
7177,545.0,388.4,0.02761496552201822,4424937,0.7640
7178,330.0,389.25,0.027601158039257213,4425578,1.8976
7179,275.0,387.7,0.027587357460237584,4426174,0.7346
7180,305.0,385.55,0.027573563781507465,4426769,1.7447
7181,360.0,385.95,0.027559776999616713,4427396,0.5475
7182,270.0,385.15,0.027545997111116906,4428022,1.1494
7183,490.0,386.4,0.02753222411256135,4428754,1.4167
7184,355.0,385.55,0.02751845800050507,4429412,0.7424
7185,710.0,387.75,0.02750469877150482,4430327,1.7009
7186,285.0,384.85,0.027490946422119068,4430980,1.3583
7187,435.0,386.75,0.027477200948908008,4431644,1.2218
7188,355.0,384.7,0.027463462348433554,4432281,0.3976
7189,585.0,387.5,0.02744973061725934,4432990,2.1294
7190,140.0,385.1,0.027436005751950713,4433482,0.7810
7191,340.0,384.2,0.02742228774907474,4434255,1.1186
7192,300.0,383.05,0.027408576605200203,4434710,0.4730
7193,630.0,386.2,0.027394872316897606,4435364,1.7609
7194,545.0,387.4,0.02738117488073916,4436190,0.4190
7195,425.0,387.85,0.027367484293298792,4436901,0.5188
7196,320.0,390.25,0.027353800551152146,4437565,2.5460
7197,315.0,390.5,0.027340123650876572,4438143,0.6781
7198,445.0,393.25,0.027326453589051135,4438848,0.6268
7199,325.0,390.6,0.02731279036225661,4439469,0.4971
7200,660.0,393.75,0.027299133967075482,4440402,0.3287
7201,425.0,394.35,0.027285484400091944,4441296,0.6698
7202,225.0,392.0,0.0272718416578919,4441877,1.0177
7203,340.0,390.95,0.027258205737062953,4442539,0.8235
7204,290.0,389.5,0.027244576634194422,4443147,1.7359
7205,200.0,386.3,0.027230954345877325,4443518,2.3437
7206,320.0,383.1,0.027217338868704387,4444064,0.6689
7207,610.0,385.9,0.027203730199270037,4444661,2.4508
7208,455.0,387.3,0.027190128334170404,4445551,0.6704
7209,530.0,387.9,0.02717653327000332,4446525,0.7848
7210,465.0,388.3,0.02716294500336832,4447415,0.5088
7211,180.0,386.85,0.027149363530866638,4447820,0.9219
7212,365.0,384.0,0.027135788849101207,4448433,0.9878
7213,210.0,381.75,0.027122220954676656,4448864,2.0312
7214,430.0,382.65,0.02710865984419932,4449520,3.0067
7215,195.0,381.7,0.02709510551427722,4449977,0.6897
7216,345.0,381.9,0.02708155796152008,4450572,3.0267
7217,515.0,381.65,0.027068017182539324,4451326,1.0970
7218,245.0,381.65,0.027054483173948055,4451778,1.7015
7219,545.0,383.8,0.027040955932361083,4452611,1.7434
7220,480.0,383.55,0.027027435454394903,4453428,0.5793
7221,685.0,384.4,0.027013921736667706,4454284,0.5045
7222,260.0,382.05,0.027000414775799373,4454886,0.3991
7223,260.0,380.3,0.026986914568411475,4455388,0.6755
7224,515.0,381.05,0.02697342111112727,4456271,3.2667
7225,570.0,384.5,0.02695993440057171,4457165,0.3849
7226,375.0,382.45,0.026946454433371424,4457842,0.8856
7227,310.0,378.6,0.02693298120615474,4458577,0.7611
7228,505.0,380.85,0.026919514715551665,4459309,0.4436
7229,315.0,380.75,0.02690605495819389,4459786,0.6934
7230,465.0,383.25,0.026892601930714796,4460700,0.9346
7231,300.0,381.25,0.02687915562974944,4461292,1.9641
7232,215.0,379.05,0.026865716051934566,4461787,1.3483
7233,355.0,379.55,0.0268522831939086,4462385,1.3744
7234,180.0,379.6,0.026838857052311645,4462827,0.4939
7235,295.0,380.0,0.026825437623785493,4463421,0.4910
7236,210.0,380.9,0.0268120249049736,4463847,1.1624
7237,55.0,379.15,0.026798618892521116,4464314,0.4703
7238,215.0,375.25,0.026785219583074858,4464876,0.8455
7239,350.0,376.0,0.02677182697328332,4465775,0.7079
7240,615.0,378.6,0.02675844105979668,4466430,0.8967
7241,145.0,376.35,0.02674506183926678,4467028,1.7995
7242,380.0,378.3,0.02673168930834715,4467965,0.5257
7243,475.0,379.0,0.02671832346369298,4468619,1.1653
7244,445.0,381.05,0.026704964301961134,4469512,3.3596
7245,550.0,378.55,0.026691611819810154,4470391,1.2874
7246,690.0,380.55,0.02667826601390025,4471312,1.3808
7247,380.0,380.4,0.0266649268808933,4471966,0.4395
7248,485.0,381.5,0.026651594417452858,4472822,1.6180
7249,370.0,381.75,0.026638268620244133,4473508,0.8431
7250,140.0,380.8,0.026624949485934014,4473905,0.8275
7251,215.0,379.5,0.02661163701119105,4474420,1.4151
7252,260.0,379.15,0.026598331192685454,4474962,2.3832
7253,250.0,376.25,0.026585032027089114,4475538,0.4201
7254,690.0,380.5,0.02657173951107557,4476355,0.7992
7255,425.0,379.75,0.026558453641320034,4477260,0.8101
7256,375.0,379.7,0.026545174414499377,4477827,1.5564
7257,645.0,381.05,0.026531901827292127,4478691,0.4500
7258,280.0,379.9,0.026518635876378482,4479369,2.6792
7259,365.0,379.2,0.026505376558440295,4479955,0.5369
7260,440.0,380.5,0.026492123870161075,4480873,1.5345
7261,225.0,377.8,0.026478877808225994,4481532,0.9700
7262,330.0,378.65,0.026465638369321882,4482276,1.6989
7263,485.0,381.15,0.026452405550137222,4482936,0.7071
7264,285.0,379.2,0.026439179347362157,4483524,1.8790
7265,480.0,379.65,0.026425959757688477,4484384,0.4308
7266,425.0,376.35,0.026412746777809634,4485177,0.7826
7267,360.0,375.55,0.02639954040442073,4485709,1.2259
7268,320.0,375.85,0.02638634063421852,4486311,0.5808
7269,270.0,374.7,0.02637314746390141,4486934,0.6877
7270,360.0,375.45,0.02635996089016946,4487597,6.6236
7271,490.0,377.95,0.026346780909724376,4488458,0.8536
7272,210.0,377.35,0.026333607519269515,4489021,0.5256
7273,385.0,377.2,0.02632044071550988,4489589,0.4889
7274,745.0,381.05,0.026307280495152126,4490393,0.4943
7275,510.0,382.9,0.02629412685490455,4491038,0.9499
7276,135.0,381.85,0.0262809797914771,4491524,0.7892
7277,545.0,381.85,0.026267839301581362,4492431,0.9486
7278,180.0,380.35,0.026254705381930574,4492898,0.9910
7279,245.0,380.05,0.02624157802923961,4493457,0.4539
7280,445.0,381.45,0.02622845724022499,4494201,0.8739
7281,450.0,382.35,0.02621534301160488,4495146,0.5922
7282,95.0,380.6,0.026202235340099078,4495513,0.5203
7283,395.0,379.65,0.02618913422242903,4496107,0.3174
7284,295.0,379.05,0.026176039655317816,4496869,0.8911
7285,515.0,377.1,0.026162951635490157,4497853,0.5081
7286,660.0,380.85,0.026149870159672413,4498716,0.9829
7287,265.0,379.15,0.026136795224592578,4499251,1.0688
7288,55.0,376.15,0.026123726826980283,4499524,1.2467
7289,290.0,373.2,0.026110664963566795,4500200,1.2597
7290,580.0,377.6,0.02609760963108501,4500996,0.5388
7291,445.0,378.65,0.02608456082626947,4501610,1.0036
7292,120.0,376.85,0.026071518545856334,4502013,1.5652
7293,420.0,374.75,0.026058482786583407,4502826,1.0241
7294,260.0,371.9,0.026045453545190115,4503263,0.3370
7295,280.0,370.45,0.02603243081841752,4503867,0.8703
7296,495.0,372.2,0.02601941460300831,4504733,0.3575
7297,350.0,372.55,0.026006404895706808,4505311,1.3187
7298,305.0,371.15,0.025993401693258956,4506074,0.7283
7299,265.0,370.55,0.025980404992412328,4506637,0.5001
7300,380.0,367.75,0.025967414789916123,4507268,0.4976
7301,185.0,365.35,0.025954431082521167,4507784,0.6603
7302,255.0,365.65,0.025941453866979908,4508566,1.2308
7303,380.0,366.05,0.025928483140046418,4509136,2.0249
7304,100.0,364.15,0.025915518898476396,4509406,1.0930
7305,415.0,366.3,0.02590256113902716,4510343,2.6927
7306,205.0,365.15,0.025889609858457646,4510903,1.0363
7307,350.0,362.55,0.025876665053528418,4511583,0.4328
7308,365.0,361.65,0.025863726721001654,4512284,0.7960
7309,360.0,359.95,0.025850794857641156,4512901,0.8924
7310,290.0,358.2,0.025837869460212336,4513375,0.6083
7311,295.0,359.35,0.02582495052548223,4513931,2.8203
7312,410.0,359.8,0.02581203805021949,4514597,0.8796
7313,205.0,359.75,0.025799132031194383,4515027,1.9250
7314,285.0,358.3,0.025786232465178787,4515566,3.1058
7315,350.0,359.85,0.025773339348946198,4516384,1.7454
7316,285.0,359.25,0.025760452679271725,4516882,0.7744
7317,465.0,358.75,0.02574757245293209,4517724,0.6371
7318,410.0,360.4,0.025734698666705625,4518374,0.2181
7319,460.0,359.55,0.025721831317372275,4519177,2.7600
7320,300.0,357.75,0.02570897040171359,4519753,1.3504
7321,130.0,352.2,0.025696115916512736,4520036,1.1190
7322,480.0,354.4,0.02568326785855448,4520923,3.6438
7323,355.0,355.35,0.025670426224625204,4521494,0.4582
7324,180.0,352.0,0.025657591011512892,4521951,0.5594
7325,265.0,348.95,0.025644762216007137,4522521,3.0034
7326,360.0,348.8,0.025631939834899135,4523166,1.3369
7327,275.0,348.45,0.025619123864981688,4523761,1.2661
7328,405.0,347.45,0.0256063143030492,4524380,0.6431
7329,685.0,351.15,0.025593511145897675,4525268,1.7409
7330,745.0,353.95,0.02558071439032473,4526073,2.0992
7331,525.0,356.2,0.025567924033129567,4526931,1.7085
7332,390.0,357.95,0.025555140071113005,4527560,0.7264
7333,420.0,358.6,0.02554236250107745,4528169,0.4621
7334,265.0,359.45,0.025529591319826912,4528856,0.4239
7335,215.0,358.65,0.025516826524167,4529277,2.2804
7336,380.0,360.35,0.02550406811090492,4529893,2.9305
7337,135.0,361.15,0.025491316076849468,4530294,3.1289
7338,470.0,363.7,0.025478570418811044,4531188,3.1229
7339,385.0,364.05,0.02546583113360164,4532169,1.4220
7340,125.0,359.15,0.02545309821803484,4532442,0.5701
7341,250.0,360.2,0.025440371668925824,4533163,0.4823
7342,365.0,360.05,0.02542765148309136,4533871,0.7768
7343,455.0,359.85,0.025414937657349815,4534673,0.9920
7344,190.0,357.3,0.02540223018852114,4535099,0.5910
7345,395.0,355.75,0.02538952907342688,4535762,0.3265
7346,215.0,351.0,0.025376834308890168,4536291,1.1494
7347,215.0,349.35,0.025364145891735725,4536797,2.5688
7348,240.0,346.9,0.025351463818789857,4537358,0.4653
7349,195.0,345.15,0.025338788086880462,4537862,2.8294
7350,335.0,347.1,0.025326118692837022,4538369,1.5767
7351,165.0,346.6,0.025313455633490606,4538900,0.7484
7352,300.0,347.0,0.02530079890567386,4539520,0.8406
7353,395.0,348.45,0.025288148506221027,4540428,0.8909
7354,580.0,347.35,0.025275504431967917,4541415,0.5190
7355,240.0,345.5,0.025262866679751934,4541846,1.5600
7356,510.0,346.85,0.02525023524641206,4542818,1.0207
7357,450.0,344.9,0.025237610128788855,4543467,0.6010
7358,245.0,344.55,0.025224991323724463,4544120,3.0900
7359,320.0,344.1,0.0252123788280626,4544925,3.5471
7360,290.0,342.6,0.02519977263864857,4545507,1.8113
7361,270.0,343.05,0.025187172752329248,4545984,0.5445
7362,185.0,341.6,0.025174579165953084,4546433,1.7239
7363,185.0,338.6,0.02516199187637011,4546940,0.5913
7364,125.0,337.0,0.025149410880431926,4547375,0.5996
7365,170.0,333.9,0.02513683617499171,4547811,2.8493
7366,420.0,333.85,0.025124267756904215,4548602,0.4000
7367,340.0,333.65,0.025111705623025764,4549128,0.6003
7368,330.0,333.75,0.025099149770214255,4549723,0.4204
7369,440.0,335.45,0.02508660019532915,4550429,1.4902
7370,230.0,334.15,0.025074056895231487,4551059,1.2391
7371,125.0,330.5,0.02506151986678387,4551340,0.6077
7372,320.0,331.6,0.02504898910685048,4552036,2.2827
7373,375.0,331.5,0.025036464612297058,4552629,0.4780
7374,325.0,327.3,0.025023946379990912,4553225,0.3989
7375,345.0,325.65,0.02501143440680092,4553874,1.5761
7376,565.0,329.95,0.024998928689597518,4554501,0.9638
7377,295.0,327.45,0.02498642922525272,4555067,0.7399
7378,375.0,329.4,0.024973936010640095,4555962,1.2841
7379,380.0,330.75,0.024961449042634778,4556625,0.7193
7380,335.0,329.65,0.02494896831811346,4557351,0.6798
7381,370.0,328.85,0.024936493833954406,4557979,0.5645
7382,380.0,331.7,0.02492402558703743,4558548,1.3548
7383,470.0,332.45,0.024911563574243914,4559488,2.6171
7384,370.0,333.2,0.024899107792456795,4560120,1.2999
7385,435.0,332.4,0.024886658238560566,4560749,2.5145
7386,570.0,331.5,0.02487421490944129,4561715,0.6122
7387,325.0,332.1,0.02486177780198657,4562313,1.3077
7388,475.0,336.3,0.024849346913085577,4562967,3.2637
7389,485.0,338.25,0.024836922239629036,4563813,0.7149
7390,420.0,336.65,0.024824503778509224,4564677,0.5101
7391,480.0,337.0,0.02481209152661997,4565246,1.2453
7392,310.0,338.9,0.024799685480856662,4565790,1.6995
7393,365.0,338.35,0.024787285638116236,4566409,1.1043
7394,100.0,336.75,0.02477489199529718,4566688,0.8125
7395,320.0,337.15,0.02476250454929953,4567234,1.0607
7396,440.0,336.6,0.024750123297024883,4567972,0.9730
7397,185.0,334.95,0.02473774823537637,4568441,1.3071
7398,210.0,334.0,0.024725379361258685,4568863,2.0083
7399,285.0,334.2,0.024713016671578058,4569399,0.4212
7400,530.0,335.7,0.02470066016324227,4570208,0.8593
7401,450.0,338.35,0.02468830983316065,4570999,0.4625
7402,600.0,341.8,0.02467596567824407,4571704,0.8750
7403,360.0,341.6,0.02466362769540495,4572349,2.0595
7404,290.0,343.5,0.024651295881557247,4573026,1.0218
7405,335.0,342.7,0.02463897023361647,4573669,1.3154
7406,335.0,344.0,0.02462665074849966,4574214,0.7362
7407,420.0,344.7,0.024614337423125413,4574875,0.6971
7408,320.0,344.25,0.02460203025441385,4575429,0.3694
7409,265.0,343.3,0.024589729239286647,4575997,0.7857
7410,470.0,345.1,0.024577434374667004,4576863,1.2022
7411,400.0,346.15,0.02456514565747967,4577733,0.4834
7412,305.0,345.1,0.024552863084650933,4578197,0.8778
7413,390.0,346.95,0.02454058665310861,4578923,1.1681
7414,225.0,346.35,0.024528316359782056,4579387,0.3124
7415,270.0,345.55,0.024516052201602166,4580044,0.7181
7416,320.0,345.9,0.024503794175501366,4580651,0.5049
7417,545.0,346.7,0.024491542278413617,4581521,1.7547
7418,230.0,344.9,0.02447929650727441,4582108,0.6235
7419,400.0,344.3,0.024467056859020776,4582859,0.8648
7420,490.0,346.2,0.024454823330591267,4583591,0.7343
7421,665.0,351.55,0.02444259591892597,4584233,1.8339
7422,385.0,350.6,0.02443037462096651,4584897,0.6955
7423,440.0,351.45,0.024418159433656026,4586040,0.5749
7424,605.0,355.7,0.0244059503539392,4587005,0.3366
7425,415.0,357.2,0.02439374737876223,4587625,0.5274
7426,420.0,357.8,0.02438155050507285,4588257,0.4203
7427,330.0,358.35,0.024369359729820315,4588840,1.2367
7428,550.0,359.8,0.024357175049955406,4589744,0.4187
7429,350.0,356.45,0.02434499646243043,4590415,0.4812
7430,325.0,352.25,0.024332823964199217,4591174,1.1537
7431,125.0,348.25,0.024320657552217118,4591455,0.3457
7432,335.0,347.7,0.02430849722344101,4592011,0.9849
7433,380.0,347.3,0.024296342974829292,4592610,1.3872
7434,330.0,347.95,0.024284194803341878,4593222,0.6285
7435,700.0,352.8,0.024272052705940208,4593955,0.1701
7436,105.0,350.05,0.02425991667958724,4594238,1.3260
7437,310.0,351.8,0.024247786721247448,4594838,0.6090
7438,385.0,350.95,0.024235662827886827,4595451,2.5051
7439,630.0,353.4,0.024223544996472883,4596238,0.4549
7440,360.0,355.75,0.02421143322397465,4596820,0.4084
7441,395.0,357.2,0.024199327507362662,4597541,0.9882
7442,470.0,358.25,0.024187227843608983,4598244,2.1732
7443,245.0,356.15,0.02417513422968718,4598678,0.6369
7444,475.0,359.0,0.024163046662572338,4599784,0.4163
7445,365.0,358.7,0.024150965139241053,4600467,0.3515
7446,305.0,359.6,0.024138889656671433,4601017,0.9166
7447,220.0,359.65,0.0241268202118431,4601481,1.6221
7448,455.0,361.8,0.024114756801737178,4602262,1.8742
7449,210.0,361.95,0.024102699423336312,4602672,1.0486
7450,550.0,364.1,0.024090648073624644,4603567,1.8383
7451,265.0,365.1,0.024078602749587834,4604195,0.6808
7452,455.0,366.65,0.024066563448213042,4605146,0.9399
7453,405.0,366.75,0.02405453016648894,4605929,0.2734
7454,440.0,365.35,0.024042502901405693,4606672,0.2836
7455,495.0,367.9,0.024030481649954992,4607474,1.0952
7456,130.0,364.1,0.024018466409130017,4607887,0.5155
7457,395.0,363.55,0.024006457175925453,4608543,1.2511
7458,340.0,364.5,0.023994453947337492,4609227,0.5710
7459,485.0,366.15,0.023982456720363823,4610028,0.6225
7460,370.0,366.95,0.023970465492003643,4610633,0.5808
7461,595.0,370.2,0.02395848025925764,4611273,0.5137
7462,440.0,372.75,0.023946501019128014,4611993,0.4478
7463,295.0,373.85,0.02393452776861845,4612508,3.0591
7464,365.0,376.25,0.023922560504734142,4612997,0.9304
7465,335.0,377.9,0.023910599224481778,4613617,2.9883
7466,305.0,376.75,0.02389864392486954,4614157,1.2145
7467,545.0,378.8,0.023886694602907106,4614977,0.2807
7468,280.0,378.3,0.023874751255605654,4615493,0.7378
7469,300.0,376.9,0.02386281387997785,4616028,1.3119
7470,500.0,379.6,0.023850882473037863,4616694,0.5527
7471,200.0,380.35,0.023838957031801344,4617133,0.6352
7472,540.0,382.55,0.023827037553285444,4618218,0.5226
7473,405.0,382.85,0.023815124034508802,4618849,0.5230
7474,500.0,384.6,0.023803216472491548,4619697,1.3119
7475,285.0,384.0,0.023791314864255304,4620164,0.4606
7476,420.0,382.55,0.023779419206823176,4620915,0.5037
7477,480.0,384.4,0.023767529497219764,4621745,0.6473
7478,305.0,383.7,0.023755645732471155,4622288,1.9345
7479,360.0,383.5,0.02374376790960492,4622979,1.1619
7480,500.0,385.15,0.02373189602565012,4623776,1.3257
7481,380.0,385.25,0.023720030077637295,4624512,0.6974
7482,495.0,386.4,0.02370817006259848,4625183,1.2457
7483,315.0,384.85,0.023696315977567182,4625986,3.2273
7484,390.0,385.05,0.0236844678195784,4626839,0.5424
7485,280.0,383.5,0.02367262558566861,4627368,1.1758
7486,340.0,381.2,0.023660789272875776,4628025,0.9170
7487,485.0,382.8,0.02364895887823934,4628935,4.1363
7488,625.0,384.3,0.023637134398800223,4629564,0.4452
7489,290.0,382.35,0.023625315831600824,4630126,1.4149
7490,125.0,379.4,0.023613503173685026,4630404,0.3565
7491,365.0,378.25,0.023601696422098185,4631033,1.4133
7492,440.0,379.55,0.023589895573887135,4631636,1.9859
7493,410.0,380.0,0.023578100626100194,4632251,1.0209
7494,360.0,382.6,0.023566311575787143,4633002,1.2373
7495,285.0,382.25,0.023554528419999252,4633582,0.9367
7496,435.0,382.2,0.023542751155789254,4634379,0.2868
7497,410.0,384.45,0.02353097978021136,4635030,1.4664
7498,200.0,384.35,0.023519214290321257,4635487,0.8336
7499,495.0,386.45,0.023507454683176096,4636412,1.8162
7500,270.0,383.85,0.02349570095583451,4636964,0.5064
7501,420.0,383.55,0.023483953105356593,4637668,0.8654
7502,275.0,380.3,0.023472211128803915,4638196,0.6871
7503,245.0,379.15,0.023460475023239516,4638714,0.5265
7504,445.0,380.7,0.023448744785727896,4639384,1.4707
7505,300.0,380.35,0.023437020413335032,4640004,1.6589
7506,405.0,381.05,0.023425301903128366,4640617,0.5900
7507,370.0,380.55,0.023413589252176802,4641312,0.6569
7508,450.0,381.85,0.023401882457550715,4641904,0.7807
7509,365.0,382.85,0.02339018151632194,4642504,1.1582
7510,535.0,383.5,0.02337848642556378,4643103,1.5748
7511,650.0,386.0,0.023366797182350997,4643905,2.7968
7512,480.0,387.75,0.02335511378375982,4644627,0.3933
7513,620.0,390.05,0.023343436226867943,4645241,0.4522
7514,390.0,391.7,0.023331764508754512,4645923,1.2740
7515,230.0,391.3,0.023320098626500137,4646345,1.0211
7516,395.0,392.05,0.02330843857718689,4647307,1.7516
7517,285.0,389.45,0.0232967843578983,4647914,3.5195
7518,440.0,391.55,0.02328513596571935,4648553,1.5314
7519,360.0,391.15,0.023273493397736492,4649169,1.1100
7520,370.0,389.95,0.023261856651037624,4649817,0.3537
7521,105.0,384.35,0.023250225722712105,4650287,0.5751
7522,365.0,384.15,0.02323860060985075,4651005,0.7450
7523,430.0,384.05,0.023226981309545827,4651672,0.5089
7524,385.0,381.85,0.023215367818891056,4652294,1.5878
7525,240.0,380.1,0.023203760134981613,4652725,0.4425
7526,520.0,381.1,0.023192158254914122,4653559,0.8909
7527,360.0,381.4,0.023180562175786665,4654277,0.6570
7528,275.0,378.65,0.023168971894698773,4654951,3.0704
7529,405.0,379.2,0.023157387408751427,4655630,1.2006
7530,350.0,379.45,0.023145808715047053,4656167,1.9951
7531,440.0,382.6,0.023134235810689532,4657050,0.3144
7532,280.0,382.05,0.02312266869278419,4657630,0.9798
7533,280.0,381.05,0.0231111073584378,4658070,1.0520
7534,225.0,380.0,0.023099551804758582,4658605,0.4139
7535,335.0,376.35,0.023088002028856205,4659097,1.1408
7536,410.0,379.4,0.02307645802784178,4659760,0.5369
7537,495.0,381.25,0.023064919798827858,4660539,0.6171
7538,125.0,378.65,0.023053387338928446,4660961,0.5797
7539,255.0,374.9,0.023041860645258982,4661495,0.5562
7540,260.0,373.9,0.023030339714936354,4662222,0.5378
7541,180.0,371.75,0.023018824545078885,4662648,0.7754
7542,395.0,371.0,0.023007315132806346,4663463,2.5945
7543,515.0,373.7,0.022995811475239943,4664331,1.0683
7544,140.0,370.35,0.022984313569502323,4664831,0.2760
7545,310.0,369.8,0.022972821412717573,4665420,0.5086
7546,345.0,370.2,0.022961335002011217,4665969,1.3308
7547,670.0,374.7,0.022949854334510213,4666871,0.3733
7548,440.0,374.55,0.02293837940734296,4667645,0.7238
7549,395.0,376.4,0.02292691021763929,4668458,0.5212
7550,470.0,375.6,0.022915446762530472,4669260,0.4150
7551,355.0,376.5,0.022903989039149208,4669955,0.7493
7552,155.0,373.5,0.022892537044629634,4670371,1.5012
7553,530.0,374.75,0.02288109077610732,4671026,2.1674
7554,280.0,373.15,0.02286965023071927,4671529,1.5798
7555,290.0,371.1,0.02285821540560391,4672061,0.5229
7556,315.0,372.95,0.022846786297901107,4672657,0.4817
7557,745.0,376.45,0.022835362904752157,4673578,1.7968
7558,335.0,376.4,0.022823945223299783,4674132,0.7867
7559,315.0,374.7,0.022812533250688133,4674831,0.5509
7560,290.0,373.9,0.02280112698406279,4675483,0.9620
7561,485.0,372.8,0.022789726420570762,4676299,2.8992
7562,585.0,374.25,0.02277833155736048,4677212,0.4418
7563,240.0,373.7,0.0227669423915818,4677778,0.8598
7564,645.0,376.5,0.02275555892038601,4678738,1.2223
7565,210.0,375.25,0.02274418114092582,4679334,1.4072
7566,305.0,375.25,0.02273280905035536,4679895,0.9642
7567,170.0,371.5,0.022721442645830182,4680370,1.1869
7568,310.0,371.8,0.02271008192450727,4680989,2.7922
7569,395.0,372.75,0.022698726883545017,4681654,3.1728
7570,390.0,371.65,0.022687377520103247,4682247,0.9740
7571,305.0,372.7,0.022676033831343197,4682783,1.2030
7572,275.0,370.05,0.022664695814427527,4683329,1.8164
7573,345.0,369.45,0.022653363466520315,4683992,0.8120
7574,485.0,369.3,0.022642036784787056,4684808,0.5198
7575,400.0,370.45,0.022630715766394662,4685724,3.1076
7576,515.0,371.4,0.022619400408511466,4686516,1.5660
7577,500.0,371.6,0.022608090708307212,4687464,1.1534
7578,210.0,370.65,0.02259678666295306,4687867,0.8059
7579,355.0,370.6,0.022585488269621586,4688558,1.8151
7580,280.0,368.4,0.022574195525486777,4689127,0.8094
7581,305.0,367.65,0.022562908427724036,4689658,1.3303
7582,590.0,368.6,0.022551626973510177,4690300,1.2021
7583,390.0,369.35,0.02254035116002342,4691059,0.5031
7584,920.0,374.65,0.022529080984443412,4691898,0.4430
7585,185.0,373.7,0.02251781644395119,4692321,1.4167
7586,490.0,375.2,0.022506557535729218,4692938,0.8723
7587,445.0,374.8,0.022495304256961356,4693767,0.8212
7588,195.0,370.5,0.022484056604832877,4694339,0.9824
7589,750.0,375.1,0.022472814576530463,4695182,0.6728
7590,670.0,380.55,0.0224615781692422,4695975,1.0922
7591,495.0,381.85,0.022450347380157578,4696855,1.0049
7592,715.0,384.6,0.0224391222064675,4697651,0.5132
7593,600.0,386.5,0.02242790264536427,4698499,0.6997
7594,405.0,386.95,0.02241668869404159,4699084,1.2294
7595,205.0,386.15,0.02240548034969457,4699572,0.4742
7596,715.0,388.95,0.022394277609519724,4700386,0.4566
7597,715.0,392.0,0.022383080470714963,4701191,2.4540
7598,365.0,393.65,0.022371888930479606,4701822,0.8217
7599,370.0,392.4,0.022360702986014367,4702450,1.6398
7600,310.0,392.8,0.022349522634521363,4703020,2.8025
7601,295.0,391.55,0.022338347873204104,4703643,1.0242
7602,470.0,393.5,0.022327178699267505,4704406,0.6625
7603,490.0,395.95,0.02231601510991787,4705335,0.5273
7604,470.0,396.2,0.022304857102362914,4706196,0.7768
7605,485.0,398.05,0.022293704673811733,4707064,0.8113
7606,315.0,397.15,0.022282557821474827,4707638,0.7290
7607,320.0,396.65,0.02227141654256409,4708175,0.4317
7608,365.0,395.8,0.02226028083429281,4708906,0.5327
7609,455.0,396.7,0.022249150693875664,4709645,0.5171
7610,470.0,396.05,0.022238026118528726,4710302,1.2634
7611,345.0,393.0,0.022226907105469464,4710832,0.3622
7612,590.0,394.1,0.02221579365191673,4711745,1.0623
7613,370.0,391.6,0.022204685755090773,4712357,1.2160
7614,555.0,393.25,0.022193583412213228,4713120,2.8576
7615,420.0,395.15,0.022182486620507123,4713785,0.8794
7616,310.0,394.3,0.02217139537719687,4714369,3.2233
7617,975.0,401.2,0.022160309679508272,4715357,0.9408
7618,380.0,400.6,0.02214922952466852,4716047,0.6148
7619,490.0,401.9,0.022138154909906185,4716843,1.2079
7620,155.0,399.75,0.022127085832451234,4717239,1.1275
7621,550.0,404.2,0.02211602228953501,4718354,0.4844
7622,485.0,405.4,0.022104964278390243,4719302,2.9355
7623,345.0,404.55,0.02209391179625105,4719815,1.9425
7624,390.0,404.6,0.022082864840352923,4720456,1.1195
7625,300.0,405.2,0.022071823407932747,4720954,0.6217
7626,105.0,401.05,0.022060787496228782,4721425,1.2655
7627,95.0,398.4,0.02204975710248067,4721693,1.1248
7628,375.0,399.4,0.02203873222392943,4722494,0.5388
7629,200.0,397.35,0.022027712857817464,4722988,0.6284
7630,435.0,398.2,0.022016699001388557,4723784,0.5081
7631,315.0,396.95,0.022005690651887864,4724370,0.4829
7632,365.0,397.8,0.02199468780656192,4725003,0.4297
7633,230.0,397.3,0.02198369046265864,4725560,1.6524
7634,555.0,400.6,0.021972698617427313,4726566,0.4221
7635,395.0,401.2,0.0219617122681186,4727262,0.2469
7636,480.0,401.9,0.021950731411984545,4728270,2.1781
7637,585.0,402.8,0.021939756046278555,4729097,3.3870
7638,320.0,404.75,0.02192878616825542,4729727,0.6880
7639,355.0,405.75,0.021917821775171292,4730381,0.2492
7640,180.0,404.95,0.021906862864283706,4730759,1.5465
7641,280.0,405.95,0.021895909432851565,4731319,1.3574
7642,695.0,408.95,0.02188496147813514,4732223,0.3619
7643,325.0,407.05,0.021874018997396074,4732757,0.9383
7644,530.0,410.95,0.021863081987897378,4733450,2.1599
7645,260.0,410.45,0.02185215044690343,4733980,0.8087
7646,290.0,409.9,0.02184122437167998,4734765,0.9141
7647,305.0,406.25,0.021830303759494143,4735381,1.3286
7648,125.0,403.1,0.0218193886076144,4735736,1.2939
7649,245.0,401.6,0.021808478913310593,4736233,1.4197
7650,315.0,400.05,0.021797574673853938,4736829,2.2649
7651,130.0,397.8,0.02178667588651701,4737736,1.2234
7652,330.0,399.55,0.021775782548573753,4738277,4.4693
7653,295.0,397.2,0.021764894657299468,4738845,0.8300
7654,270.0,397.1,0.021754012209970818,4739514,1.4263
7655,250.0,396.7,0.021743135203865834,4740003,0.5691
7656,345.0,397.0,0.0217322636362639,4740719,1.8000
7657,165.0,391.2,0.02172139750444577,4741191,0.5194
7658,385.0,391.7,0.02171053680569355,4741795,0.5141
7659,440.0,392.95,0.021699681537290703,4742552,0.5497
7660,435.0,394.4,0.02168883169652206,4743548,0.6774
7661,70.0,390.25,0.0216779872806738,4743828,0.8662
7662,285.0,387.25,0.021667148287033464,4744662,0.7885
7663,240.0,387.25,0.021656314712889948,4745067,1.0617
7664,260.0,383.4,0.021645486555533503,4745522,0.3380
7665,405.0,385.35,0.021634663812255737,4746216,1.0891
7666,420.0,386.5,0.02162384648034961,4746825,0.6179
7667,85.0,385.65,0.021613034557109435,4747220,0.7017
7668,410.0,386.65,0.021602228039830883,4747867,0.7361
7669,470.0,387.4,0.02159142692581097,4748428,0.9259
7670,310.0,386.6,0.021580631212348066,4748989,1.5169
7671,310.0,386.65,0.021569840896741892,4749529,0.9041
7672,45.0,384.35,0.021559055976293522,4749890,1.3831
7673,370.0,384.6,0.021548276448305377,4750471,1.1387
7674,145.0,381.2,0.021537502310081225,4750863,0.4004
7675,290.0,380.1,0.021526733558926186,4751499,3.0756
7676,520.0,380.15,0.021515970192146724,4752488,1.2284
7677,355.0,378.7,0.021505212207050654,4753151,0.4615
7678,345.0,380.05,0.02149445960094713,4753744,0.7432
7679,230.0,378.8,0.021483712371146657,4754227,0.5384
7680,280.0,378.8,0.021472970514961085,4754771,4.8594
7681,385.0,379.6,0.021462234029703604,4755508,3.1910
7682,390.0,377.6,0.021451502912688755,4756135,1.0412
7683,280.0,376.5,0.02144077716123241,4756583,0.3982
7684,380.0,371.1,0.021430056772651796,4757354,0.7229
7685,300.0,372.25,0.02141934174426547,4757891,2.8266
7686,405.0,371.4,0.021408632073393337,4758523,0.5722
7687,220.0,369.15,0.02139792775735664,4759198,0.2523
7688,150.0,368.7,0.02138722879347796,4759626,0.6040
7689,285.0,364.05,0.021376535179081224,4760114,1.4946
7690,240.0,359.75,0.021365846911491685,4760588,1.4815
7691,180.0,356.6,0.02135516398803594,4761005,0.3719
7692,350.0,352.95,0.021344486406041925,4761650,0.2957
7693,195.0,348.9,0.021333814162838905,4762075,1.6026
7694,475.0,349.6,0.021323147255757485,4762727,0.7311
7695,180.0,349.35,0.02131248568212961,4763330,1.8057
7696,455.0,346.75,0.021301829439288544,4764127,1.1695
7697,410.0,343.7,0.0212911785245689,4764721,0.2317
7698,575.0,345.8,0.021280532935306615,4765363,0.4208
7699,355.0,345.65,0.021269892668838962,4765974,0.4389
7700,225.0,344.8,0.021259257722504542,4766690,8.6732
7701,425.0,346.1,0.021248628093643293,4767337,0.9232
7702,180.0,343.2,0.021238003779596473,4767784,1.4077
7703,360.0,341.9,0.021227384777706675,4768526,0.8065
7704,420.0,341.4,0.021216771085317825,4769264,1.6323
7705,440.0,340.95,0.021206162699775166,4770207,0.9664
7706,435.0,342.15,0.02119555961842528,4770868,1.4170
7707,320.0,342.15,0.021184961838616068,4771394,3.2657
7708,225.0,340.75,0.02117436935769676,4771824,1.1870
7709,365.0,339.85,0.02116378217301791,4772561,0.7646
7710,395.0,339.1,0.021153200281931402,4773397,0.2557
7711,330.0,338.95,0.02114262368179044,4774023,0.8302
7712,295.0,336.0,0.021132052369949545,4774559,0.6239
7713,255.0,334.85,0.02112148634376457,4775201,0.8195
7714,165.0,330.95,0.02111092560059269,4775719,0.9473
7715,310.0,329.85,0.021100370137792396,4776377,1.3689
7716,455.0,331.3,0.0210898199527235,4777321,0.2845
7717,380.0,325.35,0.02107927504274714,4777960,1.3514
7718,145.0,323.0,0.021068735405225768,4778394,0.6915
7719,330.0,321.4,0.021058201037523157,4778988,1.7543
7720,345.0,323.3,0.021047671937004398,4779575,0.8085
7721,455.0,322.35,0.021037148101035897,4780414,2.8111
7722,240.0,319.9,0.02102662952698538,4780948,1.1756
7723,315.0,319.6,0.021016116212221887,4781477,0.2422
7724,725.0,322.95,0.021005608154115778,4782316,0.2926
7725,330.0,323.25,0.02099510535003872,4782915,3.2553
7726,490.0,327.1,0.0209846077973637,4783738,1.4222
7727,925.0,335.4,0.02097411549346502,4784505,0.9524
7728,490.0,336.55,0.02096362843571829,4785223,0.6213
7729,265.0,337.2,0.02095314662150043,4785857,1.0177
7730,355.0,336.4,0.02094267004818968,4786428,1.1148
7731,285.0,336.1,0.020932198713165588,4786940,1.3375
7732,245.0,334.9,0.020921732613809006,4787454,0.4575
7733,465.0,337.25,0.0209112717475021,4788160,1.0825
7734,350.0,335.2,0.02090081611162835,4788824,0.4440
7735,210.0,333.35,0.020890365703572538,4789420,0.8598
7736,375.0,332.3,0.020879920520720754,4790441,0.2975
7737,510.0,331.55,0.020869480560460396,4791238,1.3238
7738,330.0,331.65,0.020859045820180167,4791745,1.5151
7739,145.0,329.55,0.020848616297270077,4792399,0.3823
7740,335.0,331.1,0.020838191989121443,4793042,0.3574
7741,185.0,330.15,0.020827772893126883,4793663,0.9583
7742,375.0,326.95,0.02081735900668032,4794326,1.8496
7743,485.0,328.55,0.02080695032717698,4795242,0.5594
7744,435.0,327.6,0.020796546852013393,4796010,0.7615
7745,430.0,329.3,0.020786148578587387,4796822,0.6056
7746,515.0,331.55,0.020775755504298096,4797757,0.8384
7747,190.0,330.4,0.020765367626545947,4798151,0.5727
7748,420.0,333.35,0.020754984942732674,4798798,1.7985
7749,290.0,333.8,0.02074460745026131,4799331,1.3588
7750,325.0,333.9,0.02073423514653618,4800086,0.4897
7751,340.0,336.0,0.02072386802896291,4800715,1.5914
7752,460.0,337.3,0.02071350609494843,4801406,1.8732
7753,320.0,337.55,0.020703149341900956,4802045,0.4992
7754,245.0,337.3,0.020692797767230008,4802533,0.9766
7755,365.0,338.45,0.020682451368346393,4803127,0.6045
7756,230.0,337.3,0.02067211014266222,4803815,0.3552
7757,225.0,337.9,0.02066177408759089,4804231,0.9646
7758,290.0,336.95,0.020651443200547095,4804885,1.1565
7759,495.0,337.5,0.020641117478946824,4805673,0.9078
7760,355.0,336.7,0.02063079692020735,4806279,0.7378
7761,200.0,338.0,0.02062048152174725,4806666,0.9757
7762,410.0,339.25,0.020610171280986377,4807307,0.3807
7763,580.0,342.65,0.020599866195345883,4808213,1.8971
7764,205.0,342.1,0.020589566262248213,4808758,1.3750
7765,770.0,345.75,0.02057927147911709,4809761,0.3811
7766,305.0,344.6,0.02056898184337753,4810343,1.5407
7767,275.0,346.5,0.020558697352455843,4811078,3.2000
7768,365.0,346.05,0.020548418003779618,4811640,1.6397
7769,555.0,346.9,0.020538143794777728,4812176,0.6352
7770,225.0,346.05,0.02052787472288034,4812631,0.7011
7771,345.0,346.4,0.020517610785518902,4813240,1.0790
7772,470.0,350.65,0.020507351980126143,4814038,0.9622
7773,365.0,350.6,0.020497098304136083,4814737,0.6055
7774,530.0,354.45,0.020486849754984014,4815280,1.8264
7775,290.0,354.45,0.020476606330106523,4815812,0.6609
7776,360.0,352.85,0.020466368026941472,4816409,0.4586
7777,390.0,353.2,0.020456134842928003,4817014,0.6882
7778,295.0,352.7,0.02044590677550654,4817646,0.4933
7779,480.0,355.2,0.02043568382211879,4818418,1.7459
7780,580.0,358.2,0.02042546598020773,4819218,0.6134
7781,455.0,358.9,0.02041525324721763,4820025,1.1857
7782,405.0,359.05,0.02040504562059402,4820698,0.5602
7783,185.0,358.1,0.020394843097783725,4821357,0.3523
7784,390.0,358.2,0.020384645676234835,4822005,0.9795
7785,375.0,358.95,0.02037445335339672,4822787,1.7828
7786,365.0,358.55,0.020364266126720022,4823422,0.7366
7787,460.0,360.95,0.020354083993656662,4824071,0.4967
7788,360.0,363.05,0.020343906951659836,4824729,0.6893
7789,235.0,362.55,0.020333734998184007,4825250,1.3563
7790,495.0,365.1,0.020323568130684914,4826168,2.7175
7791,260.0,365.9,0.020313406346619572,4826755,0.7376
7792,475.0,367.15,0.020303249643446264,4827457,2.1065
7793,375.0,368.95,0.020293098018624542,4828085,0.6959
7794,380.0,368.0,0.02028295146961523,4828695,1.6704
7795,555.0,371.75,0.02027280999388042,4829256,2.2835
7796,435.0,371.55,0.020262673588883482,4829976,0.5654
7797,440.0,371.85,0.020252542252089042,4830944,0.7859
7798,350.0,369.6,0.020242415980962998,4831529,3.1080
7799,340.0,369.45,0.020232294772972517,4832320,0.5087
7800,590.0,373.1,0.02022217862558603,4832959,0.4529
7801,395.0,372.8,0.020212067536273238,4833649,0.9271
7802,425.0,375.25,0.0202019615025051,4834367,1.1258
7803,375.0,375.4,0.02019186052175385,4834976,0.5396
7804,350.0,374.7,0.020181764591492974,4835747,0.5788
7805,340.0,373.7,0.02017167370919723,4836345,0.4388
7806,545.0,374.8,0.020161587872342634,4837343,0.5891
7807,475.0,376.35,0.020151507078406464,4838110,2.2735
7808,380.0,377.9,0.020141431324867263,4838858,0.8236
7809,355.0,377.8,0.02013136060920483,4839511,1.6732
7810,275.0,376.6,0.02012129492890023,4840069,0.8406
7811,265.0,375.95,0.02011123428143578,4840640,0.6885
7812,470.0,377.7,0.020101178664295064,4841490,2.4572
7813,525.0,380.4,0.020091128074962918,4842267,0.6109
7814,555.0,384.3,0.020081082510925437,4843244,1.3456
7815,360.0,384.8,0.020071041969669978,4843983,3.3987
7816,495.0,385.2,0.020061006448685144,4844577,0.6957
7817,345.0,384.85,0.020050975945460802,4845235,0.8577
7818,795.0,391.35,0.020040950457488074,4845994,1.4395
7819,405.0,392.1,0.020030929982259332,4846663,0.8610
7820,680.0,395.45,0.020020914517268205,4847887,0.4350
7821,450.0,395.4,0.020010904060009573,4848681,0.6974
7822,380.0,396.8,0.02000089860797957,4849345,1.8078
7823,420.0,397.85,0.01999089815867558,4849943,0.7314
7824,355.0,394.15,0.019980902709596245,4850663,1.2860
7825,610.0,396.95,0.019970912258241446,4851489,0.6397
7826,275.0,394.8,0.019960926802112325,4851998,0.3477
7827,365.0,389.2,0.01995094633871127,4852635,2.9203
7828,470.0,389.0,0.019940970865541918,4853351,0.4357
7829,265.0,389.0,0.01993100038010915,4853898,0.7226
7830,490.0,390.35,0.019921034879919097,4854825,0.3619
7831,180.0,389.3,0.019911074362479138,4855339,1.1106
7832,255.0,389.4,0.0199011188252979,4855811,1.5618
7833,285.0,387.6,0.019891168265885252,4856368,0.7443
7834,610.0,390.2,0.01988122268175231,4857172,0.2692
7835,415.0,392.25,0.019871282070411438,4857828,0.2852
7836,420.0,392.7,0.019861346429376234,4858503,0.3449
7837,215.0,389.75,0.019851415756161547,4858980,0.8495
7838,640.0,392.85,0.019841490048283467,4859735,0.3556
7839,240.0,393.8,0.019831569303259328,4860199,1.8866
7840,535.0,395.8,0.0198216535186077,4860841,0.9692
7841,420.0,398.15,0.019811742691848398,4861425,0.7316
7842,420.0,398.6,0.019801836820502475,4862063,0.6874
7843,290.0,396.65,0.019791935902092224,4862599,0.6528
7844,235.0,394.65,0.01978203993414118,4863142,1.6676
7845,235.0,392.7,0.019772148914174108,4863535,2.6969
7846,270.0,390.25,0.01976226283971702,4864109,1.6280
7847,325.0,391.6,0.019752381708297163,4864773,0.6992
7848,235.0,389.75,0.019742505517443016,4865221,0.5649
7849,610.0,392.95,0.019732634264684294,4865814,0.6874
7850,420.0,393.9,0.019722767947551952,4866594,0.8733
7851,280.0,393.3,0.019712906563578176,4867211,0.5488
7852,365.0,392.35,0.019703050110296386,4867821,0.4973
7853,220.0,391.35,0.01969319858524124,4868366,0.6377
7854,385.0,392.75,0.01968335198594862,4868977,1.2678
7855,450.0,393.6,0.019673510309955646,4869722,1.5480
7856,435.0,395.65,0.01966367355480067,4870783,0.4558
7857,325.0,396.65,0.01965384171802327,4871388,1.4216
7858,445.0,398.2,0.01964401479716426,4872192,0.4137
7859,110.0,394.35,0.019634192789765678,4872853,0.5734
7860,415.0,394.95,0.019624375693370798,4873492,1.8145
7861,495.0,397.9,0.019614563505524114,4874104,0.6756
7862,390.0,397.7,0.019604756223771353,4874875,1.1968
7863,555.0,397.45,0.019594953845659468,4875843,1.5922
7864,200.0,397.4,0.019585156368736638,4876462,0.8048
7865,230.0,392.0,0.01957536379055227,4876924,0.6750
7866,365.0,392.6,0.019565576108656998,4877550,0.7889
7867,150.0,391.35,0.01955579332060267,4877846,0.6240
7868,475.0,392.45,0.01954601542394237,4878668,2.8250
7869,355.0,390.45,0.0195362424162304,4879384,2.4201
7870,355.0,391.75,0.019526474295022286,4879935,0.5764
7871,340.0,391.7,0.019516711057874777,4880580,1.4892
7872,500.0,392.0,0.019506952702345842,4881425,2.3044
7873,360.0,391.95,0.01949719922599467,4881975,0.4888
7874,380.0,390.45,0.019487450626381676,4882599,1.8236
7875,1000.0,397.55,0.019477706901068485,4883467,3.3298
7876,720.0,401.15,0.01946796804761795,4884441,0.9181
7877,310.0,400.35,0.01945823406359414,4884962,0.7032
7878,365.0,401.05,0.019448504946562344,4885511,0.6971
7879,240.0,398.65,0.019438780694089063,4886082,0.5339
7880,470.0,397.55,0.01942906130374202,4886782,1.2461
7881,350.0,396.5,0.019419346773090148,4887454,0.6118
7882,395.0,396.4,0.019409637099703603,4888170,0.6131
7883,270.0,397.25,0.01939993228115375,4888636,1.8978
7884,380.0,397.15,0.019390232315013176,4889274,0.7537
7885,245.0,395.85,0.01938053719885567,4889723,0.9395
7886,250.0,394.7,0.019370846930256244,4890296,0.6823
7887,365.0,393.75,0.019361161506791118,4891106,1.6873
7888,305.0,393.2,0.019351480926037723,4891598,0.7640
7889,325.0,394.1,0.019341805185574705,4892230,1.1461
7890,335.0,392.5,0.01933213428298192,4892824,1.7281
7891,350.0,393.4,0.01932246821584043,4893457,1.0859
7892,405.0,392.7,0.019312806981732513,4894057,0.8020
7893,180.0,390.75,0.019303150578241647,4894454,1.1438
7894,235.0,389.3,0.019293499002952526,4894983,0.7640
7895,230.0,386.05,0.01928385225345105,4895594,0.7047
7896,215.0,383.85,0.019274210327324324,4896057,0.4929
7897,380.0,383.25,0.01926457322216066,4896788,0.4784
7898,345.0,383.2,0.019254940935549584,4897430,1.4061
7899,375.0,383.55,0.01924531346508181,4898141,0.9390
7900,665.0,384.3,0.01923569080834927,4898783,1.3899
7901,320.0,383.55,0.019226072962945095,4899297,0.5050
7902,470.0,384.0,0.019216459926463623,4900097,0.7499
7903,325.0,383.5,0.019206851696500393,4900702,0.3592
7904,600.0,386.0,0.019197248270652143,4901694,0.6839
7905,575.0,388.35,0.019187649646516817,4902604,1.0982
7906,555.0,388.45,0.01917805582169356,4903197,0.6520
7907,480.0,388.5,0.019168466793782715,4903907,0.8165
7908,345.0,388.15,0.019158882560385827,4904546,1.1594
7909,270.0,387.3,0.019149303119105635,4905104,1.3932
7910,610.0,390.65,0.019139728467546083,4905806,1.5172
7911,440.0,392.4,0.01913015860331231,4906483,0.3505
7912,500.0,392.7,0.019120593524010656,4907148,0.8525
7913,435.0,391.8,0.019111033227248653,4907970,0.6779
7914,380.0,390.05,0.01910147771063503,4908710,0.3428
7915,390.0,390.35,0.01909192697177971,4909333,1.3684
7916,230.0,387.7,0.019082381008293823,4909942,0.3706
7917,640.0,390.65,0.019072839817789677,4910648,7.6039
7918,680.0,389.5,0.019063303397880784,4911539,1.5564
7919,235.0,387.8,0.019053771746181846,4912046,1.1530
7920,450.0,385.5,0.019044244860308757,4912672,1.6508
7921,330.0,384.3,0.019034722737878602,4913297,8.8214
7922,345.0,383.95,0.019025205376509664,4914065,0.6832
7923,355.0,383.3,0.01901569277382141,4914719,0.9501
7924,850.0,388.25,0.0190061849274345,4915691,0.8285
7925,335.0,385.5,0.018996681834970785,4916278,0.4699
7926,325.0,386.0,0.0189871834940533,4916928,0.6448
7927,310.0,385.45,0.018977689902306274,4917478,0.4497
7928,420.0,384.95,0.01896820105735512,4918081,0.5468
7929,480.0,387.1,0.018958716956826445,4919097,1.5545
7930,465.0,386.85,0.01894923759834803,4919715,0.4439
7931,585.0,390.9,0.018939762979548858,4920360,0.3518
7932,345.0,391.8,0.018930293098059083,4920997,0.8418
7933,210.0,391.05,0.018920827951510052,4921380,0.7451
7934,555.0,390.5,0.0189113675375343,4922233,2.3373
7935,640.0,392.75,0.018901911853765534,4922840,1.4349
7936,310.0,391.65,0.018892460897838654,4923472,1.4010
7937,345.0,392.95,0.018883014667389737,4924064,0.8786
7938,315.0,389.7,0.018873573160056042,4924649,1.4583
7939,380.0,391.1,0.018864136373476014,4925259,0.5529
7940,500.0,390.75,0.018854704305289276,4925858,0.5557
7941,345.0,390.0,0.018845276953136633,4926478,0.5633
7942,475.0,390.55,0.018835854314660064,4927264,0.3767
7943,225.0,389.9,0.018826436387502737,4927815,0.9026
7944,535.0,392.9,0.018817023169308986,4928391,0.9681
7945,435.0,394.9,0.018807614657724334,4929056,2.0514
7946,365.0,395.85,0.018798210850395472,4929696,0.7556
7947,200.0,394.6,0.018788811744970275,4930128,0.4536
7948,215.0,394.4,0.01877941733909779,4930590,0.5336
7949,525.0,393.55,0.018770027630428242,4931249,0.4924
7950,260.0,391.95,0.01876064261661303,4931817,0.8240
7951,285.0,392.0,0.018751262295304723,4932393,0.6445
7952,305.0,391.4,0.018741886664157072,4932926,0.8938
7953,455.0,393.75,0.018732515720824995,4933655,1.5156
7954,275.0,392.65,0.018723149462964585,4934531,0.6301
7955,670.0,394.85,0.018713787888233104,4935336,0.9452
7956,540.0,395.9,0.01870443099428899,4936105,1.2311
7957,420.0,396.85,0.018695078778791844,4936715,3.3989
7958,385.0,396.25,0.01868573123940245,4937344,1.2888
7959,310.0,398.25,0.01867638837378275,4938004,0.5258
7960,370.0,397.8,0.01866705017959586,4938670,0.3799
7961,545.0,398.3,0.01865771665450606,4939580,1.8808
7962,625.0,400.65,0.01864838779617881,4940310,0.7673
7963,310.0,398.2,0.01863906360228072,4940892,1.0194
7964,305.0,399.25,0.01862974407047958,4941542,0.6950
7965,725.0,404.2,0.01862042919844434,4942440,0.2526
7966,190.0,402.45,0.01861111898384512,4942879,0.4164
7967,315.0,404.1,0.018601813424353197,4943535,0.5013
7968,325.0,402.6,0.018592512517641022,4944097,0.3532
7969,185.0,400.9,0.018583216261382204,4944539,0.7214
7970,225.0,399.6,0.018573924653251514,4944923,0.9094
7971,305.0,399.25,0.01856463769092489,4945453,0.6692
7972,235.0,396.6,0.01855535537207943,4946113,0.8791
7973,365.0,396.65,0.01854607769439339,4946752,1.6547
7974,495.0,397.8,0.018536804655546194,4947707,0.7065
7975,280.0,390.6,0.018527536253218423,4948235,2.4453
7976,405.0,387.45,0.018518272485091813,4948900,1.0904
7977,500.0,389.35,0.018509013348849267,4949578,2.6948
7978,270.0,388.4,0.018499758842174842,4950152,0.3563
7979,365.0,389.65,0.018490508962753754,4950747,0.4591
7980,350.0,388.45,0.01848126370827238,4951396,0.5779
7981,655.0,391.5,0.018472023076418244,4952441,0.3318
7982,550.0,393.05,0.018462787064880037,4953094,0.9961
7983,335.0,393.7,0.0184535556713476,4953731,1.1756
7984,420.0,394.1,0.018444328893511927,4954459,0.3020
7985,400.0,395.65,0.018435106729065173,4955071,1.1408
7986,425.0,397.4,0.018425889175700642,4955774,1.1504
7987,470.0,398.45,0.018416676231112792,4956587,1.1489
7988,195.0,397.35,0.018407467892997235,4957118,2.7462
7989,290.0,397.0,0.01839826415905074,4957696,0.3923
7990,410.0,397.75,0.018389065026971213,4958332,0.5216
7991,330.0,397.55,0.018379870494457728,4958895,0.5550
7992,255.0,396.05,0.0183706805592105,4959319,0.7461
7993,460.0,398.85,0.018361495218930896,4960079,0.6558
7994,335.0,399.85,0.01835231447132143,4960644,1.2394
7995,470.0,402.25,0.018343138314085773,4961399,6.5091
7996,250.0,402.6,0.01833396674492873,4961839,0.4480
7997,500.0,403.8,0.018324799761556265,4962735,0.4246
7998,425.0,404.6,0.018315637361675487,4963500,1.0335
7999,455.0,405.4,0.01830647954299465,4964145,0.9504
8000,465.0,403.4,0.018297326303223154,4964972,2.7997
8001,525.0,405.45,0.018288177640071544,4965835,0.5509
8002,400.0,404.75,0.01827903355125151,4966527,0.5617
8003,335.0,404.85,0.018269894034475886,4967119,2.1558
8004,465.0,403.5,0.01826075908745865,4967768,0.3913
8005,375.0,401.5,0.01825162870791492,4968397,0.6237
8006,410.0,400.05,0.018242502893560962,4969022,0.3074
8007,695.0,402.2,0.01823338164211418,4969837,0.4041
8008,415.0,402.9,0.018224264951293125,4970567,2.1658
8009,350.0,403.7,0.018215152818817477,4971125,3.2455
8010,440.0,402.0,0.01820604524240807,4971966,0.8215
8011,360.0,401.2,0.018196942219786866,4972533,1.2011
8012,255.0,398.75,0.018187843748676973,4973052,0.4781
8013,265.0,397.05,0.018178749826802634,4973516,2.6301
8014,340.0,396.65,0.018169660451889235,4974145,0.4702
8015,500.0,397.75,0.018160575621663292,4974741,1.8937
8016,525.0,400.7,0.01815149533385246,4975441,2.0033
8017,395.0,398.25,0.018142419586185534,4976212,0.4441
8018,275.0,394.2,0.018133348376392442,4976823,1.4970
8019,320.0,395.05,0.018124281702204245,4977554,0.5146
8020,240.0,392.95,0.018115219561353143,4977981,1.2766
8021,590.0,395.55,0.018106161951572466,4978792,0.4409
8022,445.0,396.55,0.018097108870596682,4979733,2.1549
8023,295.0,395.95,0.018088060316161385,4980415,1.8137
8024,345.0,390.9,0.018079016286003304,4981017,0.6094
8025,265.0,390.2,0.018069976777860302,4981572,0.4361
8026,210.0,389.05,0.018060941789471374,4982055,1.3648
8027,310.0,389.05,0.01805191131857664,4982595,0.7193
8028,385.0,388.7,0.018042885362917354,4983205,1.0447
8029,520.0,389.1,0.018033863920235895,4984038,2.1065
8030,350.0,387.95,0.018024846988275778,4984639,1.0499
8031,250.0,384.6,0.01801583456478164,4985090,2.0339
8032,630.0,387.45,0.01800682664749925,4986027,1.1530
8033,630.0,391.65,0.0179978232341755,4987095,0.5471
8034,260.0,388.7,0.017988824322558414,4987628,3.2216
8035,405.0,386.35,0.017979829910397135,4988331,0.8753
8036,775.0,391.0,0.01797083999544194,4989231,0.4911
8037,320.0,390.75,0.01796185457544422,4989843,0.4112
8038,680.0,394.4,0.0179528736481565,4990596,1.2474
8039,390.0,394.5,0.01794389721133242,4991294,0.7970
8040,230.0,391.8,0.017934925262726754,4991657,0.4685
8041,690.0,395.25,0.017925957800095392,4992490,1.2320
8042,345.0,393.95,0.017916994821195346,4993095,0.2971
8043,215.0,393.85,0.01790803632378475,4993664,1.4750
8044,480.0,393.3,0.01789908230562286,4994579,0.9479
8045,680.0,395.75,0.01789013276447005,4995334,0.3405
8046,295.0,395.05,0.017881187698087816,4995855,1.9321
8047,450.0,397.55,0.017872247104238775,4996636,0.5205
8048,395.0,399.35,0.017863310980686657,4997223,1.0947
8049,415.0,398.25,0.017854379325196314,4997799,0.4147
8050,290.0,398.55,0.017845452135533717,4998400,0.9543
8051,365.0,399.35,0.01783652940946595,4999050,0.5659
8052,270.0,399.0,0.01782761114476122,4999744,0.3479
8053,440.0,398.85,0.01781869733918884,5000412,0.6295
8054,305.0,399.15,0.017809787990519247,5000856,0.4635
8055,285.0,395.3,0.017800883096523987,5001409,1.9489
8056,290.0,392.8,0.017791982654975724,5001927,1.3028
8057,415.0,392.75,0.017783086663648237,5002619,0.5957
8058,215.0,391.05,0.017774195120316413,5003077,0.5272
8059,450.0,392.45,0.017765308022756256,5003690,1.2526
8060,305.0,391.8,0.017756425368744878,5004206,0.4355
8061,445.0,390.8,0.017747547156060507,5004804,1.0145
8062,510.0,389.65,0.01773867338248248,5005502,0.8160
8063,575.0,392.3,0.01772980404579124,5006496,0.4001
8064,565.0,394.9,0.017720939143768346,5007168,3.1599
8065,280.0,390.45,0.01771207867419646,5007701,0.7412
8066,495.0,393.5,0.017703222634859364,5008568,1.3001
8067,375.0,394.1,0.017694371023541936,5009206,0.8019
8068,370.0,394.55,0.017685523838030168,5009824,2.0625
8069,400.0,396.7,0.017676681076111155,5010556,0.3331
8070,425.0,398.7,0.017667842735573102,5011314,3.0951
8071,235.0,398.0,0.017659008814205318,5011787,0.2892
8072,425.0,399.9,0.017650179309798217,5012600,0.6393
8073,185.0,398.1,0.017641354220143318,5013005,1.1572
8074,275.0,395.9,0.01763253354303325,5013763,3.8098
8075,345.0,396.55,0.017623717276261733,5014405,0.6026
8076,320.0,395.7,0.017614905417623603,5014984,1.4557
8077,415.0,394.85,0.01760609796491479,5015584,1.0267
8078,385.0,396.0,0.017597294915932336,5016243,0.8210
8079,230.0,394.65,0.01758849626847437,5016716,0.7598
8080,525.0,396.4,0.017579702020340135,5017521,0.6369
8081,320.0,393.05,0.017570912169329964,5018167,0.4055
8082,345.0,391.0,0.0175621267132453,5018824,0.5345
8083,315.0,390.8,0.01755334564988868,5019355,0.6964
8084,315.0,389.75,0.017544568977063735,5019919,0.5241
8085,255.0,388.3,0.017535796692575205,5020459,1.2746
8086,525.0,389.3,0.01752702879422892,5021140,1.2893
8087,560.0,390.2,0.017518265279831805,5021790,2.0493
8088,425.0,392.5,0.01750950614719189,5022620,0.9704
8089,465.0,394.25,0.017500751394118295,5023242,0.7688
8090,285.0,393.0,0.017492001018421237,5023794,0.5304
8091,205.0,391.75,0.017483255017912026,5024190,0.7684
8092,420.0,393.4,0.01747451339040307,5024945,1.4029
8093,305.0,391.85,0.01746577613370787,5025694,2.7284
8094,360.0,392.1,0.017457043245641016,5026325,0.4066
8095,350.0,390.9,0.017448314724018196,5026884,0.4281
8096,360.0,392.0,0.01743959056665619,5027504,0.7180
8097,530.0,392.3,0.017430870771372863,5028149,0.4253
8098,340.0,391.45,0.017422155335987177,5028755,0.8748
8099,305.0,389.95,0.017413444258319186,5029307,1.0601
8100,460.0,389.9,0.017404737536190026,5030097,0.7567
8101,275.0,387.4,0.01739603516742193,5030602,0.2425
8102,300.0,386.4,0.01738733714983822,5031207,0.4899
8103,490.0,387.95,0.017378643481263303,5031970,3.4192
8104,345.0,386.75,0.017369954159522673,5032490,0.6871
8105,375.0,386.75,0.017361269182442914,5033052,0.9643
8106,675.0,389.4,0.017352588547851693,5033758,1.3599
8107,510.0,387.55,0.01734391225357777,5034401,0.4683
8108,335.0,386.75,0.017335240297450982,5034907,0.5031
8109,350.0,386.75,0.017326572677302258,5035618,1.8170
8110,300.0,385.35,0.017317909390963608,5036208,0.3754
8111,445.0,386.2,0.017309250436268128,5036858,2.1680
8112,575.0,389.4,0.017300595811049993,5037884,0.7420
8113,385.0,390.6,0.017291945513144467,5038444,0.6026
8114,585.0,393.05,0.017283299540387896,5039051,0.7464
8115,310.0,391.15,0.017274657890617703,5039721,1.5659
8116,465.0,390.55,0.017266020561672396,5040515,0.7357
8117,180.0,388.4,0.01725738755139156,5041121,0.2907
8118,345.0,389.1,0.017248758857615867,5041764,0.3547
8119,440.0,390.3,0.01724013447818706,5042543,0.9544
8120,260.0,390.5,0.017231514410947966,5042961,2.7643
8121,315.0,387.75,0.017222898653742495,5043497,0.2385
8122,330.0,386.6,0.017214287204415625,5044182,1.0892
8123,335.0,387.0,0.017205680060813418,5044850,2.1945
8124,435.0,387.9,0.01719707722078301,5045505,0.5182
8125,290.0,388.15,0.01718847868217262,5046150,0.4576
8126,340.0,389.45,0.017179884442831535,5046794,0.8272
8127,405.0,390.4,0.01717129450061012,5047443,1.3405
8128,305.0,389.6,0.017162708853359816,5048103,0.6071
8129,330.0,387.7,0.017154127498933136,5048622,2.7003
8130,435.0,388.55,0.01714555043518367,5049230,0.5721
8131,500.0,391.05,0.01713697765996608,5049975,1.0386
8132,525.0,390.0,0.0171284091711361,5050734,1.2411
8133,330.0,387.0,0.017119844966550533,5051321,1.7755
8134,395.0,388.35,0.017111285044067257,5052048,1.2724
8135,385.0,388.15,0.017102729401545225,5052717,0.8309
8136,450.0,384.9,0.017094178036844453,5053467,2.0880
8137,235.0,384.05,0.01708563094782603,5053984,0.4896
8138,235.0,379.6,0.01707708813235212,5054506,1.9016
8139,290.0,378.6,0.017068549588285943,5055084,0.6079
8140,195.0,378.25,0.0170600153134918,5055644,0.7098
8141,325.0,374.6,0.017051485305835053,5056155,0.6609
8142,470.0,375.85,0.017042959563182136,5056750,0.7919
8143,265.0,376.35,0.017034438083400546,5057189,1.0702
8144,580.0,377.35,0.017025920864358845,5058051,1.4513
8145,415.0,374.7,0.017017407903926668,5058714,0.2538
8146,545.0,377.2,0.017008899199974704,5059313,1.3501
8147,390.0,376.6,0.01700039475037472,5059926,0.5457
8148,395.0,376.6,0.016991894552999532,5060609,0.6246
8149,435.0,376.8,0.016983398605723034,5061382,8.2722
8150,530.0,379.2,0.016974906906420173,5062182,0.6692
8151,445.0,380.0,0.016966419452966962,5062892,0.5364
8152,380.0,381.1,0.01695793624324048,5063523,2.1413
8153,495.0,381.65,0.01694945727511886,5064469,0.5676
8154,325.0,381.85,0.0169409825464813,5065133,0.9694
8155,670.0,385.7,0.01693251205520806,5066000,3.1908
8156,455.0,387.35,0.016924045799180457,5066923,0.4350
8157,335.0,386.55,0.016915583776280867,5067605,0.7413
8158,370.0,388.1,0.01690712598439273,5068218,1.5783
8159,410.0,387.7,0.016898672421400533,5068917,1.7370
8160,405.0,388.7,0.016890223085189834,5069533,0.7973
8161,495.0,389.2,0.01688177797364724,5070167,1.6329
8162,440.0,388.5,0.016873337084660416,5070771,0.6024
8163,410.0,386.85,0.016864900416118087,5071428,1.5198
8164,275.0,383.95,0.01685646796591003,5071854,1.3038
8165,410.0,385.25,0.016848039731927077,5072613,2.0336
8166,285.0,383.15,0.016839615712061114,5073089,1.6286
8167,205.0,381.45,0.016831195904205083,5073624,0.5174
8168,335.0,381.1,0.01682278030625298,5074354,2.1714
8169,255.0,379.65,0.016814368916099855,5074814,0.6647
8170,420.0,379.6,0.016805961731641807,5075457,1.5183
8171,285.0,380.1,0.016797558750775987,5076048,1.8879
8172,420.0,380.05,0.0167891599714006,5076830,0.8701
8173,185.0,380.05,0.0167807653914149,5077204,0.7571
8174,435.0,381.65,0.016772375008719195,5077884,3.5628
8175,125.0,379.45,0.016763988821214836,5078163,0.6584
8176,330.0,379.55,0.01675560682680423,5078745,2.0246
8177,160.0,377.0,0.016747229023390826,5079159,2.2966
8178,360.0,376.75,0.016738855408879132,5079899,2.2660
8179,480.0,379.25,0.016730485981174693,5080856,0.9204
8180,355.0,377.55,0.016722120738184108,5081588,1.1610
8181,205.0,376.4,0.016713759677815018,5081954,0.4045
8182,485.0,377.8,0.01670540279797611,5082524,1.1932
8183,280.0,377.45,0.016697050096577123,5083184,1.6780
8184,450.0,378.8,0.016688701571528835,5084081,4.2422
8185,410.0,380.35,0.016680357220743073,5084732,1.0233
8186,265.0,377.75,0.0166720170421327,5085257,0.3863
8187,310.0,375.25,0.016663681033611634,5085951,1.6992
8188,695.0,377.95,0.016655349193094828,5086817,1.0601
8189,530.0,378.6,0.01664702151849828,5087433,0.8472
8190,230.0,378.05,0.016638698007739032,5087882,0.7487
8191,300.0,379.0,0.016630378658735165,5088642,0.9318
8192,395.0,378.75,0.0166220634694058,5089346,0.8825
8193,520.0,380.9,0.016613752437671096,5090217,1.9653
8194,285.0,380.15,0.016605445561452263,5090769,0.7609
8195,290.0,379.55,0.016597142838671537,5091215,0.4577
8196,310.0,379.05,0.0165888442672522,5091785,0.3542
8197,605.0,379.8,0.016580549845118576,5092420,0.7440
8198,440.0,380.8,0.016572259570196018,5093084,0.6222
8199,235.0,380.1,0.016563973440410922,5093464,0.9028
8200,390.0,379.4,0.016555691453690718,5094119,0.7450
8201,290.0,379.55,0.016547413607963874,5094714,0.6262
8202,390.0,380.45,0.016539139901159895,5095367,0.8745
8203,630.0,381.85,0.016530870331209317,5096170,1.0073
8204,575.0,384.15,0.01652260489604371,5097166,0.5933
8205,400.0,384.4,0.01651434359359569,5097825,1.6410
8206,415.0,381.8,0.016506086421798894,5098514,0.3897
8207,265.0,379.35,0.016497833378587994,5099153,0.7194
8208,610.0,382.1,0.0164895844618987,5099875,0.3961
8209,475.0,383.35,0.016481339669667753,5100600,0.8700
8210,240.0,382.75,0.01647309899983292,5101103,1.6114
8211,425.0,382.55,0.016464862450333004,5101950,1.6452
8212,425.0,381.05,0.016456630019107837,5102554,3.1637
8213,435.0,381.55,0.016448401704098285,5103279,0.3726
8214,585.0,381.55,0.016440177503246237,5104120,1.2556
8215,530.0,383.75,0.016431957414494613,5104895,0.5380
8216,535.0,384.45,0.016423741435787367,5105516,1.1374
8217,190.0,384.55,0.016415529565069475,5106173,1.3798
8218,200.0,383.1,0.016407321800286943,5106600,0.2722
8219,335.0,382.05,0.0163991181393868,5107241,1.0856
8220,545.0,384.9,0.016390918580317108,5107835,0.9572
8221,700.0,388.75,0.01638272312102695,5108802,1.2894
8222,255.0,388.0,0.01637453175946644,5109323,1.4220
8223,590.0,390.55,0.016366344493586708,5109948,1.3058
8224,390.0,390.1,0.016358161321339916,5110671,0.9788
8225,335.0,390.55,0.016349982240679246,5111216,0.9636
8226,225.0,389.4,0.016341807249558908,5111628,1.1895
8227,250.0,387.85,0.01633363634593413,5112222,0.6252
8228,510.0,389.9,0.016325469527761163,5112983,1.2913
8229,525.0,391.85,0.016317306792997283,5113821,0.7801
8230,245.0,389.95,0.016309148139600785,5114303,1.4264
8231,485.0,389.8,0.016300993565530986,5115194,0.6261
8232,290.0,387.45,0.01629284306874822,5115665,2.0115
8233,450.0,388.65,0.016284696647213846,5116343,0.4927
8234,270.0,387.4,0.01627655429889024,5116810,0.4566
8235,515.0,388.7,0.016268416021740797,5117522,1.2103
8236,445.0,388.65,0.01626028181372993,5118179,0.4605
8237,215.0,388.45,0.016252151672823064,5118597,1.5778
8238,340.0,389.5,0.016244025596986653,5119259,0.9473
8239,335.0,389.95,0.016235903584188163,5119932,0.9060
8240,305.0,391.05,0.01622778563239607,5120534,1.1651
8241,365.0,391.45,0.016219671739579875,5121147,0.7878
8242,360.0,390.35,0.016211561903710085,5121703,0.3853
8243,510.0,392.8,0.016203456122758232,5122494,0.9608
8244,500.0,392.0,0.016195354394696854,5123382,1.9575
8245,205.0,389.9,0.016187256717499505,5123786,1.1991
8246,255.0,387.0,0.016179163089140757,5124278,3.3771
8247,460.0,387.7,0.01617107350759619,5125093,1.6624
8248,340.0,387.15,0.016162987970842393,5125682,1.0454
8249,635.0,389.15,0.016154906476856974,5126412,0.3522
8250,285.0,386.7,0.016146829023618546,5126916,0.6949
8251,390.0,386.15,0.01613875560910674,5127558,0.9807
8252,110.0,383.45,0.016130686231302187,5127953,1.4261
8253,340.0,381.9,0.01612262088818654,5128632,2.1377
8254,595.0,384.6,0.016114559577742448,5129475,0.6154
8255,365.0,381.55,0.016106502297953577,5130155,2.9252
8256,435.0,381.35,0.0160984490468046,5130694,3.1135
8257,155.0,379.55,0.016090399822281196,5131048,0.7627
8258,440.0,380.25,0.016082354622370055,5131918,0.2531
8259,435.0,380.5,0.01607431344505887,5132552,1.0652
8260,465.0,381.1,0.016066276288336342,5133137,2.0707
8261,580.0,381.95,0.016058243150192174,5133727,0.4454
8262,230.0,379.85,0.016050214028617078,5134480,1.0367
8263,655.0,382.3,0.01604218892160277,5135372,1.2654
8264,305.0,382.6,0.016034167827141968,5135932,1.5251
8265,255.0,381.05,0.0160261507432284,5136512,1.4662
8266,695.0,385.15,0.016018137667856785,5137400,1.0319
8267,635.0,389.45,0.016010128599022858,5138185,1.1575
8268,440.0,390.5,0.016002123534723346,5138946,1.7576
8269,230.0,390.25,0.015994122472955986,5139327,0.7312
8270,555.0,391.6,0.01598612541171951,5140256,0.9683
8271,320.0,391.95,0.01597813234901365,5140933,2.5406
8272,515.0,392.9,0.015970143282839144,5141616,1.0089
8273,410.0,395.15,0.015962158211197727,5142223,0.4108
8274,390.0,394.7,0.01595417713209213,5142822,1.2640
8275,480.0,398.25,0.015946200043526083,5143730,1.0170
8276,1150.0,406.45,0.01593822694350432,5145357,0.3731
8277,480.0,409.65,0.015930257830032567,5146106,0.4098
8278,325.0,409.3,0.01592229270111755,5146611,1.2382
8279,525.0,409.75,0.015914331554766993,5147513,1.2494
8280,240.0,408.6,0.01590637438898961,5147922,1.7116
8281,470.0,411.25,0.015898421201795115,5148611,1.0970
8282,420.0,410.6,0.015890471991194217,5149217,0.9657
8283,325.0,411.05,0.01588252675519862,5149994,0.8136
8284,345.0,410.0,0.01587458549182102,5150630,3.9771
8285,180.0,407.7,0.01586664819907511,5150977,1.3772
8286,390.0,408.95,0.015858714874975574,5151566,2.6335
8287,340.0,409.25,0.015850785517538088,5152127,1.4086
8288,315.0,405.45,0.01584286012477932,5152715,1.9029
8289,390.0,404.05,0.01583493869471693,5153357,0.4773
8290,575.0,407.5,0.01582702122536957,5154418,1.0316
8291,245.0,406.95,0.015819107714756888,5155040,1.1691
8292,610.0,409.1,0.01581119816089951,5155644,1.4336
8293,465.0,408.55,0.015803292561819064,5156194,1.1495
8294,520.0,410.9,0.015795390915538155,5157009,3.2098
8295,440.0,412.4,0.015787493220080388,5157768,0.4831
8296,265.0,411.95,0.015779599473470348,5158342,1.7348
8297,405.0,409.95,0.015771709673733612,5159039,0.5979
8298,340.0,408.95,0.015763823818896745,5159700,1.5743
8299,410.0,410.7,0.015755941906987297,5160358,0.6829
8300,285.0,409.65,0.015748063936033806,5160876,0.7555
8301,715.0,413.9,0.01574018990406579,5161755,0.6525
8302,345.0,413.45,0.015732319809113757,5162334,1.6595
8303,545.0,412.6,0.0157244536492092,5163349,0.2018
8304,315.0,410.0,0.015716591422384595,5163858,1.1132
8305,755.0,413.55,0.015708733126673403,5164812,0.3227
8306,670.0,416.1,0.015700878760110067,5165646,0.3607
8307,395.0,417.4,0.015693028320730013,5166336,1.3969
8308,460.0,415.9,0.01568518180656965,5167217,0.5264
8309,140.0,412.55,0.015677339215666365,5167583,2.9495
8310,195.0,412.1,0.01566950054605853,5167976,0.5255
8311,170.0,409.55,0.0156616657957855,5168405,0.7234
8312,300.0,408.3,0.01565383496288761,5169054,0.4593
8313,360.0,407.55,0.015646008045406164,5169664,0.6252
8314,465.0,406.35,0.01563818504138346,5170439,1.4321
8315,285.0,403.9,0.01563036594886277,5170991,2.3354
8316,435.0,402.9,0.01562255076588834,5171765,1.1891
8317,600.0,407.0,0.015614739490505396,5172874,1.4086
8318,155.0,406.55,0.015606932120760144,5173233,0.8321
8319,280.0,406.0,0.015599128654699765,5173821,0.8074
8320,360.0,404.15,0.015591329090372415,5174402,0.5863
8321,475.0,401.9,0.01558353342582723,5175196,0.6790
8322,335.0,402.7,0.015575741659114318,5175813,0.4864
8323,435.0,401.15,0.015567953788284761,5176587,1.3802
8324,130.0,398.55,0.01556016981139062,5176984,3.3587
8325,395.0,399.15,0.015552389726484926,5177910,1.1568
8326,725.0,404.15,0.015544613531621685,5178670,3.5138
8327,370.0,405.35,0.015536841224855874,5179266,0.4946
8328,265.0,402.9,0.015529072804243448,5179796,1.1184
8329,335.0,401.0,0.015521308267841327,5180503,0.6785
8330,410.0,402.65,0.015513547613707407,5181224,0.8896
8331,360.0,401.4,0.015505790839900554,5181865,0.3602
8332,330.0,401.8,0.015498037944480604,5182372,3.4318
8333,485.0,402.15,0.015490288925508364,5183166,1.6989
8334,305.0,402.5,0.015482543781045612,5183716,0.6689
8335,540.0,402.75,0.015474802509155089,5184468,1.1619
8336,440.0,402.7,0.015467065107900512,5185064,0.8015
8337,555.0,406.1,0.015459331575346562,5186044,0.4188
8338,515.0,407.85,0.015451601909558889,5186761,0.6778
8339,315.0,407.65,0.01544387610860411,5187343,0.8334
8340,510.0,409.7,0.01543615417054981,5188244,0.6916
8341,775.0,413.8,0.015428436093464535,5189149,0.6758
8342,580.0,416.0,0.015420721875417804,5189991,0.6466
8343,365.0,414.55,0.015413011514480096,5190568,3.1505
8344,435.0,413.9,0.015405305008722857,5191200,1.2191
8345,360.0,415.45,0.015397602356218495,5191753,3.1374
8346,225.0,415.15,0.015389903555040387,5192230,0.7091
8347,490.0,415.45,0.015382208603262868,5193198,0.5625
8348,310.0,415.15,0.015374517498961238,5193816,1.1416
8349,635.0,415.15,0.015366830240211758,5194859,1.9710
8350,305.0,415.35,0.015359146825091654,5195449,0.5214
8351,515.0,416.6,0.015351467251679109,5196258,0.3951
8352,230.0,417.8,0.01534379151805327,5196755,0.6124
8353,715.0,421.55,0.015336119622294244,5197602,0.3940
8354,425.0,419.85,0.015328451562483098,5198218,3.5044
8355,500.0,421.2,0.015320787336701858,5199146,3.1396
8356,490.0,421.75,0.015313126943033509,5200131,0.3579
8357,510.0,425.3,0.015305470379561993,5200748,0.6752
8358,495.0,425.85,0.015297817644372212,5201603,1.1472
8359,265.0,424.15,0.015290168735550027,5202142,1.8244
8360,245.0,421.95,0.015282523651182253,5202650,1.6393
8361,295.0,419.1,0.015274882389356663,5203108,2.5593
8362,545.0,422.25,0.015267244948161986,5203836,7.2178
8363,345.0,419.15,0.015259611325687905,5204378,0.7894
8364,260.0,418.7,0.015251981520025062,5204889,0.3368
8365,265.0,418.8,0.015244355529265051,5205507,0.5698
8366,370.0,415.55,0.01523673335150042,5206203,0.5190
8367,385.0,413.05,0.01522911498482467,5206832,1.1346
8368,150.0,410.15,0.015221500427332259,5207533,0.8323
8369,280.0,410.65,0.015213889677118593,5208032,0.4344
8370,545.0,410.55,0.015206282732280035,5208880,0.4204
8371,255.0,409.9,0.015198679590913896,5209402,0.5920
8372,350.0,408.25,0.01519108025111844,5210026,2.1196
8373,450.0,408.65,0.015183484710992881,5210873,0.4223
8374,315.0,407.9,0.015175892968637385,5211531,0.7899
8375,385.0,406.95,0.015168305022153068,5212295,2.0433
8376,585.0,401.3,0.015160720869641991,5213352,1.3262
8377,390.0,400.4,0.01515314050920717,5214040,0.8837
8378,360.0,400.75,0.015145563938952568,5214583,0.6129
8379,410.0,399.6,0.015137991156983091,5215253,0.5556
8380,430.0,401.5,0.0151304221614046,5215899,0.8535
8381,540.0,402.2,0.0151228569503239,5216760,0.7144
8382,310.0,401.1,0.015115295521848739,5217619,0.6854
8383,370.0,401.55,0.015107737874087816,5218209,1.1031
8384,565.0,403.75,0.015100184005150773,5219017,0.7043
8385,345.0,405.4,0.015092633913148199,5219766,0.6861
8386,285.0,404.35,0.015085087596191626,5220280,1.3792
8387,300.0,403.95,0.015077545052393532,5220952,1.1047
8388,515.0,405.95,0.015070006279867336,5221777,1.0975
8389,395.0,406.0,0.015062471276727404,5222491,1.2821
8390,190.0,402.15,0.015054940041089041,5222998,3.0689
8391,440.0,404.1,0.015047412571068498,5223794,0.4842
8392,315.0,401.15,0.015039888864782964,5224318,1.2608
8393,515.0,401.65,0.015032368920350573,5225232,0.5418
8394,305.0,399.5,0.015024852735890399,5225877,2.2154
8395,405.0,399.15,0.015017340309522455,5226697,1.5248
8396,215.0,398.65,0.015009831639367695,5227287,0.6381
8397,410.0,398.7,0.015002326723548013,5228032,5.5571
8398,475.0,400.05,0.01499482556018624,5228726,0.5268
8399,360.0,399.55,0.014987328147406147,5229374,0.4757
8400,415.0,400.85,0.014979834483332444,5229970,0.8044
8401,315.0,396.85,0.014972344566090779,5230578,1.7696
8402,300.0,396.4,0.014964858393807734,5231145,1.2252
8403,380.0,394.75,0.01495737596461083,5231768,0.4884
8404,335.0,394.95,0.014949897276628526,5232375,2.2111
8405,375.0,391.15,0.014942422327990212,5232930,0.9753
8406,605.0,390.5,0.014934951116826217,5233709,0.4896
8407,505.0,391.6,0.014927483641267805,5234303,0.6660
8408,240.0,389.4,0.014920019899447171,5234867,1.0964
8409,420.0,392.2,0.014912559889497448,5235500,1.4273
8410,530.0,395.55,0.014905103609552701,5236639,1.0564
8411,290.0,396.75,0.014897651057747926,5237262,1.1883
8412,255.0,396.3,0.014890202232219053,5237793,1.2905
8413,395.0,396.65,0.014882757131102944,5238583,1.5542
8414,360.0,395.6,0.014875315752537394,5239187,0.9436
8415,285.0,395.6,0.014867878094661125,5239715,1.2558
8416,465.0,395.9,0.014860444155613797,5240498,0.7184
8417,275.0,392.65,0.01485301393353599,5240967,0.6774
8418,330.0,394.4,0.014845587426569223,5241569,2.4567
8419,305.0,394.65,0.014838164632855939,5242183,1.3442
8420,370.0,394.75,0.014830745550539511,5242831,0.5592
8421,240.0,392.4,0.014823330177764242,5243313,0.8318
8422,220.0,391.25,0.01481591851267536,5243748,0.4211
8423,650.0,393.4,0.014808510553419023,5244562,1.0614
8424,265.0,394.75,0.014801106298142314,5245134,0.5755
8425,310.0,393.9,0.014793705744993243,5245773,1.0607
8426,415.0,390.8,0.014786308892120747,5246574,5.0395
8427,205.0,389.15,0.014778915737674687,5247049,0.5012
8428,305.0,389.55,0.01477152627980585,5247897,1.3540
8429,500.0,391.2,0.014764140516665948,5248776,1.8178
8430,340.0,390.5,0.014756758446407616,5249561,1.2831
8431,870.0,395.6,0.014749380067184412,5250380,0.8579
8432,290.0,395.2,0.01474200537715082,5250883,1.5618
8433,315.0,393.5,0.014734634374462246,5251542,0.6195
8434,360.0,394.05,0.014727267057275015,5252081,0.9823
8435,225.0,390.9,0.014719903423746378,5252662,0.8834
8436,235.0,388.85,0.014712543472034505,5253202,1.5789
8437,470.0,388.0,0.01470518720029849,5253877,0.8511
8438,415.0,387.0,0.01469783460669834,5254466,1.6171
8439,350.0,387.35,0.014690485689394992,5255068,1.2648
8440,380.0,386.05,0.014683140446550296,5255717,1.0135
8441,200.0,380.3,0.014675798876327022,5256313,1.5631
8442,445.0,378.95,0.01466846097688886,5256915,0.7853
8443,315.0,378.45,0.014661126746400415,5257584,1.0493
8444,470.0,378.8,0.014653796183027217,5258162,1.0407
8445,270.0,377.9,0.014646469284935704,5258701,1.6739
8446,405.0,379.7,0.014639146050293237,5259381,0.7416
8447,415.0,378.95,0.014631826477268092,5260217,1.1745
8448,350.0,379.35,0.014624510564029459,5260921,0.5849
8449,470.0,377.7,0.014617198308747446,5261764,0.8149
8450,460.0,379.25,0.014609889709593073,5262560,1.7668
8451,440.0,378.5,0.014602584764738276,5263206,2.4781
8452,200.0,378.2,0.014595283472355908,5263664,3.2802
8453,315.0,374.2,0.01458798583061973,5264251,0.9215
8454,510.0,375.05,0.014580691837704421,5265059,2.8770
8455,415.0,374.2,0.01457340149178557,5265705,0.7395
8456,510.0,374.4,0.014566114791039678,5266516,18.7624
8457,380.0,373.1,0.014558831733644159,5267102,2.8543
8458,355.0,371.7,0.014551552317777338,5267713,1.4463
8459,105.0,370.1,0.01454427654161845,5268031,0.2503
8460,555.0,373.2,0.014537004403347641,5269007,16.6993
8461,315.0,373.4,0.014529735901145967,5269505,1.3395
8462,315.0,371.1,0.014522471033195395,5270091,1.6811
8463,190.0,369.55,0.014515209797678797,5270567,0.8171
8464,755.0,374.5,0.014507952192779958,5271445,0.9316
8465,630.0,378.15,0.014500698216683568,5272047,0.8436
8466,160.0,376.05,0.014493447867575227,5272418,1.5604
8467,315.0,375.35,0.01448620114364144,5272918,1.1284
8468,235.0,376.2,0.01447895804306962,5273492,0.8924
8469,135.0,374.75,0.014471718564048086,5273988,4.1879
8470,360.0,372.9,0.014464482704766062,5274617,1.7060
8471,135.0,371.7,0.01445725046341368,5275011,5.3382
8472,335.0,371.55,0.014450021838181974,5275520,3.9762
8473,550.0,372.55,0.014442796827262884,5276206,0.4549
8474,255.0,371.95,0.014435575428849254,5276819,1.7866
8475,435.0,372.45,0.01442835764113483,5277415,1.2796
8476,300.0,369.6,0.014421143462314264,5278066,0.7656
8477,420.0,369.9,0.014413932890583108,5278715,1.6995
8478,665.0,372.95,0.014406725924137817,5279591,1.2890
8479,515.0,374.0,0.01439952256117575,5280527,1.1989
8480,255.0,372.25,0.014392322799895163,5280992,0.8920
8481,395.0,370.8,0.014385126638495217,5281728,1.0724
8482,310.0,370.8,0.01437793407517597,5282307,3.6969
8483,400.0,371.1,0.014370745108138383,5283021,1.0249
8484,345.0,368.9,0.014363559735584314,5283653,0.4924
8485,300.0,368.45,0.014356377955716522,5284255,1.2923
8486,265.0,368.25,0.014349199766738664,5284918,1.1686
8487,90.0,366.15,0.014342025166855295,5285201,1.2220
8488,230.0,363.3,0.014334854154271867,5285955,0.6642
8489,375.0,363.1,0.014327686727194732,5286549,0.8990
8490,210.0,363.3,0.014320522883831135,5286968,2.0511
8491,200.0,360.9,0.014313362622389221,5287397,0.9996
8492,545.0,363.2,0.014306205941078027,5288375,1.3679
8493,180.0,359.85,0.01429905283810749,5288919,3.5015
8494,225.0,359.05,0.014291903311688437,5289386,2.8006
8495,600.0,361.0,0.014284757360032594,5290427,0.9584
8496,230.0,361.15,0.014277614981352578,5290838,1.6266
8497,395.0,361.0,0.014270476173861903,5291473,3.7692
8498,605.0,362.3,0.014263340935774972,5292262,0.6783
8499,350.0,362.2,0.014256209265307086,5293023,1.0467
8500,380.0,361.85,0.014249081160674432,5293718,1.8349
8501,420.0,362.9,0.014241956620094096,5294371,1.0285
8502,290.0,362.8,0.014234835641784049,5294872,0.7039
8503,220.0,361.2,0.014227718223963157,5295366,1.3150
8504,325.0,361.1,0.014220604364851177,5296143,1.4197
8505,150.0,358.85,0.014213494062668752,5296645,3.9929
8506,375.0,356.55,0.014206387315637418,5297276,2.2793
8507,325.0,354.75,0.0141992841219796,5297872,0.6956
8508,250.0,354.85,0.01419218447991861,5298432,1.0076
8509,315.0,353.8,0.014185088387678652,5299170,13.1827
8510,470.0,353.2,0.014177995843484814,5299786,1.9491
8511,230.0,352.6,0.014170906845563071,5300306,1.2499
8512,205.0,352.1,0.01416382139214029,5300702,1.7433
8513,855.0,356.7,0.014156739481444221,5301669,0.5148
8514,440.0,357.5,0.0141496611117035,5302374,1.3976
8515,405.0,358.7,0.014142586281147649,5303026,2.4381
8516,430.0,358.35,0.014135514988007076,5303660,0.6588
8517,285.0,358.45,0.014128447230513073,5304200,1.9380
8518,180.0,356.95,0.014121383006897817,5304655,0.9112
8519,365.0,357.55,0.014114322315394369,5305319,0.4843
8520,250.0,356.35,0.014107265154236673,5305794,1.0127
8521,230.0,356.25,0.014100211521659555,5306275,0.6627
8522,330.0,357.35,0.014093161415898727,5306912,0.6870
8523,250.0,353.35,0.014086114835190778,5307359,0.5657
8524,555.0,356.25,0.014079071777773183,5307935,4.3554
8525,410.0,357.25,0.014072032241884297,5308604,1.6639
8526,315.0,356.25,0.014064996225763356,5309196,0.9870
8527,525.0,359.45,0.014057963727650474,5309943,1.9018
8528,380.0,360.2,0.01405093474578665,5310729,1.6107
8529,365.0,358.85,0.014043909278413758,5311506,1.7275
8530,320.0,358.65,0.014036887323774552,5312084,1.0335
8531,260.0,352.55,0.014029868880112666,5312578,1.8426
8532,435.0,354.0,0.01402285394567261,5313217,2.0618
8533,420.0,355.05,0.014015842518699775,5313884,1.3122
8534,480.0,356.25,0.014008834597440425,5314709,1.5747
8535,410.0,358.1,0.014001830180141705,5315360,1.1613
8536,310.0,358.85,0.013994829265051635,5316012,1.0391
8537,235.0,356.5,0.013987831850419111,5316785,1.1701
8538,440.0,356.75,0.013980837934493902,5317427,0.8240
8539,185.0,355.1,0.013973847515526655,5317866,1.0975
8540,395.0,355.25,0.013966860591768894,5318576,1.3376
8541,640.0,359.65,0.01395987716147301,5319228,1.9605
8542,515.0,360.35,0.013952897222892273,5320036,0.8233
8543,570.0,362.9,0.013945920774280827,5320997,0.7209
8544,615.0,364.35,0.013938947813893689,5321753,2.4242
8545,355.0,365.2,0.013931978339986743,5322331,1.5109
8546,410.0,365.25,0.013925012350816751,5323079,1.8812
8547,255.0,363.65,0.013918049844641343,5323676,1.3380
8548,510.0,365.25,0.013911090819719023,5324608,1.1694
8549,295.0,363.5,0.013904135274309164,5325182,1.1565
8550,600.0,364.9,0.01389718320667201,5325828,1.0254
8551,145.0,361.95,0.013890234615068674,5326392,2.6327
8552,315.0,363.1,0.013883289497761141,5327025,2.1872
8553,230.0,362.25,0.013876347853012262,5327504,3.1411
8554,290.0,360.05,0.013869409679085757,5328087,0.9431
8555,205.0,357.95,0.013862474974246215,5328509,2.7282
8556,415.0,357.0,0.013855543736759093,5329242,0.9561
8557,85.0,354.05,0.013848615964890714,5329509,2.2922
8558,545.0,355.95,0.013841691656908269,5330388,0.9076
8559,550.0,360.4,0.013834770811079816,5331150,0.6495
8560,140.0,356.25,0.013827853425674276,5331521,0.6078
8561,215.0,355.25,0.01382093949896144,5331997,0.5555
8562,395.0,356.05,0.013814029029211961,5332627,1.2030
8563,920.0,363.35,0.013807122014697356,5333549,0.7783
8564,235.0,358.15,0.013800218453690009,5334061,0.8432
8565,260.0,354.45,0.013793318344463165,5334561,0.5880
8566,230.0,355.15,0.013786421685290935,5335031,1.7021
8567,235.0,354.35,0.01377952847444829,5335523,0.6177
8568,180.0,353.8,0.013772638710211067,5335983,3.2285
8569,215.0,354.6,0.013765752390855963,5336392,0.9380
8570,375.0,354.75,0.013758869514660536,5337054,4.6452
8571,395.0,357.35,0.013751990079903208,5337767,1.0695
8572,260.0,356.6,0.013745114084863256,5338392,1.0732
8573,190.0,353.0,0.013738241527820825,5339038,0.6944
8574,485.0,355.3,0.013731372407056916,5340028,1.6690
8575,210.0,353.05,0.013724506720853388,5340480,1.5434
8576,230.0,352.35,0.013717644467492962,5341117,1.4150
8577,215.0,350.3,0.013710785645259215,5341592,1.1187
8578,105.0,344.7,0.013703930252436587,5341966,0.9616
8579,80.0,340.35,0.01369707828731037,5342324,0.8799
8580,170.0,339.5,0.013690229748166716,5342800,1.5141
8581,245.0,338.0,0.013683384633292633,5343410,1.2775
8582,330.0,338.2,0.013676542940975988,5343966,1.3374
8583,155.0,335.75,0.013669704669505501,5344588,1.8065
8584,545.0,337.75,0.013662869817170749,5345547,1.6233
8585,285.0,337.6,0.013656038382262163,5346115,0.5890
8586,90.0,335.85,0.013649210363071033,5346414,0.8719
8587,200.0,336.95,0.0136423857578895,5346845,1.9330
8588,55.0,335.2,0.013635564565010555,5347440,0.5985
8589,325.0,334.7,0.01362874678272805,5348046,1.5577
8590,140.0,334.0,0.013621932409336686,5348582,2.1859
8591,410.0,336.1,0.013615121443132018,5349258,0.7812
8592,285.0,333.5,0.013608313882410452,5349798,0.4936
8593,275.0,334.45,0.013601509725469248,5350430,0.6599
8594,245.0,334.65,0.013594708970606514,5350976,0.8471
8595,120.0,329.85,0.01358791161612121,5351367,0.8557
8596,335.0,330.9,0.013581117660313152,5351902,1.5539
8597,135.0,328.3,0.013574327101482996,5352237,1.8268
8598,410.0,326.35,0.013567539937932256,5353041,1.0741
8599,285.0,325.7,0.013560756167963291,5353663,0.6100
8600,255.0,324.45,0.01355397578987931,5354281,1.3155
8601,245.0,322.7,0.013547198801984371,5354946,0.7029
8602,375.0,323.55,0.013540425202583379,5355584,1.4995
8603,320.0,324.55,0.013533654989982088,5356255,0.9166
8604,320.0,324.5,0.013526888162487097,5356906,1.5844
8605,45.0,323.45,0.013520124718405855,5357198,1.8929
8606,375.0,323.45,0.013513364656046653,5357943,1.5336
8607,520.0,325.4,0.01350660797371863,5358606,1.5541
8608,420.0,327.1,0.013499854669731772,5359373,2.5058
8609,315.0,327.1,0.013493104742396907,5359983,0.7883
8610,235.0,324.75,0.013486358190025709,5360509,1.8552
8611,490.0,327.35,0.013479615010930698,5361554,1.3054
8612,310.0,328.4,0.013472875203425234,5362203,0.7494
8613,310.0,322.95,0.013466138765823522,5362754,1.6274
8614,225.0,320.8,0.01345940569644061,5363365,0.8425
8615,380.0,320.55,0.013452675993592391,5364036,1.7804
8616,425.0,320.5,0.013445949655595596,5364678,1.0882
8617,330.0,320.95,0.013439226680767798,5365300,1.2070
8618,290.0,322.05,0.013432507067427416,5366022,1.1426
8619,220.0,320.6,0.013425790813893702,5366643,0.6346
8620,140.0,319.5,0.013419077918486757,5366993,1.3100
8621,270.0,319.9,0.013412368379527514,5367552,1.2760
8622,640.0,323.0,0.013405662195337752,5368362,1.1211
8623,215.0,322.65,0.013398959364240083,5368856,1.1315
8624,255.0,319.65,0.013392259884557963,5369489,1.3238
8625,120.0,316.75,0.013385563754615686,5369845,2.2181
8626,360.0,317.2,0.013378870972738379,5370511,0.6525
8627,265.0,314.6,0.01337218153725201,5371024,1.2503
8628,315.0,313.95,0.013365495446483385,5371648,1.6749
8629,260.0,312.9,0.013358812698760145,5372106,0.5110
8630,440.0,314.1,0.013352133292410766,5372692,0.6922
8631,295.0,314.45,0.013345457225764561,5373293,1.1389
8632,445.0,314.55,0.01333878449715168,5374080,1.1003
8633,220.0,312.55,0.013332115104903106,5374646,1.3352
8634,280.0,310.55,0.013325449047350654,5375132,0.3934
8635,605.0,312.5,0.01331878632282698,5375792,8.6991
8636,260.0,312.0,0.013312126929665567,5376264,1.4068
8637,390.0,313.55,0.013305470866200736,5376915,1.6243
8638,320.0,312.35,0.013298818130767637,5377593,6.5659
8639,125.0,311.75,0.013292168721702254,5378069,2.1479
8640,460.0,312.4,0.013285522637341403,5378703,4.2866
8641,365.0,309.65,0.013278879876022732,5379332,2.5301
8642,365.0,308.15,0.013272240436084722,5380062,1.1283
8643,450.0,306.95,0.01326560431586668,5380866,0.9112
8644,385.0,304.65,0.013258971513708747,5381486,1.0835
8645,225.0,303.35,0.013252342027951893,5381989,3.8639
8646,330.0,302.55,0.013245715856937918,5382699,2.1014
8647,310.0,303.1,0.01323909299900945,5383260,1.2803
8648,120.0,299.2,0.013232473452509946,5383612,2.0750
8649,410.0,300.35,0.013225857215783692,5384192,1.3068
8650,305.0,297.4,0.0132192442871758,5384666,1.1691
8651,435.0,300.3,0.013212634665032212,5385313,1.3415
8652,130.0,298.45,0.013206028347699697,5385661,2.0450
8653,245.0,298.6,0.013199425333525848,5386131,2.7652
8654,115.0,296.85,0.013192825620859086,5386609,1.6873
8655,240.0,297.2,0.013186229208048657,5387151,1.1259
8656,575.0,298.8,0.013179636093444634,5387793,1.4319
8657,385.0,301.8,0.013173046275397912,5388398,0.8019
8658,395.0,300.3,0.013166459752260214,5389050,1.3039
8659,155.0,296.35,0.013159876522384085,5389618,1.3066
8660,545.0,300.4,0.013153296584122894,5390494,2.3208
8661,350.0,301.75,0.013146719935830834,5391178,1.7271
8662,545.0,303.25,0.01314014657586292,5392117,4.4433
8663,670.0,300.75,0.01313357650257499,5392753,2.6097
8664,190.0,300.3,0.013127009714323703,5393203,1.4155
8665,480.0,302.5,0.013120446209466542,5393947,4.0143
8666,410.0,304.3,0.01311388598636181,5394598,2.1909
8667,225.0,304.2,0.01310732904336863,5395005,0.8918
8668,525.0,307.65,0.013100775378846947,5395840,1.3593
8669,310.0,308.6,0.013094224991157524,5396481,2.0127
8670,315.0,308.0,0.013087677878661946,5397111,1.8250
8671,190.0,305.95,0.013081134039722615,5397527,1.5099
8672,165.0,305.0,0.013074593472702754,5397945,3.5309
8673,385.0,306.95,0.013068056175966404,5398633,1.1789
8674,660.0,308.7,0.013061522147878422,5399843,0.8038
8675,340.0,310.0,0.013054991386804484,5400481,1.2112
8676,350.0,311.2,0.013048463891111082,5401112,0.9453
8677,550.0,314.55,0.013041939659165527,5402162,0.8562
8678,415.0,317.65,0.013035418689335944,5402816,0.8176
8679,285.0,319.7,0.013028900979991277,5403486,1.0592
8680,440.0,322.4,0.013022386529501282,5404266,2.0438
8681,550.0,325.45,0.013015875336236531,5405168,1.3899
8682,305.0,325.2,0.013009367398568413,5405811,2.1035
8683,355.0,327.2,0.01300286271486913,5406518,0.9902
8684,420.0,325.95,0.012996361283511696,5407266,1.0892
8685,415.0,327.25,0.01298986310286994,5408146,1.8211
8686,540.0,331.75,0.012983368171318507,5408811,1.3997
8687,170.0,331.45,0.012976876487232848,5409168,0.2959
8688,310.0,334.0,0.012970388048989232,5409573,1.2165
8689,250.0,333.25,0.012963902854964739,5410292,2.2152
8690,285.0,334.7,0.012957420903537258,5410771,1.8616
8691,390.0,334.5,0.01295094219308549,5411424,1.0288
8692,275.0,334.4,0.012944466721988948,5412016,1.0170
8693,345.0,335.1,0.012937994488627954,5412690,4.3275
8694,310.0,335.75,0.01293152549138364,5413235,2.2945
8695,470.0,339.25,0.012925059728637948,5414066,1.8477
8696,230.0,338.2,0.01291859719877363,5414619,0.7386
8697,440.0,341.25,0.012912137900174243,5415563,0.6561
8698,545.0,342.6,0.012905681831224156,5416435,6.4448
8699,165.0,341.4,0.012899228990308544,5416879,4.1970
8700,305.0,341.9,0.012892779375813391,5417401,1.4914
8701,440.0,343.85,0.012886332986125485,5418032,1.0824
8702,280.0,342.9,0.012879889819632423,5418668,0.9965
8703,355.0,343.25,0.012873449874722607,5419307,2.5874
8704,240.0,342.45,0.012867013149785247,5419850,0.7979
8705,340.0,345.4,0.012860579643210355,5420450,1.8687
8706,325.0,344.9,0.012854149353388751,5421108,0.8878
8707,485.0,344.55,0.012847722278712058,5422007,0.8086
8708,200.0,342.35,0.012841298417572703,5422481,2.0764
8709,265.0,341.85,0.012834877768363917,5422951,1.5266
8710,350.0,343.0,0.012828460329479737,5423583,1.5622
8711,265.0,340.75,0.012822046099314997,5424099,1.7369
8712,340.0,341.05,0.01281563507626534,5424767,1.1876
8713,230.0,340.25,0.012809227258727207,5425268,0.8860
8714,195.0,339.95,0.012802822645097845,5425759,1.1188
8715,555.0,341.7,0.012796421233775297,5426309,2.3442
8716,375.0,341.2,0.01279002302315841,5426903,1.1057
8717,360.0,341.5,0.012783628011646831,5427566,3.2573
8718,430.0,342.9,0.012777236197641009,5428264,1.5771
8719,525.0,345.95,0.012770847579542189,5429185,1.3741
8720,515.0,349.7,0.012764462155752419,5429966,1.6227
8721,175.0,348.75,0.012758079924674544,5430387,1.1377
8722,445.0,346.8,0.012751700884712208,5431039,0.9835
8723,490.0,349.55,0.012745325034269853,5431632,2.3083
8724,270.0,349.7,0.012738952371752718,5432186,1.6244
8725,235.0,350.85,0.012732582895566842,5432601,0.8257
8726,365.0,350.9,0.012726216604119059,5433212,0.7036
8727,365.0,351.9,0.012719853495817,5433852,0.6930
8728,695.0,355.7,0.012713493569069092,5434695,2.7052
8729,300.0,356.1,0.012707136822284557,5435317,3.3577
8730,380.0,355.5,0.012700783253873416,5436073,0.5597
8731,145.0,354.0,0.01269443286224648,5436510,1.6213
8732,325.0,352.8,0.012688085645815356,5437113,0.7598
8733,125.0,351.85,0.01268174160299245,5437384,1.6958
8734,260.0,351.65,0.012675400732190954,5437930,1.3086
8735,345.0,349.05,0.012669063031824858,5438582,0.5784
8736,345.0,349.9,0.012662728500308947,5439224,0.8239
8737,335.0,349.35,0.012656397136058792,5439858,2.8381
8738,545.0,351.6,0.012650068937490764,5440712,1.2318
8739,245.0,352.8,0.012643743903022019,5441317,4.5565
8740,385.0,352.05,0.012637422031070508,5441883,0.8885
8741,390.0,352.3,0.012631103320054973,5442413,1.5956
8742,395.0,352.6,0.012624787768394947,5443142,1.2015
8743,550.0,353.6,0.01261847537451075,5444173,1.0098
8744,360.0,353.35,0.012612166136823495,5444845,0.9495
8745,440.0,355.5,0.012605860053755084,5445509,1.0894
8746,440.0,356.6,0.012599557123728207,5446161,0.4488
8747,345.0,356.95,0.012593257345166343,5446761,2.6033
8748,270.0,358.45,0.012586960716493761,5447316,4.5664
8749,530.0,359.65,0.012580667236135516,5447913,1.0355
8750,315.0,359.75,0.01257437690251745,5448466,0.9588
8751,195.0,357.35,0.012568089714066191,5449172,2.1266
8752,500.0,361.05,0.012561805669209159,5450237,1.4746
8753,225.0,360.85,0.012555524766374556,5450614,1.8990
8754,320.0,362.9,0.01254924700399137,5451208,1.0498
8755,640.0,366.9,0.012542972380489374,5452160,1.4264
8756,430.0,365.45,0.012536700894299129,5453006,0.8395
8757,230.0,363.9,0.01253043254385198,5453475,0.8246
8758,395.0,363.9,0.012524167327580054,5454136,1.2237
8759,490.0,367.25,0.012517905243916265,5454951,0.5558
8760,205.0,363.85,0.012511646291294308,5455464,1.6854
8761,205.0,362.4,0.01250539046814866,5455978,2.0321
8762,405.0,361.0,0.012499137772914587,5456734,1.5847
8763,470.0,359.0,0.01249288820402813,5457570,1.0870
8764,305.0,360.15,0.012486641759926117,5458136,2.2005
8765,390.0,359.25,0.012480398439046154,5458791,1.0645
8766,285.0,358.0,0.012474158239826632,5459268,1.0218
8767,600.0,361.75,0.012467921160706719,5460217,0.3708
8768,230.0,358.8,0.012461687200126366,5460653,1.3666
8769,450.0,360.2,0.012455456356526303,5461315,2.8023
8770,395.0,361.0,0.012449228628348042,5461978,0.8876
8771,215.0,361.25,0.012443004014033868,5462520,1.0244
8772,370.0,363.3,0.012436782512026852,5463176,1.2521
8773,500.0,364.45,0.01243056412077084,5464054,0.4454
8774,310.0,360.95,0.012424348838710455,5464683,2.2774
8775,535.0,362.9,0.012418136664291101,5465445,1.5111
8776,185.0,361.25,0.012411927595958955,5466013,1.8932
8777,565.0,361.4,0.012405721632160976,5466616,0.6313
8778,230.0,359.55,0.012399518771344896,5467106,1.9793
8779,700.0,363.7,0.012393319011959223,5467968,1.8541
8780,355.0,362.85,0.012387122352453244,5468705,1.0146
8781,360.0,360.95,0.012380928791277019,5469322,0.5489
8782,775.0,365.65,0.012374738326881381,5470346,0.7728
8783,465.0,366.75,0.01236855095771794,5470998,2.1816
8784,230.0,364.85,0.012362366682239083,5471569,1.8831
8785,305.0,363.75,0.012356185498897963,5472221,1.6493
8786,315.0,361.5,0.012350007406148516,5472947,0.6403
8787,315.0,362.95,0.012343832402445442,5473586,1.0727
8788,300.0,362.85,0.01233766048624422,5474251,0.7825
8789,340.0,363.75,0.012331491656001099,5474934,0.7687
8790,365.0,364.55,0.012325325910173098,5475528,2.0164
8791,355.0,364.2,0.012319163247218013,5476146,3.4192
8792,300.0,364.45,0.012313003665594404,5476810,0.4382
8793,360.0,364.6,0.012306847163761608,5477493,1.0281
8794,515.0,366.65,0.012300693740179728,5478228,1.1937
8795,625.0,368.2,0.012294543393309638,5478974,5.5702
8796,575.0,371.65,0.012288396121612984,5479701,1.6049
8797,285.0,370.1,0.012282251923552178,5480263,2.0439
8798,665.0,371.3,0.012276110797590403,5480968,1.7562
8799,295.0,372.6,0.012269972742191609,5481527,4.8045
8800,310.0,372.65,0.012263837755820513,5482135,0.7500
8801,185.0,370.1,0.012257705836942604,5482571,1.4849
8802,335.0,370.65,0.012251576984024133,5483183,0.8614
8803,455.0,371.65,0.012245451195532121,5483868,1.8714
8804,490.0,374.15,0.012239328469934356,5484594,1.1596
8805,505.0,375.8,0.01223320880569939,5485252,0.8248
8806,830.0,380.85,0.01222709220129654,5486535,1.6398
8807,160.0,377.6,0.012220978655195893,5486900,0.5979
8808,235.0,377.95,0.012214868165868295,5487332,1.0180
8809,595.0,381.25,0.012208760731785362,5488181,1.0364
8810,230.0,380.05,0.012202656351419471,5488719,2.4159
8811,270.0,380.1,0.012196555023243762,5489254,1.1216
8812,345.0,380.15,0.012190456745732142,5489880,0.5165
8813,350.0,381.35,0.012184361517359276,5490604,1.4069
8814,460.0,384.0,0.012178269336600597,5491255,1.3684
8815,355.0,382.0,0.012172180201932297,5491900,1.4788
8816,320.0,381.45,0.012166094111831331,5492626,1.4082
8817,295.0,380.8,0.012160011064775416,5493111,0.4908
8818,190.0,378.4,0.012153931059243029,5493626,1.6315
8819,565.0,378.8,0.012147854093713408,5494432,1.7383
8820,230.0,375.95,0.012141780166666552,5495113,1.5613
8821,310.0,377.3,0.01213570927658322,5495612,1.0760
8822,390.0,376.75,0.012129641421944929,5496214,0.5714
8823,290.0,374.75,0.012123576601233957,5496752,1.7652
8824,340.0,375.45,0.012117514812933342,5497425,0.4041
8825,540.0,378.5,0.012111456055526876,5498314,0.7306
8826,870.0,383.55,0.012105400327499113,5499231,1.4094
8827,350.0,383.4,0.012099347627335364,5499889,1.0695
8828,550.0,381.95,0.012093297953521697,5500493,6.2838
8829,475.0,383.7,0.012087251304544936,5501256,0.6678
8830,405.0,383.95,0.012081207678892664,5502016,0.7243
8831,345.0,385.95,0.012075167075053218,5502700,1.4964
8832,200.0,384.7,0.012069129491515692,5503203,0.8779
8833,390.0,387.35,0.012063094926769935,5503990,3.2730
8834,270.0,387.45,0.012057063379306551,5504825,1.4756
8835,405.0,388.05,0.012051034847616899,5505406,0.4826
8836,260.0,387.2,0.01204500933019309,5505847,0.9167
8837,150.0,385.35,0.012038986825527995,5506280,1.2775
8838,355.0,383.45,0.012032967332115231,5506937,1.1912
8839,235.0,383.35,0.012026950848449175,5507440,1.6025
8840,375.0,383.25,0.012020937373024952,5508030,0.8106
8841,300.0,382.35,0.01201492690433844,5508675,3.7922
8842,270.0,381.1,0.012008919440886272,5509264,1.8580
8843,465.0,380.25,0.012002914981165829,5509843,1.3965
8844,345.0,380.1,0.011996913523675247,5510505,1.9348
8845,210.0,377.8,0.01199091506691341,5511000,1.6913
8846,305.0,376.45,0.011984919609379955,5511558,2.3521
8847,185.0,374.85,0.011978927149575266,5512069,4.0728
8848,230.0,374.45,0.011972937686000478,5512473,0.5310
8849,430.0,373.45,0.011966951217157478,5513117,0.7053
8850,285.0,373.15,0.0119609677415489,5513729,1.1239
8851,335.0,374.55,0.011954987257678126,5514296,1.2307
8852,300.0,372.55,0.011949009764049287,5514784,1.2744
8853,285.0,373.15,0.011943035259167263,5515336,1.2784
8854,225.0,372.2,0.01193706374153768,5515706,0.9020
8855,320.0,369.0,0.011931095209666912,5516554,1.4034
8856,215.0,366.85,0.011925129662062078,5517060,2.0090
8857,385.0,368.4,0.011919167097231047,5517699,1.6966
8858,255.0,367.0,0.011913207513682432,5518269,2.6431
8859,590.0,368.0,0.011907250909925591,5518916,3.8286
8860,330.0,369.25,0.01190129728447063,5519650,0.6691
8861,340.0,370.6,0.011895346635828394,5520340,1.1309
8862,540.0,371.95,0.011889398962510482,5521126,1.1522
8863,295.0,370.2,0.011883454263029227,5521656,0.9968
8864,280.0,369.95,0.011877512535897713,5522324,0.5483
8865,285.0,368.9,0.011871573779629765,5522951,3.1248
8866,355.0,369.6,0.011865637992739951,5523593,1.6772
8867,475.0,368.35,0.011859705173743582,5524500,1.3835
8868,770.0,373.75,0.011853775321156711,5525316,1.0953
8869,525.0,374.5,0.011847848433496132,5526113,0.7282
8870,320.0,373.75,0.011841924509279384,5526624,0.5452
8871,365.0,375.25,0.011836003547024746,5527261,2.0411
8872,360.0,375.15,0.011830085545251234,5527880,0.4843
8873,355.0,373.7,0.01182417050247861,5528452,1.8710
8874,545.0,376.05,0.01181825841722737,5529195,0.8750
8875,205.0,372.75,0.011812349288018758,5529581,1.1850
8876,300.0,373.9,0.011806443113374749,5530246,1.6693
8877,530.0,373.55,0.011800539891818063,5531131,1.7969
8878,590.0,377.15,0.011794639621872154,5531841,3.5179
8879,500.0,375.15,0.011788742302061218,5532608,0.8378
8880,430.0,375.9,0.011782847930910188,5533489,1.6393
8881,610.0,378.4,0.011776956506944734,5534153,1.8421
8882,320.0,373.85,0.011771068028691262,5534812,0.7286
8883,225.0,371.45,0.011765182494676917,5535359,0.3329
8884,435.0,373.5,0.011759299903429579,5535939,2.3447
8885,385.0,374.3,0.011753420253477864,5536575,2.6473
8886,330.0,374.45,0.011747543543351125,5537142,0.6052
8887,245.0,373.75,0.011741669771579451,5537548,1.9685
8888,325.0,374.0,0.011735798936693662,5538090,2.2468
8889,680.0,377.4,0.011729931037225316,5538974,0.3782
8890,305.0,376.8,0.011724066071706703,5539549,0.6054
8891,310.0,376.35,0.01171820403867085,5540158,1.7468
8892,400.0,377.35,0.011712344936651516,5540776,0.7145
8893,495.0,378.7,0.011706488764183192,5541768,2.1863
8894,395.0,377.5,0.0117006355198011,5542346,0.6000
8895,375.0,375.0,0.0116947852020412,5542947,4.0900
8896,200.0,371.25,0.011688937809440181,5543329,0.4902
8897,285.0,371.25,0.011683093340535461,5543854,1.5665
8898,505.0,369.65,0.011677251793865194,5544506,1.1395
8899,640.0,373.1,0.011671413167968261,5545327,0.5846
8900,290.0,372.9,0.011665577461384278,5545890,0.9673
8901,365.0,374.7,0.011659744672653587,5546493,1.1467
8902,185.0,373.2,0.011653914800317262,5546929,0.8140
8903,470.0,373.35,0.011648087842917104,5547644,0.7931
8904,205.0,370.5,0.011642263798995646,5548166,1.5849
8905,650.0,371.95,0.011636442667096148,5548805,1.5243
8906,525.0,368.9,0.0116306244457626,5549895,0.5434
8907,150.0,368.8,0.011624809133539719,5550241,0.7182
8908,335.0,369.8,0.01161899672897295,5550985,0.6899
8909,200.0,365.85,0.011613187230608463,5551425,0.8178
8910,375.0,367.3,0.01160738063699316,5552043,0.8011
8911,305.0,367.65,0.011601576946674665,5552585,1.8605
8912,660.0,370.8,0.011595776158201327,5553533,3.1249
8913,525.0,372.55,0.011589978270122227,5554261,1.0133
8914,445.0,372.4,0.011584183280987167,5554893,0.9031
8915,255.0,371.4,0.011578391189346674,5555430,0.8920
8916,435.0,372.55,0.011572601993752001,5556276,1.1665
8917,225.0,371.85,0.011566815692755125,5556782,1.3799
8918,310.0,373.05,0.011561032284908748,5557350,0.8249
8919,445.0,371.85,0.011555251768766294,5558136,0.5507
8920,380.0,373.35,0.011549474142881912,5558775,0.6822
8921,365.0,373.9,0.011543699405810471,5559385,0.8640
8922,255.0,372.55,0.011537927556107566,5559832,0.6069
8923,305.0,372.7,0.011532158592329513,5560578,2.8600
8924,115.0,370.45,0.011526392513033348,5560975,7.4270
8925,555.0,370.6,0.011520629316776831,5561817,2.8229
8926,390.0,365.8,0.011514869002118443,5562457,0.7007
8927,385.0,366.15,0.011509111567617384,5563095,3.6105
8928,630.0,366.95,0.011503357011833576,5563938,0.9314
8929,500.0,367.2,0.01149760533332766,5564589,6.9084
8930,470.0,367.85,0.011491856530660996,5565544,0.3765
8931,315.0,367.55,0.011486110602395665,5566191,0.7391
8932,465.0,370.2,0.011480367547094469,5566828,0.6508
8933,570.0,372.0,0.011474627363320921,5567408,0.8324
8934,555.0,374.85,0.011468890049639262,5568376,0.7915
8935,285.0,373.65,0.011463155604614443,5568975,4.3655
8936,415.0,375.2,0.011457424026812137,5569654,0.7042
8937,150.0,375.2,0.011451695314798732,5569949,0.9162
8938,235.0,374.0,0.011445969467141333,5570382,2.2042
8939,390.0,375.55,0.011440246482407762,5571048,1.0791
8940,185.0,373.65,0.01143452635916656,5571438,3.4942
8941,285.0,373.5,0.011428809095986977,5571999,0.4956
8942,385.0,374.65,0.011423094691438984,5572629,1.5963
8943,305.0,373.05,0.011417383144093265,5573176,3.3131
8944,185.0,371.45,0.011411674452521219,5573690,0.5517
8945,305.0,372.4,0.011405968615294958,5574206,0.8554
8946,455.0,373.9,0.01140026563098731,5574889,3.2504
8947,270.0,374.75,0.011394565498171817,5575428,1.3356
8948,355.0,376.0,0.011388868215422732,5576073,1.4616
8949,435.0,376.05,0.011383173781315021,5576816,1.4457
8950,280.0,376.0,0.011377482194424365,5577371,0.6877
8951,455.0,377.2,0.011371793453327153,5578049,0.7831
8952,285.0,377.05,0.01136610755660049,5578618,0.5945
8953,525.0,379.45,0.011360424502822191,5579338,1.9632
8954,240.0,379.6,0.011354744290570781,5579742,1.1114
8955,290.0,379.3,0.011349066918425497,5580302,0.6666
8956,410.0,381.25,0.011343392384966285,5580946,2.2187
8957,360.0,381.0,0.011337720688773803,5581591,0.4414
8958,365.0,382.1,0.011332051828429416,5582226,0.7199
8959,435.0,380.55,0.011326385802515201,5582808,0.4675
8960,405.0,381.3,0.011320722609613944,5583458,0.5473
8961,525.0,383.15,0.011315062248309138,5584260,0.8251
8962,165.0,379.4,0.011309404717184984,5584776,0.8134
8963,405.0,380.5,0.011303750014826391,5585315,0.9818
8964,375.0,381.45,0.011298098139818979,5586129,0.4236
8965,125.0,379.85,0.01129244909074907,5586410,0.8623
8966,230.0,378.6,0.011286802866203696,5586914,0.4978
8967,385.0,377.7,0.011281159464770594,5587554,0.8778
8968,580.0,375.8,0.01127551888503821,5588207,1.5925
8969,345.0,374.0,0.01126988112559569,5588830,7.2557
8970,250.0,373.3,0.011264246185032894,5589356,0.4155
8971,235.0,372.0,0.011258614061940378,5589799,0.6327
8972,475.0,373.15,0.011252984754909408,5590687,0.4674
8973,325.0,372.85,0.011247358262531953,5591259,1.1085
8974,310.0,370.5,0.011241734583400689,5591940,1.2081
8975,335.0,371.8,0.011236113716108989,5592585,1.1053
8976,290.0,371.7,0.011230495659250935,5593137,0.7684
8977,485.0,371.25,0.01122488041142131,5593914,1.0343
8978,340.0,368.75,0.011219267971215599,5594482,1.3533
8979,325.0,367.0,0.011213658337229992,5595128,0.9291
8980,395.0,366.65,0.011208051508061378,5595884,2.8931
8981,185.0,362.4,0.011202447482307348,5596413,0.9207
8982,305.0,362.25,0.011196846258566194,5596991,3.0144
8983,365.0,363.65,0.011191247835436912,5597567,1.2363
8984,290.0,362.2,0.011185652211519194,5598121,1.4975
8985,325.0,361.6,0.011180059385413435,5598691,1.0002
8986,290.0,361.2,0.011174469355720728,5599128,2.0518
8987,390.0,362.65,0.011168882121042868,5599701,1.1669
8988,410.0,363.5,0.011163297679982347,5600420,0.7619
8989,455.0,361.25,0.011157716031142358,5601134,1.9333
8990,135.0,359.55,0.011152137173126787,5601436,0.4298
8991,240.0,358.85,0.011146561104540225,5601877,0.9367
8992,185.0,356.7,0.011140987823987956,5602449,0.6772
8993,115.0,352.9,0.011135417330075963,5602955,0.5547
8994,190.0,350.85,0.011129849621410925,5603343,0.1986
8995,570.0,352.8,0.01112428469660022,5604323,1.3348
8996,355.0,354.35,0.011118722554251921,5604996,0.9621
8997,440.0,355.9,0.011113163192974796,5605737,1.3108
8998,330.0,354.15,0.01110760661137831,5606332,3.6269
8999,165.0,349.4,0.011102052808072622,5606840,1.0317
9000,510.0,351.6,0.011096501781668586,5607586,0.4918
9001,410.0,352.05,0.011090953530777752,5608237,1.2999
9002,215.0,352.35,0.011085408054012364,5608670,2.5855
9003,250.0,350.15,0.011079865349985358,5609067,0.9007
9004,235.0,350.45,0.011074325417310366,5609475,1.9903
9005,295.0,346.9,0.011068788254601713,5610076,1.0351
9006,375.0,345.4,0.011063253860474413,5610735,0.5333
9007,425.0,348.15,0.011057722233544176,5611378,0.8796
9008,445.0,349.25,0.011052193372427405,5612278,0.9649
9009,435.0,351.6,0.011046667275741192,5612914,1.7542
9010,350.0,351.35,0.011041143942103322,5613573,1.1357
9011,440.0,352.7,0.011035623370132272,5614181,0.4089
9012,575.0,351.85,0.011030105558447207,5614849,0.7091
9013,305.0,349.65,0.011024590505667984,5615394,1.0123
9014,310.0,348.3,0.01101907821041515,5616086,0.6587
9015,365.0,349.4,0.011013568671309943,5616643,1.2233
9016,105.0,346.1,0.011008061886974289,5617004,1.4810
9017,345.0,347.3,0.011002557856030801,5617683,0.9246
9018,415.0,348.35,0.010997056577102787,5618427,0.8434
9019,560.0,349.5,0.010991558048814236,5619032,0.6908
9020,280.0,348.5,0.010986062269789829,5619670,0.6862
9021,320.0,348.05,0.010980569238654935,5620182,0.9508
9022,390.0,349.4,0.010975078954035608,5620755,1.0630
9023,600.0,352.35,0.010969591414558591,5621653,1.8262
9024,315.0,354.35,0.010964106618851313,5622204,0.3467
9025,260.0,351.4,0.010958624565541888,5622749,0.5860
9026,420.0,351.7,0.010953145253259118,5623332,0.5935
9027,365.0,351.5,0.010947668680632489,5623855,1.4532
9028,335.0,348.55,0.010942194846292172,5624434,0.7702
9029,525.0,348.8,0.010936723748869026,5625272,3.2812
9030,270.0,346.8,0.010931255386994592,5625966,1.4314
9031,110.0,344.75,0.010925789759301094,5626487,1.2884
9032,640.0,346.5,0.010920326864421443,5627323,1.5581
9033,390.0,344.7,0.010914866700989234,5627950,0.5606
9034,300.0,342.15,0.01090940926763874,5628497,0.5785
9035,490.0,344.2,0.010903954563004921,5629346,0.8384
9036,690.0,346.95,0.010898502585723419,5630148,0.7903
9037,525.0,350.7,0.010893053334430558,5630921,1.1772
9038,385.0,352.2,0.010887606807763343,5631471,1.2055
9039,575.0,354.05,0.010882163004359463,5632114,0.7680
9040,200.0,354.2,0.010876721922857284,5632547,2.1364
9041,575.0,357.1,0.010871283561895857,5633410,0.8844
9042,455.0,357.8,0.01086584792011491,5634170,0.7088
9043,545.0,360.2,0.010860414996154852,5635214,0.4355
9044,450.0,362.85,0.010854984788656775,5635871,1.0053
9045,380.0,363.6,0.010849557296262448,5636468,0.8847
9046,425.0,363.3,0.010844132517614317,5637162,1.0346
9047,270.0,363.3,0.01083871045135551,5637685,1.4248
9048,340.0,363.15,0.010833291096129833,5638277,1.4948
9049,495.0,363.75,0.01082787445058177,5639068,2.9980
9050,400.0,364.95,0.01082246051335648,5639697,0.6255
9051,390.0,364.3,0.010817049283099803,5640284,1.0504
9052,265.0,364.1,0.010811640758458254,5640750,0.4766
9053,375.0,362.6,0.010806234938079026,5641400,0.6213
9054,210.0,362.3,0.010800831820609987,5641998,0.6933
9055,425.0,363.65,0.010795431404699683,5642617,0.8777
9056,365.0,363.2,0.010790033688997334,5643152,1.1615
9057,260.0,362.2,0.010784638672152836,5643595,0.4520
9058,410.0,362.65,0.01077924635281676,5644348,1.1904
9059,715.0,365.45,0.010773856729640352,5645218,0.6489
9060,295.0,364.35,0.010768469801275531,5645851,1.7336
9061,630.0,365.4,0.010763085566374894,5646625,0.7869
9062,310.0,366.85,0.010757704023591707,5647242,0.4016
9063,495.0,367.75,0.010752325171579912,5647844,1.7023
9064,645.0,370.45,0.010746949008994122,5648607,1.2038
9065,380.0,373.0,0.010741575534489626,5649265,0.7581
9066,255.0,373.25,0.010736204746722381,5649784,1.3667
9067,360.0,373.0,0.01073083664434902,5650357,0.5239
9068,575.0,372.95,0.010725471226026847,5651181,1.0041
9069,400.0,373.5,0.010720108490413834,5652018,0.6688
9070,340.0,374.4,0.010714748436168627,5652657,1.7601
9071,55.0,372.6,0.010709391061950542,5652941,1.2888
9072,450.0,372.35,0.010704036366419568,5653815,1.7955
9073,320.0,372.3,0.01069868434823636,5654437,0.6817
9074,470.0,373.9,0.010693335006062243,5655334,1.0003
9075,670.0,377.25,0.010687988338559213,5656176,1.7790
9076,245.0,376.8,0.010682644344389933,5656769,1.8072
9077,285.0,374.8,0.010677303022217739,5657315,1.4927
9078,415.0,375.55,0.010671964370706631,5658129,1.2772
9079,335.0,375.65,0.010666628388521279,5658680,1.1194
9080,265.0,374.35,0.010661295074327018,5659165,1.4150
9081,475.0,377.25,0.010655964426789856,5659935,0.6714
9082,470.0,378.9,0.01065063644457646,5660836,0.9819
9083,305.0,378.3,0.010645311126354173,5661413,0.7294
9084,440.0,379.8,0.010639988470790996,5662176,0.7909
9085,460.0,381.15,0.0106346684765556,5663119,0.6411
9086,340.0,381.65,0.010629351142317323,5663622,1.5723
9087,415.0,381.9,0.010624036466746166,5664243,1.2530
9088,705.0,384.85,0.010618724448512794,5665041,0.4666
9089,545.0,385.75,0.010613415086288538,5665658,0.7098
9090,410.0,388.5,0.010608108378745394,5666336,1.7134
9091,350.0,389.6,0.010602804324556021,5666958,1.4541
9092,335.0,391.1,0.010597502922393745,5667439,0.7953
9093,265.0,392.6,0.010592204170932549,5667996,1.5688
9094,185.0,392.55,0.010586908068847083,5668419,2.6324
9095,200.0,388.85,0.01058161461481266,5668827,1.9590
9096,305.0,388.35,0.010576323807505254,5669347,1.0993
9097,280.0,386.75,0.010571035645601502,5669905,1.9793
9098,245.0,385.9,0.010565750127778701,5670399,1.1537
9099,455.0,388.8,0.010560467252714813,5671185,1.0441
9100,200.0,385.7,0.010555187019088457,5671552,1.1166
9101,300.0,384.6,0.010549909425578914,5672121,1.9661
9102,285.0,385.3,0.010544634470866125,5672559,0.8809
9103,375.0,386.55,0.010539362153630692,5673224,0.5687
9104,470.0,388.9,0.010534092472553876,5673853,0.6326
9105,770.0,393.65,0.0105288254263176,5674911,2.3514
9106,495.0,394.85,0.010523561013604441,5675708,1.0788
9107,440.0,395.0,0.01051829923309764,5676441,0.9019
9108,230.0,392.85,0.010513040083481091,5676885,0.6776
9109,385.0,392.35,0.010507783563439352,5677529,0.8254
9110,225.0,391.1,0.010502529671657632,5678063,1.1675
9111,295.0,389.65,0.010497278406821804,5678510,1.9496
9112,670.0,390.6,0.010492029767618394,5679272,1.7329
9113,525.0,392.8,0.010486783752734586,5680046,0.6787
9114,495.0,394.65,0.01048154036085822,5680922,0.4611
9115,270.0,393.7,0.010476299590677791,5681445,0.4526
9116,415.0,396.8,0.010471061440882452,5682165,1.3936
9117,360.0,396.95,0.010465825910162012,5682736,0.8908
9118,325.0,396.05,0.010460592997206931,5683290,0.8544
9119,270.0,393.15,0.010455362700708327,5683718,0.5250
9120,260.0,392.95,0.010450135019357975,5684173,1.4399
9121,415.0,393.9,0.010444909951848297,5684811,0.7461
9122,465.0,394.65,0.010439687496872373,5685557,2.9258
9123,285.0,391.5,0.010434467653123936,5686026,0.7166
9124,575.0,394.1,0.010429250419297376,5686929,3.4103
9125,175.0,393.25,0.010424035794087728,5687289,7.5652
9126,395.0,393.0,0.010418823776190685,5687942,1.8660
9127,435.0,393.7,0.01041361436430259,5688705,1.4873
9128,225.0,392.6,0.01040840755712044,5689170,1.0531
9129,360.0,390.95,0.01040320335334188,5689807,0.4276
9130,185.0,390.1,0.01039800175166521,5690606,1.3528
9131,525.0,394.25,0.010392802750789378,5691196,1.2961
9132,305.0,390.9,0.010387606349413984,5691779,0.6207
9133,655.0,393.55,0.010382412546239278,5692501,0.8140
9134,325.0,393.8,0.01037722133996616,5693032,0.9151
9135,555.0,394.45,0.010372032729296177,5693903,0.6692
9136,130.0,388.85,0.010366846712931529,5694282,2.9539
9137,265.0,386.25,0.010361663289575064,5695023,0.9630
9138,370.0,386.1,0.010356482457930277,5695624,0.8983
9139,265.0,383.0,0.010351304216701312,5696170,1.9331
9140,420.0,385.2,0.010346128564592962,5696758,3.3589
9141,530.0,384.75,0.010340955500310667,5697388,1.5442
9142,255.0,382.75,0.010335785022560513,5698024,0.8820
9143,550.0,382.8,0.010330617130049232,5698771,0.6378
9144,240.0,380.7,0.010325451821484208,5699257,2.9709
9145,755.0,384.45,0.010320289095573467,5700052,0.3827
9146,625.0,386.45,0.010315128951025682,5700808,1.4652
9147,200.0,385.75,0.01030997138655017,5701179,0.8963
9148,390.0,386.25,0.010304816400856896,5701891,2.7710
9149,570.0,387.0,0.010299663992656468,5702853,1.1697
9150,460.0,387.6,0.01029451416066014,5703672,0.4233
9151,310.0,386.8,0.010289366903579811,5704367,0.8397
9152,350.0,387.65,0.010284222220128023,5704924,0.9702
9153,320.0,387.1,0.010279080109017959,5705470,3.0685
9154,285.0,387.85,0.010273940568963452,5705998,1.1070
9155,395.0,387.55,0.010268803598678971,5706615,0.3904
9156,695.0,390.85,0.010263669196879632,5707448,0.6564
9157,255.0,390.8,0.010258537362281193,5707934,2.1323
9158,235.0,389.05,0.010253408093600053,5708405,1.6417
9159,360.0,385.5,0.010248281389553254,5708952,1.8776
9160,390.0,386.45,0.010243157248858478,5709694,1.0535
9161,545.0,385.6,0.01023803567023405,5710539,1.7160
9162,360.0,386.1,0.010232916652398933,5711119,1.5416
9163,165.0,382.8,0.010227800194072734,5711467,1.0619
9164,435.0,380.7,0.010222686293975698,5712120,1.1958
9165,360.0,380.5,0.010217574950828711,5712706,1.0707
9166,400.0,381.95,0.010212466163353298,5713463,1.2421
9167,360.0,381.95,0.010207359930271621,5713978,1.3887
9168,545.0,381.65,0.010202256250306485,5714844,1.6187
9169,245.0,380.1,0.010197155122181332,5715376,0.6857
9170,185.0,378.55,0.010192056544620243,5715904,0.6501
9171,350.0,381.5,0.010186960516347933,5716546,1.6974
9172,250.0,379.5,0.01018186703608976,5717069,0.5655
9173,430.0,380.6,0.010176776102571715,5717662,1.6197
9174,385.0,379.75,0.01017168771452043,5718315,1.2707
9175,495.0,378.0,0.010166601870663169,5719209,0.7515
9176,650.0,382.05,0.010161518569727837,5720247,3.9432
9177,365.0,382.85,0.010156437810442974,5720891,0.8819
9178,335.0,382.05,0.010151359591537753,5721437,2.7831
9179,285.0,381.55,0.010146283911741985,5721942,0.9533
9180,180.0,380.7,0.010141210769786115,5722310,0.9344
9181,95.0,376.9,0.010136140164401222,5722588,2.5092
9182,295.0,375.15,0.010131072094319021,5723091,0.4940
9183,255.0,374.65,0.010126006558271863,5723531,0.7128
9184,340.0,373.65,0.010120943554992727,5724050,0.8281
9185,400.0,373.05,0.010115883083215232,5724592,1.2358
9186,215.0,371.8,0.010110825141673625,5725058,0.8576
9187,410.0,371.75,0.010105769729102789,5725651,0.2354
9188,230.0,367.0,0.010100716844238238,5726126,0.9115
9189,450.0,366.05,0.01009566648581612,5727042,0.5458
9190,115.0,363.1,0.010090618652573212,5727585,1.1370
9191,580.0,365.4,0.010085573343246926,5728511,2.0733
9192,260.0,364.65,0.010080530556575304,5728933,0.9696
9193,460.0,366.6,0.010075490291297017,5729598,2.5402
9194,360.0,368.35,0.01007045254615137,5730248,2.7273
9195,385.0,370.2,0.010065417319878294,5730998,0.3362
9196,350.0,370.65,0.010060384611218356,5731653,1.0352
9197,325.0,371.1,0.010055354418912747,5732340,0.5700
9198,545.0,374.1,0.01005032674170329,5733214,0.8873
9199,150.0,371.05,0.01004530157833244,5733772,1.6559
9200,350.0,372.55,0.010040278927543275,5734433,1.7895
9201,465.0,374.2,0.010035258788079503,5735073,1.7525
9202,500.0,376.35,0.010030241158685463,5735610,1.5957
9203,515.0,377.75,0.01002522603810612,5736216,0.4464
9204,350.0,376.55,0.010020213425087068,5736943,0.4184
9205,405.0,372.9,0.010015203318374525,5737611,0.8400
9206,250.0,370.45,0.010010195716715338,5738052,0.6820
9207,400.0,370.05,0.01000519061885698,5738647,1.5285
9208,360.0,371.35,0.010000188023547553,5739221,1.6780
9209,340.0,370.9,0.01,5739720,0.4011
9210,260.0,371.25,0.01,5740181,0.7413
9211,335.0,371.65,0.01,5740783,1.7358
9212,520.0,370.15,0.01,5741439,0.4938
9213,410.0,369.0,0.01,5742110,0.3849
9214,425.0,368.3,0.01,5742746,4.6800
9215,635.0,371.95,0.01,5743544,0.5892
9216,540.0,373.2,0.01,5744422,0.5791
9217,500.0,374.6,0.01,5745404,1.0680
9218,260.0,373.95,0.01,5746066,0.2786
9219,405.0,375.3,0.01,5746704,1.3154
9220,265.0,375.35,0.01,5747167,2.9690
9221,275.0,373.95,0.01,5747710,0.9609
9222,445.0,373.75,0.01,5748372,1.4264
9223,360.0,374.5,0.01,5749024,0.4814
9224,490.0,373.65,0.01,5750009,0.5979
9225,360.0,375.5,0.01,5750659,0.7162
9226,395.0,375.5,0.01,5751288,0.7350
9227,255.0,373.7,0.01,5751889,0.3571
9228,200.0,373.45,0.01,5752401,1.2220
9229,485.0,374.7,0.01,5753076,2.6768
9230,420.0,377.05,0.01,5753740,0.5320
9231,215.0,373.95,0.01,5754490,1.3417
9232,380.0,374.7,0.01,5755158,0.5350
9233,155.0,369.7,0.01,5755554,0.4243
9234,540.0,371.85,0.01,5756451,0.6841
9235,300.0,369.3,0.01,5756942,1.1123
9236,595.0,373.95,0.01,5757535,0.6159
9237,455.0,375.85,0.01,5758257,0.6377
9238,420.0,376.35,0.01,5758911,0.3296
9239,315.0,376.85,0.01,5759438,0.4400
9240,300.0,375.65,0.01,5759952,0.8032
9241,530.0,375.65,0.01,5760607,2.3589
9242,330.0,376.4,0.01,5761073,1.2361
9243,385.0,374.75,0.01,5761752,1.6601
9244,495.0,377.3,0.01,5762553,0.9009
9245,340.0,373.15,0.01,5763112,0.7101
9246,450.0,371.4,0.01,5763895,0.6830
9247,785.0,377.25,0.01,5765075,0.7156
9248,340.0,376.75,0.01,5765619,0.4474
9249,480.0,375.85,0.01,5766452,0.6691
9250,675.0,378.0,0.01,5767323,0.5951
9251,545.0,380.35,0.01,5768075,1.2266
9252,665.0,383.5,0.01,5769097,0.5810
9253,465.0,384.95,0.01,5769829,0.5032
9254,580.0,387.9,0.01,5770488,0.7179
9255,275.0,386.7,0.01,5771051,0.4234
9256,390.0,383.65,0.01,5771651,0.5081
9257,305.0,384.15,0.01,5772136,1.3839
9258,335.0,385.15,0.01,5772702,3.3594
9259,350.0,385.05,0.01,5773212,1.2483
9260,65.0,381.8,0.01,5773619,0.7053
9261,320.0,379.55,0.01,5774100,0.6873
9262,615.0,382.1,0.01,5774749,2.2712
9263,360.0,384.05,0.01,5775347,2.1101
9264,510.0,384.8,0.01,5776010,0.9717
9265,390.0,385.1,0.01,5776645,1.3576
9266,440.0,385.5,0.01,5777260,0.6605
9267,295.0,384.85,0.01,5777942,0.5998
9268,355.0,382.95,0.01,5778565,0.5126
9269,320.0,383.7,0.01,5779180,0.6792
9270,350.0,385.35,0.01,5779795,1.1012
9271,405.0,385.9,0.01,5780398,1.0185
9272,325.0,386.65,0.01,5781053,0.6487
9273,340.0,385.75,0.01,5781702,0.5450
9274,230.0,384.2,0.01,5782136,1.8717
9275,275.0,382.0,0.01,5782717,0.3106
9276,385.0,379.35,0.01,5783351,1.0164
9277,430.0,380.0,0.01,5784052,1.1473
9278,360.0,380.25,0.01,5784647,0.7273
9279,375.0,381.15,0.01,5785194,0.7310
9280,345.0,382.8,0.01,5785897,1.0792
9281,470.0,386.55,0.01,5786729,0.4839
9282,225.0,385.85,0.01,5787141,0.6171
9283,620.0,389.5,0.01,5787939,0.5206
9284,445.0,390.55,0.01,5788797,1.7400
9285,325.0,389.8,0.01,5789326,1.1272
9286,525.0,392.9,0.01,5790176,0.6126
9287,320.0,392.0,0.01,5790776,3.0367
9288,335.0,393.05,0.01,5791362,1.2197
9289,290.0,391.45,0.01,5791873,1.0980
9290,125.0,391.55,0.01,5792405,0.9276
9291,320.0,388.95,0.01,5792958,3.0724
9292,640.0,392.75,0.01,5793542,2.8058
9293,320.0,391.35,0.01,5794079,1.1633
9294,500.0,392.75,0.01,5794908,3.8469
9295,420.0,393.1,0.01,5795613,1.1786
9296,350.0,393.1,0.01,5796212,3.0433
9297,225.0,392.1,0.01,5796653,0.7681
9298,385.0,390.5,0.01,5797319,0.6135
9299,435.0,393.35,0.01,5797929,0.5475
9300,205.0,391.9,0.01,5798407,0.5553
9301,350.0,390.75,0.01,5799091,0.9461
9302,290.0,388.65,0.01,5799659,0.4459
9303,295.0,386.45,0.01,5800300,0.8612
9304,235.0,385.3,0.01,5800704,0.4278
9305,310.0,384.35,0.01,5801252,1.8023
9306,205.0,383.9,0.01,5801758,7.3117
9307,695.0,386.85,0.01,5802631,0.7262
9308,325.0,386.5,0.01,5803368,1.1654
9309,115.0,384.25,0.01,5803860,0.9291
9310,515.0,386.8,0.01,5804618,3.1057
9311,275.0,386.2,0.01,5805257,1.3315
9312,355.0,384.55,0.01,5805883,0.6287
9313,305.0,383.5,0.01,5806530,1.2820
9314,395.0,383.2,0.01,5807128,0.8104
9315,270.0,379.55,0.01,5807593,1.3338
9316,345.0,377.6,0.01,5808185,0.7228
9317,330.0,375.9,0.01,5808849,0.9425
9318,220.0,375.5,0.01,5809316,1.4286
9319,220.0,373.65,0.01,5809756,1.2216
9320,600.0,377.0,0.01,5810693,0.8630
9321,695.0,381.2,0.01,5811507,2.5834
9322,280.0,379.55,0.01,5812077,0.4970
9323,395.0,379.9,0.01,5812708,0.4783
9324,525.0,380.25,0.01,5813546,0.6369
9325,225.0,378.9,0.01,5814143,0.3048
9326,280.0,377.75,0.01,5814760,0.8404
9327,435.0,379.55,0.01,5815437,0.6017
9328,495.0,382.5,0.01,5816072,0.7235
9329,375.0,381.4,0.01,5816745,1.8059
9330,175.0,378.95,0.01,5817134,0.4854
9331,305.0,379.85,0.01,5817681,0.8239
9332,395.0,380.0,0.01,5818314,0.7339
9333,310.0,381.55,0.01,5818851,1.7181
9334,355.0,379.7,0.01,5819519,0.9676
9335,600.0,382.7,0.01,5820632,1.4567
9336,280.0,379.55,0.01,5821228,0.6151
9337,315.0,378.15,0.01,5821754,0.3052
9338,345.0,377.4,0.01,5822315,1.2180
9339,235.0,376.6,0.01,5822912,0.6742
9340,405.0,377.65,0.01,5823516,0.6673
9341,360.0,375.95,0.01,5823997,1.6482
9342,480.0,377.45,0.01,5825177,1.1060
9343,395.0,377.55,0.01,5825826,1.1091
9344,280.0,375.4,0.01,5826482,1.4281
9345,470.0,376.7,0.01,5827117,1.9908
9346,410.0,376.3,0.01,5827762,1.6427
9347,490.0,373.35,0.01,5828469,0.3898
9348,600.0,375.95,0.01,5829223,0.7752
9349,445.0,375.6,0.01,5830031,0.6279
9350,415.0,373.0,0.01,5830893,0.3990
9351,480.0,372.35,0.01,5831692,1.4712
9352,275.0,368.45,0.01,5832271,0.7066
9353,515.0,368.95,0.01,5832887,0.8861
9354,340.0,366.55,0.01,5833397,1.5516
9355,230.0,366.1,0.01,5833790,1.5872
9356,355.0,365.75,0.01,5834376,0.8362
9357,405.0,366.75,0.01,5835135,1.4951
9358,315.0,366.55,0.01,5835592,0.6012
9359,320.0,366.25,0.01,5836243,0.7003
9360,295.0,368.55,0.01,5836790,0.8994
9361,440.0,369.75,0.01,5837440,1.2138
9362,350.0,367.1,0.01,5838024,0.4664
9363,495.0,368.45,0.01,5838885,1.3581
9364,400.0,367.35,0.01,5839606,1.3918
9365,480.0,368.25,0.01,5840354,0.3539
9366,370.0,367.55,0.01,5840971,0.5216
9367,320.0,367.8,0.01,5841584,0.8841
9368,310.0,367.35,0.01,5842269,0.5614
9369,445.0,368.6,0.01,5843271,0.5150
9370,345.0,368.55,0.01,5843900,2.9228
9371,200.0,366.5,0.01,5844262,0.3799
9372,100.0,364.25,0.01,5844541,0.5497
9373,670.0,367.55,0.01,5845387,1.0641
9374,325.0,368.5,0.01,5845989,0.7986
9375,340.0,369.15,0.01,5846621,0.3135
9376,470.0,370.0,0.01,5847439,1.3461
9377,420.0,369.9,0.01,5847989,1.7202
9378,280.0,369.1,0.01,5848628,0.4299
9379,440.0,369.75,0.01,5849261,1.1823
9380,430.0,370.6,0.01,5850208,1.4306
9381,470.0,370.6,0.01,5851126,0.7327
9382,260.0,370.95,0.01,5851584,2.4674
9383,425.0,369.0,0.01,5852327,1.1224
9384,300.0,367.55,0.01,5853044,0.8161
9385,495.0,369.25,0.01,5853685,1.6983
9386,440.0,368.4,0.01,5854573,0.9851
9387,330.0,368.5,0.01,5855242,2.1893
9388,330.0,368.45,0.01,5855940,0.8651
9389,410.0,369.65,0.01,5856506,0.6501
9390,300.0,371.4,0.01,5857074,0.6434
9391,725.0,375.45,0.01,5857984,0.6469
9392,285.0,371.9,0.01,5858681,1.3601
9393,320.0,371.9,0.01,5859203,1.5521
9394,225.0,369.15,0.01,5859690,1.1288
9395,470.0,369.65,0.01,5860322,1.0501
9396,90.0,367.05,0.01,5860748,0.6891
9397,505.0,369.85,0.01,5861527,0.8883
9398,390.0,369.9,0.01,5862177,0.8155
9399,390.0,369.45,0.01,5862845,0.6483
9400,315.0,370.55,0.01,5863502,0.5788
9401,425.0,371.3,0.01,5864157,1.4167
9402,375.0,372.15,0.01,5864697,1.1736
9403,360.0,372.8,0.01,5865293,0.9134
9404,280.0,373.25,0.01,5866008,0.7395
9405,330.0,373.45,0.01,5866756,0.7654
9406,185.0,373.25,0.01,5867465,1.2737
9407,360.0,369.9,0.01,5868077,0.7674
9408,250.0,369.15,0.01,5868752,2.3414
9409,160.0,369.6,0.01,5869406,1.1264
9410,295.0,367.4,0.01,5870015,2.3811
9411,355.0,368.2,0.01,5870626,1.0199
9412,555.0,370.2,0.01,5871298,0.7448
9413,180.0,368.95,0.01,5871863,1.9022
9414,335.0,368.35,0.01,5872508,0.9961
9415,310.0,368.75,0.01,5873190,0.3754
9416,300.0,368.3,0.01,5873812,0.8834
9417,395.0,368.95,0.01,5874525,1.0533
9418,335.0,370.1,0.01,5875023,0.9986
9419,135.0,369.25,0.01,5875412,0.3272
9420,335.0,366.6,0.01,5876027,0.8838
9421,470.0,364.35,0.01,5876832,5.4064
9422,180.0,363.35,0.01,5877234,0.5861
9423,395.0,363.35,0.01,5878015,0.3267
9424,445.0,362.55,0.01,5878652,1.0794
9425,265.0,362.95,0.01,5879104,0.7928
9426,500.0,365.15,0.01,5879798,0.8138
9427,305.0,363.85,0.01,5880342,0.8302
9428,745.0,366.35,0.01,5881194,1.0531
9429,465.0,367.25,0.01,5882003,0.3158
9430,375.0,369.25,0.01,5882608,0.9266
9431,230.0,368.5,0.01,5882997,1.8682
9432,280.0,367.35,0.01,5883551,0.5613
9433,390.0,368.15,0.01,5884149,0.9598
9434,440.0,369.0,0.01,5884898,0.3123
9435,360.0,366.6,0.01,5885510,0.5590
9436,135.0,365.15,0.01,5885875,1.3445
9437,330.0,365.3,0.01,5886549,0.8906
9438,260.0,364.45,0.01,5887115,0.2572
9439,175.0,363.85,0.01,5887614,0.8463
9440,400.0,363.8,0.01,5888321,1.0704
9441,180.0,362.0,0.01,5888847,1.1215
9442,740.0,364.6,0.01,5889730,4.0405
9443,425.0,364.9,0.01,5890503,1.2691
9444,310.0,365.2,0.01,5891155,1.1200
9445,285.0,363.35,0.01,5891575,0.6756
9446,110.0,360.35,0.01,5891869,0.7403
9447,200.0,357.45,0.01,5892234,0.8063
9448,450.0,355.95,0.01,5892982,1.1749
9449,525.0,356.75,0.01,5893876,1.8350
9450,425.0,356.85,0.01,5894638,1.0644
9451,285.0,354.9,0.01,5895081,0.5440
9452,360.0,355.75,0.01,5895675,1.1794
9453,355.0,354.15,0.01,5896335,0.7336
9454,115.0,351.9,0.01,5896678,1.3173
9455,310.0,352.7,0.01,5897273,0.7819
9456,215.0,351.3,0.01,5897683,0.5816
9457,415.0,351.4,0.01,5898419,0.5545
9458,360.0,351.85,0.01,5898964,0.7267
9459,440.0,353.05,0.01,5899755,3.6864
9460,335.0,353.45,0.01,5900364,0.3795
9461,395.0,353.0,0.01,5900949,0.6679
9462,330.0,352.8,0.01,5901428,1.3523
9463,325.0,351.1,0.01,5902141,0.6133
9464,295.0,350.05,0.01,5902733,3.1192
9465,325.0,348.5,0.01,5903329,0.6620
9466,330.0,348.1,0.01,5903944,0.7189
9467,295.0,347.85,0.01,5904445,0.6658
9468,225.0,347.0,0.01,5904884,1.4468
9469,325.0,345.8,0.01,5905488,0.7982
9470,275.0,345.1,0.01,5906039,0.9178
9471,85.0,343.95,0.01,5906587,0.8093
9472,470.0,347.65,0.01,5907377,0.5063
9473,495.0,345.9,0.01,5908178,0.3792
9474,155.0,344.2,0.01,5908649,1.0925
9475,85.0,341.65,0.01,5909107,1.3289
9476,385.0,340.8,0.01,5909787,1.1179
9477,510.0,341.7,0.01,5910518,0.8013
9478,385.0,342.75,0.01,5911145,1.7465
9479,265.0,341.0,0.01,5911768,0.8841
9480,355.0,340.25,0.01,5912291,1.9031
9481,320.0,338.75,0.01,5912899,0.7743
9482,370.0,339.85,0.01,5913448,0.8633
9483,230.0,337.9,0.01,5913997,0.6760
9484,245.0,337.35,0.01,5914450,0.3996
9485,395.0,336.35,0.01,5915195,1.3910
9486,540.0,337.35,0.01,5916078,1.8992
9487,470.0,338.75,0.01,5916952,1.1244
9488,385.0,339.3,0.01,5917599,1.6977
9489,440.0,339.6,0.01,5918306,0.5600
9490,280.0,339.4,0.01,5918840,2.2339
9491,490.0,337.05,0.01,5919591,3.4280
9492,365.0,337.85,0.01,5920557,0.6603
9493,140.0,336.05,0.01,5920906,1.1065
9494,515.0,338.95,0.01,5921818,1.8750
9495,480.0,339.05,0.01,5922756,1.3871
9496,295.0,341.1,0.01,5923381,0.6876
9497,345.0,339.5,0.01,5923892,1.3414
9498,570.0,341.3,0.01,5924864,1.4964
9499,440.0,341.8,0.01,5925671,0.7631
9500,305.0,341.7,0.01,5926259,0.6443
9501,200.0,339.45,0.01,5926630,0.7801
9502,400.0,339.7,0.01,5927365,0.9284
9503,400.0,340.1,0.01,5928007,0.4015
9504,495.0,342.25,0.01,5928745,1.1823
9505,395.0,342.9,0.01,5929382,0.7895
9506,205.0,343.1,0.01,5929775,1.9803
9507,375.0,343.25,0.01,5930358,0.8441
9508,255.0,343.3,0.01,5930890,0.4842
9509,185.0,343.55,0.01,5931285,0.7969
9510,225.0,342.85,0.01,5931757,0.4779
9511,330.0,342.6,0.01,5932402,3.6152
9512,445.0,341.5,0.01,5933158,1.4100
9513,340.0,343.1,0.01,5933814,0.8879
9514,575.0,345.5,0.01,5934865,1.8173
9515,205.0,344.45,0.01,5935296,0.6187
9516,405.0,345.5,0.01,5935902,0.4331
9517,90.0,342.45,0.01,5936313,0.6023
9518,530.0,344.4,0.01,5937034,1.1940
9519,410.0,347.15,0.01,5937878,1.2758
9520,510.0,348.9,0.01,5938882,1.8044
9521,200.0,346.2,0.01,5939307,2.9596
9522,335.0,347.75,0.01,5939824,0.4959
9523,460.0,348.4,0.01,5940588,2.4987
9524,650.0,350.45,0.01,5941379,2.4493
9525,145.0,349.25,0.01,5941842,0.4491
9526,485.0,349.1,0.01,5942610,0.6009
9527,295.0,349.0,0.01,5943125,0.2842
9528,45.0,342.0,0.01,5943371,0.4777
9529,485.0,342.2,0.01,5944204,1.6315
9530,360.0,342.05,0.01,5944915,1.5052
9531,415.0,343.9,0.01,5945966,0.7189
9532,390.0,345.0,0.01,5946621,0.4309
9533,625.0,347.35,0.01,5947412,1.3159
9534,515.0,348.1,0.01,5948115,0.5043
9535,405.0,348.55,0.01,5948712,1.8858
9536,385.0,351.05,0.01,5949246,0.6070
9537,490.0,352.65,0.01,5950137,0.8367
9538,230.0,352.35,0.01,5950548,1.3085
9539,235.0,352.95,0.01,5951001,0.8025
9540,195.0,350.9,0.01,5951422,2.1073
9541,280.0,351.9,0.01,5951879,1.0235
9542,210.0,346.6,0.01,5952351,4.5074
9543,230.0,344.65,0.01,5952813,1.5275
9544,380.0,345.35,0.01,5953416,0.7701
9545,280.0,345.3,0.01,5953879,3.9353
9546,365.0,347.85,0.01,5954434,0.4421
9547,570.0,351.55,0.01,5955462,1.0825
9548,245.0,349.5,0.01,5955974,0.7158
9549,345.0,347.7,0.01,5956546,0.8058
9550,260.0,346.05,0.01,5956966,0.5762
9551,460.0,347.8,0.01,5957579,1.0979
9552,145.0,345.65,0.01,5958000,0.6896
9553,290.0,345.0,0.01,5958485,1.3356
9554,610.0,349.95,0.01,5959126,2.9950
9555,425.0,351.1,0.01,5959845,1.2962
9556,640.0,355.35,0.01,5960517,0.7261
9557,120.0,352.4,0.01,5960964,0.7591
9558,540.0,354.2,0.01,5961863,0.6770
9559,180.0,351.6,0.01,5962223,0.6368
9560,480.0,353.05,0.01,5962833,1.2273
9561,440.0,353.5,0.01,5963728,2.4873
9562,310.0,353.3,0.01,5964419,1.2680
9563,365.0,353.7,0.01,5965007,0.7792
9564,600.0,356.75,0.01,5965885,0.4266
9565,300.0,356.5,0.01,5966350,1.3689
9566,330.0,356.5,0.01,5966894,0.9191
9567,315.0,356.7,0.01,5967390,0.3194
9568,400.0,358.45,0.01,5968054,5.0324
9569,495.0,360.15,0.01,5968938,3.1101
9570,230.0,359.7,0.01,5969304,3.9142
9571,320.0,362.05,0.01,5969860,1.1378
9572,545.0,362.8,0.01,5970718,0.4695
9573,310.0,360.95,0.01,5971255,0.5041
9574,380.0,363.2,0.01,5971798,0.6580
9575,425.0,366.6,0.01,5972687,0.5559
9576,240.0,365.15,0.01,5973150,0.6198
9577,410.0,364.15,0.01,5973756,0.3127
9578,175.0,362.05,0.01,5974151,0.4498
9579,455.0,363.95,0.01,5975100,1.9730
9580,340.0,363.8,0.01,5975677,0.7389
9581,335.0,363.95,0.01,5976173,0.6979
9582,320.0,363.45,0.01,5976762,0.8602
9583,365.0,364.8,0.01,5977273,0.6652
9584,275.0,365.1,0.01,5977733,3.5397
9585,505.0,366.2,0.01,5978403,2.8353
9586,360.0,364.4,0.01,5979044,0.6402
9587,445.0,364.15,0.01,5979663,0.6232
9588,405.0,364.35,0.01,5980379,1.4007
9589,265.0,362.6,0.01,5980834,0.7756
9590,665.0,366.45,0.01,5981627,1.6837
9591,365.0,365.2,0.01,5982184,1.1439
9592,340.0,364.95,0.01,5982745,1.7003
9593,495.0,368.5,0.01,5983465,0.7273
9594,335.0,366.7,0.01,5984176,0.9076
9595,345.0,365.35,0.01,5984745,3.0772
9596,495.0,367.35,0.01,5985713,0.5323
9597,195.0,365.85,0.01,5986132,1.1559
9598,315.0,363.3,0.01,5986736,0.6349
9599,370.0,362.6,0.01,5987248,0.5710
9600,335.0,362.9,0.01,5987720,1.2807
9601,445.0,365.35,0.01,5988380,0.8279
9602,415.0,365.5,0.01,5989091,0.3461
9603,510.0,366.6,0.01,5990025,1.3853
9604,385.0,365.5,0.01,5990644,0.3683
9605,470.0,366.25,0.01,5991497,2.1787
9606,335.0,367.55,0.01,5992131,4.3362
9607,430.0,368.1,0.01,5992770,0.6755
9608,470.0,370.25,0.01,5993505,2.2618
9609,490.0,373.3,0.01,5994213,2.7966
9610,465.0,375.7,0.01,5994866,1.4887
9611,415.0,376.55,0.01,5995513,1.0850
9612,290.0,375.0,0.01,5996021,1.2200
9613,600.0,377.6,0.01,5996663,0.4878
9614,410.0,375.95,0.01,5997272,2.4449
9615,600.0,379.9,0.01,5998247,1.0536
9616,580.0,381.65,0.01,5998979,0.5854
9617,330.0,384.05,0.01,5999606,1.0024
9618,675.0,385.5,0.01,6000407,3.7446
9619,535.0,386.75,0.01,6001068,1.0425
9620,740.0,389.05,0.01,6002132,0.3182
9621,335.0,390.4,0.01,6002779,1.3460
9622,445.0,391.5,0.01,6003419,0.5269
9623,390.0,390.8,0.01,6004003,0.3063
9624,630.0,390.6,0.01,6004893,0.3358
9625,230.0,391.45,0.01,6005269,0.8018
9626,265.0,389.25,0.01,6005886,3.2609
9627,455.0,390.85,0.01,6006644,1.2049
9628,440.0,394.8,0.01,6007445,0.4008
9629,410.0,394.05,0.01,6008101,0.6505
9630,375.0,394.2,0.01,6008805,0.5089
9631,495.0,395.0,0.01,6009597,0.9013
9632,455.0,395.65,0.01,6010440,0.6384
9633,450.0,393.9,0.01,6011487,0.7832
9634,305.0,391.8,0.01,6012103,1.2206
9635,175.0,389.5,0.01,6012562,0.8083
9636,290.0,388.55,0.01,6012982,0.4967
9637,310.0,386.75,0.01,6013472,0.8445
9638,360.0,388.05,0.01,6014080,1.4210
9639,280.0,388.5,0.01,6014557,1.5165
9640,290.0,389.45,0.01,6015010,0.7832
9641,680.0,393.45,0.01,6015577,0.8459
9642,270.0,394.05,0.01,6016117,1.0360
9643,465.0,396.4,0.01,6016984,0.7731
9644,755.0,400.15,0.01,6017869,0.7173
9645,285.0,400.2,0.01,6018397,1.0462
9646,200.0,398.55,0.01,6018765,0.8529
9647,465.0,397.5,0.01,6019536,0.5136
9648,200.0,397.05,0.01,6019980,1.2645
9649,265.0,396.25,0.01,6020606,1.3935
9650,280.0,396.45,0.01,6021220,0.9066
9651,415.0,396.0,0.01,6021810,0.5708
9652,525.0,399.8,0.01,6022676,1.1508
9653,315.0,400.05,0.01,6023131,0.7396
9654,575.0,399.7,0.01,6024049,0.3045
9655,300.0,398.45,0.01,6024600,0.7251
9656,410.0,396.15,0.01,6025155,0.6643
9657,655.0,401.5,0.01,6026069,0.6229
9658,290.0,399.0,0.01,6026564,1.2375
9659,515.0,402.35,0.01,6027182,0.6911
9660,385.0,401.4,0.01,6027826,1.3322
9661,410.0,401.1,0.01,6028396,1.9540
9662,360.0,401.6,0.01,6028932,0.7235
9663,265.0,400.6,0.01,6029343,0.4293
9664,420.0,398.8,0.01,6029921,1.7201
9665,260.0,398.4,0.01,6030483,0.8384
9666,310.0,398.2,0.01,6031188,3.2850
9667,470.0,399.75,0.01,6032078,0.5472
9668,635.0,402.1,0.01,6032703,4.7677
9669,650.0,403.65,0.01,6033354,0.6467
9670,205.0,403.4,0.01,6033803,0.3427
9671,335.0,403.55,0.01,6034394,0.5042
9672,215.0,400.25,0.01,6034787,0.4925
9673,450.0,401.65,0.01,6035710,1.0983
9674,215.0,400.0,0.01,6036213,1.6447
9675,460.0,400.35,0.01,6036924,0.5248
9676,455.0,402.5,0.01,6037679,1.7796
9677,440.0,402.8,0.01,6038465,0.8520
9678,705.0,408.1,0.01,6039226,1.6645
9679,215.0,405.7,0.01,6039657,0.3888
9680,485.0,407.15,0.01,6040212,0.7677
9681,500.0,408.8,0.01,6041152,0.9596
9682,310.0,408.7,0.01,6041705,1.8378
9683,390.0,408.95,0.01,6042263,0.9092
9684,685.0,413.05,0.01,6043024,0.5594
9685,585.0,413.85,0.01,6043653,2.1412
9686,405.0,414.3,0.01,6044278,0.6290
9687,440.0,414.25,0.01,6044865,0.3876
9688,385.0,414.05,0.01,6045412,1.0024
9689,500.0,416.4,0.01,6046287,0.6382
9690,285.0,412.6,0.01,6046854,0.7376
9691,665.0,415.6,0.01,6047546,0.4648
9692,315.0,415.35,0.01,6048106,0.6211
9693,190.0,412.3,0.01,6048545,1.0722
9694,385.0,412.8,0.01,6049241,0.4489
9695,245.0,411.8,0.01,6049718,3.3866
9696,310.0,409.95,0.01,6050344,3.1643
9697,385.0,411.85,0.01,6051001,1.0900
9698,600.0,414.7,0.01,6052003,0.8033
9699,320.0,414.2,0.01,6052619,1.1287
9700,380.0,414.65,0.01,6053177,1.5333
9701,525.0,415.45,0.01,6054156,0.7918
9702,395.0,415.25,0.01,6054881,0.4843
9703,420.0,414.35,0.01,6055763,0.8728
9704,545.0,415.95,0.01,6056830,1.2364
9705,310.0,414.35,0.01,6057553,0.5519
9706,460.0,415.6,0.01,6058367,0.7018
9707,370.0,415.0,0.01,6058990,0.7292
9708,415.0,414.45,0.01,6059654,0.9862
9709,310.0,412.65,0.01,6060299,1.3979
9710,265.0,410.65,0.01,6060791,0.8377
9711,430.0,410.8,0.01,6061475,0.4809
9712,440.0,412.3,0.01,6062366,0.5849
9713,315.0,409.45,0.01,6062930,1.3231
9714,420.0,409.55,0.01,6063565,2.2801
9715,435.0,407.9,0.01,6064252,4.0529
9716,470.0,406.8,0.01,6065132,0.7321
9717,290.0,406.4,0.01,6065589,2.1398
9718,480.0,404.45,0.01,6066390,0.8054
9719,300.0,402.1,0.01,6066851,1.8158
9720,390.0,398.6,0.01,6067405,2.1365
9721,350.0,398.75,0.01,6068064,0.6827
9722,800.0,402.3,0.01,6069110,2.1048
9723,400.0,402.4,0.01,6069778,0.8376
9724,270.0,398.8,0.01,6070461,1.6599
9725,315.0,399.65,0.01,6071047,0.7974
9726,280.0,399.8,0.01,6071510,0.4293
9727,450.0,399.75,0.01,6072393,1.2762
9728,370.0,399.05,0.01,6073061,1.2121
9729,350.0,398.45,0.01,6073895,0.9122
9730,260.0,397.3,0.01,6074374,0.5269
9731,385.0,396.2,0.01,6075062,0.4589
9732,495.0,396.6,0.01,6076023,0.4568
9733,365.0,395.75,0.01,6076675,0.2319
9734,195.0,394.65,0.01,6077100,0.9676
9735,440.0,397.3,0.01,6077993,4.2060
9736,465.0,399.05,0.01,6078680,1.0902
9737,400.0,399.95,0.01,6079311,0.4162
9738,440.0,400.75,0.01,6080097,0.8786
9739,355.0,401.5,0.01,6080734,0.6659
9740,190.0,400.5,0.01,6081115,1.5605
9741,565.0,399.35,0.01,6082152,0.5610
9742,320.0,399.85,0.01,6082697,0.7195
9743,485.0,400.05,0.01,6083514,0.6929
9744,395.0,396.45,0.01,6084115,1.7316
9745,285.0,396.45,0.01,6084566,1.6414
9746,305.0,397.5,0.01,6085203,1.4405
9747,505.0,397.9,0.01,6085708,0.4649
9748,200.0,397.9,0.01,6086072,0.3270
9749,280.0,398.05,0.01,6086657,4.2352
9750,410.0,399.35,0.01,6087204,0.8935
9751,355.0,398.75,0.01,6087840,0.6402
9752,365.0,397.15,0.01,6088480,0.7759
9753,330.0,397.3,0.01,6089043,0.3836
9754,495.0,396.5,0.01,6089898,0.5829
9755,385.0,397.35,0.01,6090535,0.6402
9756,365.0,396.9,0.01,6091080,0.2097
9757,495.0,395.3,0.01,6091918,1.8903
9758,800.0,400.4,0.01,6092878,1.0174
9759,545.0,400.7,0.01,6093674,1.0741
9760,380.0,400.65,0.01,6094314,1.1545
9761,235.0,398.9,0.01,6094791,3.0581
9762,285.0,398.15,0.01,6095270,0.9134
9763,355.0,399.05,0.01,6095898,0.7742
9764,350.0,398.35,0.01,6096531,0.4730
9765,440.0,400.15,0.01,6097081,0.8826
9766,460.0,401.65,0.01,6097817,0.7759
9767,430.0,401.25,0.01,6098460,0.9037
9768,515.0,400.05,0.01,6099347,1.4548
9769,340.0,396.95,0.01,6099918,1.0413
9770,330.0,398.2,0.01,6100455,3.4829
9771,470.0,399.55,0.01,6101106,3.0184
9772,230.0,399.7,0.01,6101515,0.6081
9773,540.0,400.6,0.01,6102181,0.7305
9774,340.0,401.85,0.01,6102825,0.6342
9775,200.0,399.25,0.01,6103224,1.8863
9776,235.0,397.05,0.01,6103636,0.5355
9777,485.0,397.5,0.01,6104410,0.3495
9778,300.0,393.45,0.01,6105045,0.9103
9779,315.0,394.45,0.01,6105685,0.8202
9780,230.0,391.9,0.01,6106347,1.2638
9781,250.0,389.4,0.01,6106815,1.2538
9782,415.0,390.45,0.01,6107475,1.9338
9783,390.0,390.45,0.01,6108074,0.6994
9784,180.0,385.4,0.01,6108503,0.9361
9785,515.0,384.7,0.01,6109334,1.0859
9786,80.0,381.45,0.01,6109616,0.5138
9787,185.0,378.9,0.01,6110078,0.2399
9788,415.0,379.2,0.01,6110677,0.5274
9789,320.0,377.4,0.01,6111353,2.8129
9790,325.0,377.8,0.01,6111946,0.8509
9791,425.0,375.4,0.01,6112569,0.3312
9792,265.0,374.9,0.01,6113069,0.8033
9793,635.0,379.35,0.01,6114068,0.4461
9794,210.0,377.6,0.01,6114563,0.6088
9795,550.0,380.65,0.01,6115221,1.3850
9796,665.0,384.2,0.01,6116135,0.3267
9797,380.0,384.15,0.01,6116748,0.9301
9798,480.0,382.95,0.01,6117625,0.4083
9799,440.0,384.15,0.01,6118275,2.0977
9800,255.0,382.9,0.01,6118670,1.9261
9801,400.0,381.65,0.01,6119301,3.4893
9802,270.0,380.4,0.01,6119841,0.5964
9803,515.0,381.35,0.01,6120702,2.2148
9804,350.0,379.4,0.01,6121312,0.5699
9805,285.0,379.15,0.01,6121910,0.9029
9806,265.0,377.2,0.01,6122363,1.1640
9807,250.0,376.0,0.01,6122869,1.0443
9808,195.0,373.8,0.01,6123323,1.0031
9809,105.0,371.75,0.01,6123611,1.5282
9810,325.0,372.35,0.01,6124149,0.6416
9811,370.0,371.75,0.01,6124772,0.4063
9812,225.0,369.6,0.01,6125326,0.6249
9813,295.0,369.4,0.01,6125907,1.1134
9814,200.0,367.2,0.01,6126353,0.7320
9815,330.0,366.15,0.01,6127169,1.0446
9816,310.0,364.55,0.01,6127808,1.0823
9817,315.0,364.8,0.01,6128317,0.4706
9818,525.0,365.25,0.01,6129322,0.4296
9819,350.0,365.75,0.01,6129899,1.0894
9820,335.0,365.2,0.01,6130416,0.6631
9821,480.0,366.5,0.01,6131198,0.3029
9822,425.0,362.75,0.01,6131814,0.7511
9823,345.0,362.2,0.01,6132318,0.8299
9824,480.0,364.3,0.01,6133092,0.9375
9825,575.0,366.9,0.01,6134118,0.5776
9826,325.0,367.35,0.01,6134707,0.5019
9827,320.0,366.05,0.01,6135179,1.8904
9828,175.0,364.1,0.01,6135624,0.5441
9829,250.0,363.1,0.01,6136133,0.8023
9830,525.0,365.75,0.01,6136969,1.5421
9831,330.0,365.2,0.01,6137609,1.7569
9832,355.0,363.8,0.01,6138164,2.9735
9833,300.0,363.15,0.01,6138712,0.8226
9834,500.0,366.2,0.01,6139469,0.5632
9835,325.0,365.05,0.01,6140026,1.4211
9836,340.0,363.8,0.01,6140594,1.2326
9837,375.0,363.55,0.01,6141272,0.6223
9838,440.0,363.55,0.01,6141912,2.5068
9839,335.0,363.35,0.01,6142483,1.2383
9840,465.0,366.1,0.01,6143340,0.6787
9841,335.0,363.8,0.01,6143906,0.7078
9842,495.0,365.55,0.01,6144806,0.5372
9843,835.0,369.05,0.01,6145814,1.1985
9844,405.0,369.15,0.01,6146467,2.0188
9845,240.0,368.7,0.01,6147049,0.6092
9846,440.0,370.05,0.01,6147911,0.7624
9847,500.0,370.0,0.01,6148656,1.1936
9848,395.0,371.95,0.01,6149253,0.7940
9849,155.0,370.7,0.01,6149747,0.5361
9850,435.0,370.95,0.01,6150356,1.6202
9851,350.0,370.9,0.01,6150882,2.4778
9852,650.0,373.75,0.01,6151660,0.3246
9853,320.0,373.65,0.01,6152401,0.5974
9854,410.0,372.8,0.01,6153116,1.5165
9855,290.0,371.85,0.01,6153770,1.1629
9856,460.0,372.8,0.01,6154411,0.4519
9857,285.0,370.7,0.01,6154953,3.7657
9858,515.0,367.85,0.01,6155812,0.7209
9859,335.0,365.75,0.01,6156362,1.2570
9860,375.0,365.7,0.01,6157042,1.1457
9861,655.0,369.9,0.01,6157867,0.9731
9862,435.0,371.4,0.01,6158709,0.6090
9863,290.0,370.75,0.01,6159248,0.6624
9864,370.0,370.95,0.01,6159909,2.4363
9865,380.0,370.35,0.01,6160504,0.3449
9866,695.0,372.7,0.01,6161184,0.3001
9867,125.0,369.65,0.01,6161464,0.7519
9868,385.0,368.35,0.01,6162070,0.6751
9869,390.0,368.85,0.01,6162665,1.0104
9870,425.0,369.8,0.01,6163315,1.1952
9871,395.0,369.05,0.01,6163899,0.5673
9872,390.0,370.65,0.01,6164570,0.5610
9873,470.0,369.95,0.01,6165396,1.2095
9874,275.0,369.3,0.01,6165944,0.6880
9875,350.0,370.8,0.01,6166590,1.1637
9876,635.0,374.8,0.01,6167382,0.9368
9877,280.0,372.75,0.01,6167958,0.7782
9878,395.0,373.7,0.01,6168551,1.2611
9879,325.0,373.8,0.01,6169126,1.8542
9880,155.0,373.05,0.01,6169613,0.2539
9881,335.0,373.9,0.01,6170281,0.6458
9882,480.0,374.55,0.01,6171051,1.2532
9883,470.0,375.35,0.01,6171988,0.8072
9884,340.0,376.95,0.01,6172514,0.5470
9885,250.0,374.3,0.01,6172922,0.7547
9886,535.0,378.85,0.01,6173599,0.7767
9887,200.0,379.0,0.01,6174017,0.6507
9888,330.0,378.15,0.01,6174635,1.1921
9889,345.0,378.4,0.01,6175217,0.4542
9890,520.0,380.35,0.01,6175896,0.9227
9891,395.0,380.05,0.01,6176629,1.6432
9892,890.0,386.3,0.01,6177668,0.9289
9893,285.0,382.8,0.01,6178361,0.4375
9894,500.0,385.7,0.01,6179263,7.5115
9895,240.0,382.6,0.01,6179937,0.5171
9896,450.0,380.45,0.01,6180707,2.9152
9897,720.0,383.85,0.01,6181489,0.6318
9898,450.0,383.55,0.01,6182142,0.5185
9899,200.0,381.15,0.01,6182575,0.4779
9900,305.0,381.65,0.01,6183189,0.8355
9901,370.0,381.35,0.01,6183712,2.6983
9902,425.0,382.9,0.01,6184362,1.0401
9903,390.0,381.65,0.01,6185195,0.5544
9904,195.0,380.1,0.01,6185737,1.4102
9905,390.0,381.15,0.01,6186273,0.5576
9906,315.0,381.65,0.01,6186907,1.5961
9907,415.0,383.3,0.01,6187551,0.5405
9908,250.0,383.85,0.01,6188207,0.5639
9909,360.0,386.4,0.01,6188832,0.6445
9910,510.0,388.25,0.01,6189431,0.5249
9911,350.0,388.05,0.01,6190144,1.0946
9912,440.0,390.2,0.01,6190779,0.7303
9913,475.0,392.0,0.01,6191540,0.7025
9914,365.0,393.65,0.01,6192133,1.2112
9915,355.0,393.9,0.01,6192729,0.5840
9916,230.0,393.1,0.01,6193463,1.7430
9917,390.0,393.85,0.01,6194048,0.5669
9918,290.0,391.5,0.01,6194632,2.5508
9919,180.0,389.8,0.01,6195067,0.6510
9920,490.0,391.35,0.01,6195814,1.1890
9921,290.0,389.45,0.01,6196280,0.7339
9922,615.0,391.35,0.01,6196979,0.7347
9923,405.0,391.95,0.01,6197602,0.7686
9924,235.0,389.5,0.01,6198059,0.5599
9925,340.0,387.15,0.01,6198704,0.4899
9926,525.0,389.15,0.01,6199347,0.4725
9927,240.0,388.35,0.01,6199788,0.6844
9928,335.0,389.95,0.01,6200583,0.8494
9929,365.0,391.1,0.01,6201164,6.5094
9930,350.0,389.35,0.01,6201792,0.4181
9931,470.0,390.75,0.01,6202751,0.9778
9932,330.0,390.5,0.01,6203344,1.7603
9933,355.0,391.05,0.01,6203981,1.5069
9934,525.0,391.3,0.01,6204816,0.7650
9935,305.0,391.1,0.01,6205356,2.6771
9936,325.0,390.95,0.01,6205983,1.2303
9937,385.0,391.05,0.01,6206581,0.5719
9938,285.0,389.5,0.01,6207052,3.3185
9939,320.0,389.35,0.01,6207680,1.6840
9940,230.0,387.0,0.01,6208435,1.0069
9941,400.0,387.65,0.01,6209070,1.2156
9942,180.0,384.5,0.01,6209406,1.1129
9943,150.0,377.65,0.01,6210043,2.4947
9944,460.0,378.2,0.01,6210710,1.0196
9945,400.0,379.8,0.01,6211364,1.3905
9946,320.0,378.6,0.01,6212021,0.5236
9947,385.0,377.45,0.01,6212667,0.8318
9948,455.0,378.05,0.01,6213490,0.6465
9949,610.0,382.6,0.01,6214150,0.5159
9950,335.0,381.6,0.01,6214729,0.9355
9951,545.0,383.55,0.01,6215613,0.5346
9952,310.0,380.15,0.01,6216158,0.8478
9953,320.0,380.15,0.01,6216694,0.4328
9954,465.0,380.7,0.01,6217539,2.6784
9955,375.0,381.55,0.01,6218170,0.6977
9956,385.0,380.8,0.01,6218700,4.1048
9957,440.0,382.35,0.01,6219378,1.8878
9958,420.0,381.4,0.01,6220041,1.0977
9959,615.0,384.2,0.01,6220887,1.1837
9960,260.0,383.05,0.01,6221337,0.5562
9961,520.0,381.7,0.01,6222075,2.6065
9962,290.0,380.25,0.01,6222657,0.8967
9963,380.0,381.15,0.01,6223202,0.9805
9964,355.0,381.0,0.01,6223789,0.2564
9965,405.0,381.25,0.01,6224407,0.4795
9966,375.0,378.05,0.01,6225317,0.6880
9967,310.0,379.9,0.01,6225854,0.7669
9968,440.0,380.45,0.01,6226425,1.1376
9969,560.0,382.15,0.01,6227011,3.6435
9970,495.0,382.85,0.01,6227825,0.5482
9971,405.0,382.95,0.01,6228506,0.6066
9972,250.0,381.55,0.01,6229143,0.2138
9973,190.0,378.75,0.01,6229684,0.6606
9974,460.0,380.6,0.01,6230517,0.5426
9975,530.0,382.4,0.01,6231395,0.6300
9976,470.0,380.75,0.01,6232072,2.1496
9977,570.0,383.65,0.01,6232786,0.5854
9978,435.0,384.05,0.01,6233775,0.4697
9979,305.0,383.85,0.01,6234427,1.2547
9980,555.0,387.85,0.01,6235405,1.4914
9981,395.0,388.45,0.01,6236116,0.4331
9982,300.0,386.65,0.01,6236610,1.0746
9983,435.0,386.3,0.01,6237391,0.5041
9984,345.0,386.35,0.01,6237998,0.5726
9985,440.0,388.25,0.01,6238748,1.5061
9986,405.0,386.95,0.01,6239378,0.4771
9987,395.0,388.9,0.01,6239986,0.7282
9988,480.0,390.4,0.01,6240803,0.4377
9989,495.0,391.9,0.01,6241341,0.4778
9990,570.0,392.4,0.01,6242120,1.8711
9991,495.0,393.4,0.01,6242709,1.2013
9992,325.0,387.75,0.01,6243308,2.1918
9993,420.0,389.1,0.01,6243960,1.3029
9994,300.0,387.1,0.01,6244623,0.4315
9995,535.0,390.05,0.01,6245238,0.8567
9996,350.0,389.05,0.01,6246290,0.9714
9997,465.0,386.5,0.01,6246947,3.2986
9998,270.0,384.7,0.01,6247631,0.7820
9999,495.0,387.65,0.01,6248439,1.8245
10000,305.0,387.65,0.01,6249000,0.8300
