episode,score,clipped_reward,average_score,epsilon,steps,loss
1,465.0,18.0,465.0,1.0000,956,N/A
2,110.0,7.0,287.5,0.9999,1343,N/A
3,180.0,11.0,251.7,0.9998,1857,N/A
4,535.0,22.0,322.5,0.9997,2757,N/A
5,370.0,25.0,332.0,0.9996,3698,N/A
6,315.0,9.0,329.2,0.9995,4243,N/A
7,85.0,6.0,294.3,0.9994,4616,N/A
8,60.0,4.0,265.0,0.9993,5071,N/A
9,65.0,6.0,242.8,0.9992,5373,N/A
10,155.0,10.0,234.0,0.9991,5832,N/A
11,425.0,14.0,251.4,0.9991,6499,N/A
12,110.0,7.0,239.6,0.9990,6834,N/A
13,85.0,6.0,227.7,0.9989,7180,N/A
14,210.0,12.0,226.4,0.9988,7771,N/A
15,410.0,13.0,238.7,0.9987,8386,N/A
16,205.0,14.0,236.6,0.9986,9304,N/A
17,90.0,5.0,227.9,0.9985,9765,N/A
18,320.0,19.0,233.1,0.9984,10738,0.042657
19,210.0,12.0,231.8,0.9983,11359,0.007556
20,180.0,11.0,229.2,0.9982,11812,0.001340
21,105.0,6.0,223.3,0.9981,12288,0.001142
22,55.0,4.0,215.7,0.9980,12661,0.001848
23,135.0,9.0,212.2,0.9979,13129,0.020778
24,30.0,3.0,204.6,0.9978,13397,0.000850
25,210.0,12.0,204.8,0.9977,14088,0.001007
26,90.0,7.0,200.4,0.9976,14416,0.014476
27,80.0,7.0,195.9,0.9975,14876,0.014703
28,225.0,13.0,197.0,0.9974,15573,0.000708
29,105.0,6.0,193.8,0.9973,16045,0.020208
30,135.0,7.0,191.8,0.9973,16617,0.012173
31,695.0,22.0,208.1,0.9972,17484,0.001159
32,155.0,10.0,206.4,0.9971,18079,0.003577
33,110.0,9.0,203.5,0.9970,18447,0.000815
34,155.0,10.0,202.1,0.9969,18934,0.004262
35,100.0,10.0,199.1,0.9968,19430,0.002199
36,275.0,18.0,201.2,0.9967,20208,0.003834
37,5.0,1.0,195.9,0.9966,20462,0.004349
38,35.0,4.0,191.7,0.9965,20739,0.010123
39,150.0,9.0,190.6,0.9964,21331,0.001099
40,135.0,9.0,189.2,0.9963,21779,0.001165
41,105.0,6.0,187.2,0.9962,22293,0.001539
42,120.0,8.0,185.6,0.9961,22706,0.004632
43,105.0,6.0,183.7,0.9960,23204,0.001539
44,85.0,7.0,181.5,0.9959,23684,0.001901
45,75.0,5.0,179.1,0.9958,23981,0.002512
46,220.0,14.0,180.0,0.9957,24728,0.000906
47,135.0,9.0,179.0,0.9956,25174,0.001306
48,155.0,10.0,178.5,0.9955,25777,0.002207
49,105.0,8.0,177.0,0.9955,26164,0.001279
50,335.0,21.0,180.2,0.9954,27310,0.001471
51,120.0,8.0,179.0,0.9953,28150,0.001314
52,105.0,6.0,177.6,0.9952,28621,0.004218
53,155.0,10.0,177.2,0.9951,29135,0.001261
54,120.0,8.0,176.1,0.9950,29601,0.000523
55,50.0,4.0,173.8,0.9949,29864,0.000520
56,440.0,16.0,178.6,0.9948,30929,0.001403
57,90.0,9.0,177.0,0.9947,31463,0.002084
58,120.0,8.0,176.0,0.9946,31967,0.004413
59,135.0,9.0,175.3,0.9945,32556,0.002199
60,155.0,10.0,175.0,0.9944,33009,0.002648
61,125.0,9.0,174.2,0.9943,33369,0.002540
62,195.0,13.0,174.5,0.9942,33857,0.001071
63,410.0,13.0,178.3,0.9941,34739,0.001380
64,155.0,10.0,177.9,0.9940,35319,0.002014
65,130.0,7.0,177.2,0.9939,35801,0.001160
66,55.0,4.0,175.3,0.9938,36109,0.011832
67,195.0,13.0,175.6,0.9937,36622,0.002595
68,65.0,6.0,174.0,0.9937,37024,0.000320
69,95.0,8.0,172.8,0.9936,37564,0.001490
70,35.0,4.0,170.9,0.9935,37912,0.000660
71,155.0,10.0,170.6,0.9934,38501,0.008596
72,55.0,5.0,169.0,0.9933,38904,0.001710
73,260.0,16.0,170.3,0.9932,39925,0.000941
74,110.0,7.0,169.5,0.9931,40413,0.002453
75,60.0,6.0,168.0,0.9930,40828,0.012824
76,180.0,11.0,168.2,0.9929,41345,0.004017
77,80.0,6.0,167.0,0.9928,41854,0.004040
78,125.0,9.0,166.5,0.9927,42328,0.001310
79,90.0,7.0,165.5,0.9926,42793,0.002465
80,75.0,6.0,164.4,0.9925,43100,0.001264
81,230.0,15.0,165.2,0.9924,43768,0.002302
82,110.0,8.0,164.5,0.9923,44258,0.003309
83,75.0,5.0,163.4,0.9922,44681,0.001772
84,210.0,12.0,164.0,0.9921,45343,0.002385
85,125.0,9.0,163.5,0.9920,45717,0.001504
86,65.0,6.0,162.4,0.9919,46163,0.002653
87,180.0,11.0,162.6,0.9919,46761,0.001504
88,80.0,6.0,161.6,0.9918,47198,0.000610
89,120.0,8.0,161.2,0.9917,47684,0.001041
90,75.0,5.0,160.2,0.9916,47994,0.002357
91,155.0,10.0,160.2,0.9915,48512,0.001299
92,55.0,5.0,159.0,0.9914,48803,0.002011
93,60.0,6.0,158.0,0.9913,49104,0.002013
94,120.0,8.0,157.6,0.9912,49660,0.000687
95,120.0,8.0,157.2,0.9911,50052,0.003083
96,135.0,9.0,156.9,0.9910,50597,0.003090
97,30.0,4.0,155.6,0.9909,50904,0.006451
98,390.0,16.0,158.0,0.9908,51606,0.003200
99,155.0,10.0,158.0,0.9907,52133,0.003524
100,35.0,4.0,156.8,0.9906,52504,0.004115
101,120.0,8.0,153.3,0.9905,52986,0.003473
102,175.0,14.0,153.9,0.9904,53736,0.001259
103,410.0,13.0,156.2,0.9903,54707,0.001621
104,60.0,7.0,151.5,0.9902,55280,0.001515
105,85.0,7.0,148.7,0.9901,55570,0.002994
106,55.0,5.0,146.1,0.9901,55987,0.002888
107,135.0,9.0,146.6,0.9900,56448,0.001703
108,170.0,13.0,147.7,0.9899,56926,0.017983
109,555.0,25.0,152.6,0.9898,57836,0.001569
110,80.0,7.0,151.8,0.9897,58224,0.002362
111,535.0,22.0,152.9,0.9896,59035,0.001479
112,170.0,12.0,153.5,0.9895,59876,0.004546
113,80.0,6.0,153.4,0.9894,60177,0.008008
114,185.0,13.0,153.2,0.9893,60849,0.004740
115,240.0,15.0,151.5,0.9892,61584,0.001982
116,165.0,14.0,151.1,0.9891,62325,0.001818
117,110.0,7.0,151.3,0.9890,62703,0.002647
118,30.0,3.0,148.4,0.9889,63003,0.007294
119,155.0,10.0,147.8,0.9888,63626,0.004586
120,70.0,6.0,146.8,0.9887,64113,0.001523
121,125.0,9.0,146.9,0.9886,64511,0.001916
122,65.0,6.0,147.1,0.9885,64848,0.006456
123,365.0,14.0,149.3,0.9884,65437,0.004295
124,315.0,13.0,152.2,0.9883,65967,0.001675
125,185.0,12.0,151.9,0.9883,66466,0.002922
126,30.0,3.0,151.3,0.9882,66756,0.003368
127,135.0,9.0,151.9,0.9881,67336,0.004662
128,135.0,9.0,151.0,0.9880,67753,0.001015
129,60.0,6.0,150.6,0.9879,68116,0.002100
130,385.0,16.0,153.1,0.9878,68839,0.001484
131,75.0,5.0,146.8,0.9877,69325,0.001299
132,105.0,6.0,146.3,0.9876,69828,0.001595
133,85.0,7.0,146.1,0.9875,70196,0.005239
134,80.0,6.0,145.3,0.9874,70662,0.002134
135,105.0,8.0,145.4,0.9873,71134,0.004325
136,55.0,5.0,143.2,0.9872,71502,0.001067
137,215.0,13.0,145.3,0.9871,72131,0.006233
138,180.0,11.0,146.8,0.9870,72746,0.003508
139,225.0,14.0,147.5,0.9869,73339,0.005039
140,275.0,18.0,148.9,0.9868,74014,0.001289
141,55.0,5.0,148.4,0.9867,74427,0.002616
142,110.0,7.0,148.3,0.9866,74871,0.003727
143,155.0,10.0,148.8,0.9865,75395,0.007567
144,110.0,9.0,149.1,0.9865,75910,0.003039
145,230.0,13.0,150.6,0.9864,76491,0.002727
146,215.0,14.0,150.6,0.9863,77224,0.004313
147,55.0,5.0,149.8,0.9862,77622,0.002229
148,300.0,19.0,151.2,0.9861,78377,0.002120
149,135.0,9.0,151.5,0.9860,78806,0.001629
150,165.0,12.0,149.8,0.9859,79354,0.006526
151,210.0,12.0,150.7,0.9858,79941,0.004235
152,20.0,3.0,149.8,0.9857,80273,0.024601
153,210.0,12.0,150.4,0.9856,80868,0.004796
154,135.0,9.0,150.6,0.9855,81349,0.005897
155,105.0,6.0,151.1,0.9854,81624,0.004196
156,150.0,12.0,148.2,0.9853,82274,0.009664
157,210.0,12.0,149.4,0.9852,82822,0.004141
158,20.0,3.0,148.4,0.9851,83219,0.002746
159,160.0,10.0,148.7,0.9850,83689,0.006017
160,195.0,13.0,149.1,0.9849,84246,0.002182
161,115.0,8.0,148.9,0.9848,84628,0.004363
162,155.0,10.0,148.6,0.9847,85084,0.001324
163,225.0,14.0,146.7,0.9847,85621,0.005447
164,110.0,7.0,146.2,0.9846,86109,0.002031
165,65.0,6.0,145.6,0.9845,86492,0.001728
166,120.0,8.0,146.2,0.9844,86964,0.003229
167,80.0,6.0,145.1,0.9843,87321,0.004039
168,210.0,12.0,146.6,0.9842,87821,0.003222
169,135.0,9.0,146.9,0.9841,88331,0.004723
170,80.0,8.0,147.4,0.9840,88956,0.004583
171,120.0,8.0,147.1,0.9839,89554,0.005275
172,120.0,8.0,147.7,0.9838,89975,0.007715
173,180.0,11.0,146.9,0.9837,90703,0.003130
174,45.0,5.0,146.2,0.9836,90967,0.004014
175,180.0,11.0,147.4,0.9835,91458,0.006261
176,195.0,13.0,147.6,0.9834,92093,0.008223
177,135.0,9.0,148.2,0.9833,92652,0.004368
178,135.0,11.0,148.2,0.9832,93318,0.003310
179,410.0,13.0,151.4,0.9831,93931,0.005584
180,210.0,12.0,152.8,0.9830,94448,0.002397
181,135.0,9.0,151.8,0.9829,95059,0.004669
182,155.0,10.0,152.3,0.9829,95538,0.032848
183,285.0,8.0,154.4,0.9828,96146,0.008670
184,515.0,19.0,157.4,0.9827,96926,0.019100
185,265.0,19.0,158.8,0.9826,97623,0.004315
186,225.0,14.0,160.4,0.9825,98292,0.006930
187,110.0,7.0,159.8,0.9824,98636,0.008279
188,65.0,6.0,159.6,0.9823,98944,0.003822
189,35.0,4.0,158.8,0.9822,99243,0.003159
190,55.0,5.0,158.6,0.9821,99738,0.005219
191,395.0,17.0,160.9,0.9820,100421,0.006566
192,145.0,9.0,161.8,0.9819,100941,0.027726
193,210.0,12.0,163.3,0.9818,101586,0.009207
194,195.0,15.0,164.1,0.9817,102283,0.011869
195,200.0,13.0,164.9,0.9816,102927,0.005561
196,135.0,9.0,164.9,0.9815,103426,0.006920
197,120.0,8.0,165.8,0.9814,103929,0.003677
198,135.0,9.0,163.2,0.9813,104311,0.005335
199,120.0,8.0,162.9,0.9812,104862,0.009132
200,260.0,16.0,165.2,0.9811,105478,0.008261
201,120.0,8.0,165.2,0.9811,105860,0.012645
202,180.0,11.0,165.2,0.9810,106478,0.004007
203,155.0,10.0,162.7,0.9809,106978,0.002795
204,105.0,8.0,163.1,0.9808,107370,0.015032
205,245.0,18.0,164.7,0.9807,108201,0.004246
206,85.0,7.0,165.0,0.9806,108650,0.005720
207,330.0,20.0,166.9,0.9805,109458,0.004712
208,285.0,17.0,168.1,0.9804,110471,0.011985
209,10.0,2.0,162.7,0.9803,110736,0.009403
210,150.0,8.0,163.3,0.9802,111299,0.018660
211,55.0,5.0,158.6,0.9801,111580,0.008475
212,20.0,3.0,157.1,0.9800,111994,0.012060
213,110.0,7.0,157.3,0.9799,112513,0.003767
214,195.0,13.0,157.4,0.9798,113076,0.010690
215,30.0,4.0,155.3,0.9797,113561,0.002190
216,180.0,11.0,155.5,0.9796,114117,0.006304
217,115.0,8.0,155.6,0.9795,114542,0.003597
218,110.0,7.0,156.3,0.9794,115042,0.005445
219,90.0,7.0,155.7,0.9793,115420,0.003810
220,215.0,13.0,157.2,0.9793,116423,0.003439
221,45.0,5.0,156.3,0.9792,116704,0.007485
222,180.0,11.0,157.5,0.9791,117289,0.015975
223,185.0,13.0,155.7,0.9790,117837,0.005200
224,120.0,8.0,153.8,0.9789,118355,0.007776
225,135.0,8.0,153.2,0.9788,118910,0.002822
226,120.0,8.0,154.2,0.9787,119431,0.023478
227,215.0,13.0,154.9,0.9786,120476,0.004583
228,105.0,8.0,154.7,0.9785,120905,0.005160
229,75.0,5.0,154.8,0.9784,121200,0.005923
230,270.0,16.0,153.7,0.9783,121872,0.006611
231,125.0,8.0,154.2,0.9782,122384,0.008676
232,30.0,3.0,153.4,0.9781,122770,0.018186
233,240.0,15.0,154.9,0.9780,123269,0.003146
234,215.0,16.0,156.3,0.9779,124130,0.017337
235,460.0,17.0,159.8,0.9778,124826,0.005351
236,240.0,15.0,161.7,0.9777,125458,0.010635
237,50.0,4.0,160.1,0.9776,125761,0.002935
238,45.0,5.0,158.7,0.9775,126078,0.006828
239,80.0,7.0,157.2,0.9775,126371,0.009341
240,440.0,16.0,158.9,0.9774,127019,0.007205
241,165.0,12.0,160.0,0.9773,127805,0.003843
242,345.0,21.0,162.3,0.9772,128498,0.007560
243,80.0,7.0,161.6,0.9771,128824,0.007941
244,155.0,10.0,162.1,0.9770,129368,0.004718
245,65.0,6.0,160.4,0.9769,129750,0.009294
246,105.0,9.0,159.3,0.9768,130048,0.010785
247,185.0,12.0,160.6,0.9767,130669,0.005266
248,135.0,10.0,158.9,0.9766,131304,0.011508
249,105.0,6.0,158.7,0.9765,131704,0.009955
250,150.0,11.0,158.5,0.9764,132453,0.033616
251,175.0,12.0,158.2,0.9763,133133,0.006093
252,215.0,13.0,160.1,0.9762,133760,0.004695
253,210.0,12.0,160.1,0.9761,134440,0.004813
254,80.0,7.0,159.6,0.9760,134774,0.005202
255,110.0,7.0,159.6,0.9759,135265,0.009650
256,285.0,17.0,160.9,0.9758,135962,0.005256
257,30.0,4.0,159.2,0.9757,136356,0.003498
258,55.0,5.0,159.5,0.9757,136827,0.009520
259,110.0,7.0,159.0,0.9756,137241,0.008550
260,120.0,8.0,158.2,0.9755,137707,0.007858
261,220.0,14.0,159.3,0.9754,138390,0.004512
262,350.0,10.0,161.2,0.9753,139071,0.004232
263,100.0,8.0,160.0,0.9752,139367,0.008886
264,180.0,11.0,160.7,0.9751,139842,0.013765
265,105.0,8.0,161.1,0.9750,140374,0.012959
266,440.0,16.0,164.3,0.9749,141225,0.003484
267,135.0,9.0,164.8,0.9748,141754,0.009510
268,105.0,8.0,163.8,0.9747,142205,0.003566
269,160.0,11.0,164.1,0.9746,142929,0.005279
270,80.0,6.0,164.1,0.9745,143240,0.008321
271,110.0,8.0,163.9,0.9744,143739,0.008680
272,110.0,7.0,163.8,0.9743,144042,0.003145
273,460.0,17.0,166.7,0.9742,145101,0.006228
274,50.0,6.0,166.7,0.9741,145449,0.008912
275,110.0,7.0,166.0,0.9740,146005,0.004787
276,70.0,5.0,164.8,0.9739,146293,0.007795
277,65.0,6.0,164.1,0.9739,146589,0.007278
278,120.0,8.0,163.9,0.9738,147116,0.005300
279,135.0,9.0,161.2,0.9737,147522,0.020454
280,80.0,6.0,159.8,0.9736,147821,0.007058
281,90.0,7.0,159.4,0.9735,148195,0.006278
282,120.0,10.0,159.1,0.9734,148678,0.010125
283,120.0,8.0,157.4,0.9733,149101,0.005404
284,315.0,20.0,155.4,0.9732,150026,0.013181
285,105.0,8.0,153.8,0.9731,150365,0.008981
286,160.0,10.0,153.2,0.9730,150856,0.012026
287,105.0,8.0,153.1,0.9729,151270,0.009143
288,20.0,3.0,152.7,0.9728,151629,0.008103
289,60.0,4.0,152.9,0.9727,152039,0.003526
290,110.0,7.0,153.4,0.9726,152528,0.010900
291,80.0,7.0,150.3,0.9725,152917,0.007476
292,340.0,10.0,152.2,0.9724,153425,0.007277
293,135.0,9.0,151.5,0.9723,153846,0.011561
294,155.0,10.0,151.1,0.9722,154218,0.009542
295,145.0,11.0,150.6,0.9721,154890,0.004926
296,60.0,6.0,149.8,0.9721,155253,0.010864
297,355.0,11.0,152.2,0.9720,155790,0.003572
298,335.0,21.0,154.2,0.9719,156674,0.003504
299,80.0,6.0,153.8,0.9718,157079,0.002345
300,40.0,4.0,151.6,0.9717,157537,0.007456
301,65.0,4.0,151.0,0.9716,157793,0.008839
302,225.0,14.0,151.4,0.9715,158601,0.009616
303,30.0,3.0,150.2,0.9714,158969,0.005461
304,60.0,5.0,149.8,0.9713,159267,0.008477
305,155.0,10.0,148.8,0.9712,159802,0.003103
306,45.0,5.0,148.4,0.9711,160237,0.005334
307,135.0,9.0,146.5,0.9710,160623,0.030612
308,20.0,3.0,143.8,0.9709,161040,0.013342
309,60.0,4.0,144.3,0.9708,161514,0.008169
310,105.0,6.0,143.9,0.9707,161909,0.004627
311,90.0,7.0,144.2,0.9706,162374,0.006287
312,20.0,3.0,144.2,0.9705,162716,0.006165
313,145.0,9.0,144.6,0.9704,163250,0.006431
314,80.0,7.0,143.4,0.9703,163636,0.009899
315,65.0,6.0,143.8,0.9703,164070,0.012656
316,100.0,8.0,143.0,0.9702,164572,0.021358
317,225.0,14.0,144.1,0.9701,165241,0.024832
318,160.0,11.0,144.6,0.9700,165615,0.010339
319,50.0,4.0,144.2,0.9699,166004,0.006210
320,120.0,7.0,143.2,0.9698,166367,0.003415
321,365.0,22.0,146.4,0.9697,167200,0.004481
322,180.0,11.0,146.4,0.9696,167793,0.007251
323,125.0,9.0,145.8,0.9695,168360,0.004706
324,165.0,10.0,146.3,0.9694,168937,0.005468
325,20.0,3.0,145.2,0.9693,169212,0.004021
326,60.0,6.0,144.6,0.9692,169616,0.003194
327,60.0,6.0,143.0,0.9691,169929,0.004830
328,15.0,2.0,142.1,0.9690,170304,0.012269
329,455.0,17.0,145.9,0.9689,171011,0.014555
330,105.0,8.0,144.2,0.9688,171302,0.013229
331,105.0,8.0,144.1,0.9687,171693,0.009590
332,75.0,5.0,144.5,0.9686,172156,0.009311
333,210.0,12.0,144.2,0.9685,172771,0.008210
334,140.0,8.0,143.4,0.9685,173244,0.012564
335,150.0,10.0,140.3,0.9684,173696,0.008667
336,330.0,20.0,141.2,0.9683,174441,0.004609
337,230.0,15.0,143.1,0.9682,175276,0.010435
338,125.0,9.0,143.8,0.9681,175694,0.018787
339,135.0,9.0,144.4,0.9680,176200,0.005332
340,125.0,9.0,141.2,0.9679,176669,0.007863
341,105.0,6.0,140.7,0.9678,177123,0.003616
342,120.0,8.0,138.4,0.9677,177593,0.006416
343,105.0,6.0,138.7,0.9676,177960,0.010178
344,255.0,20.0,139.7,0.9675,178690,0.023406
345,110.0,7.0,140.1,0.9674,179134,0.004260
346,120.0,7.0,140.2,0.9673,179576,0.008007
347,240.0,15.0,140.8,0.9672,180256,0.012902
348,45.0,4.0,139.9,0.9671,180542,0.058031
349,20.0,3.0,139.1,0.9670,180909,0.006200
350,110.0,8.0,138.7,0.9669,181437,0.005208
351,120.0,8.0,138.1,0.9668,182007,0.012646
352,120.0,8.0,137.2,0.9667,182434,0.010352
353,80.0,7.0,135.8,0.9667,182733,0.011218
354,30.0,4.0,135.3,0.9666,183118,0.006939
355,110.0,7.0,135.3,0.9665,183562,0.008899
356,180.0,11.0,134.3,0.9664,184073,0.009381
357,135.0,9.0,135.3,0.9663,184520,0.006743
358,80.0,7.0,135.6,0.9662,185040,0.025029
359,105.0,6.0,135.6,0.9661,185539,0.006805
360,135.0,9.0,135.7,0.9660,186000,0.008448
361,155.0,11.0,135.1,0.9659,186595,0.007332
362,310.0,18.0,134.7,0.9658,187400,0.005057
363,135.0,9.0,135.0,0.9657,187855,0.005612
364,180.0,14.0,135.0,0.9656,188464,0.005275
365,125.0,12.0,135.2,0.9655,189108,0.007750
366,60.0,6.0,131.4,0.9654,189495,0.005205
367,330.0,23.0,133.3,0.9653,190271,0.006671
368,80.0,7.0,133.1,0.9652,190642,0.016376
369,45.0,5.0,131.9,0.9651,190940,0.012165
370,30.0,4.0,131.4,0.9650,191291,0.014344
371,210.0,12.0,132.4,0.9649,191849,0.044446
372,180.0,11.0,133.2,0.9649,192563,0.015022
373,105.0,6.0,129.6,0.9648,193026,0.016472
374,180.0,11.0,130.9,0.9647,193564,0.004867
375,155.0,10.0,131.3,0.9646,194032,0.010534
376,210.0,14.0,132.8,0.9645,194777,0.004630
377,55.0,5.0,132.7,0.9644,195070,0.006483
378,50.0,4.0,131.9,0.9643,195384,0.007149
379,200.0,13.0,132.6,0.9642,196055,0.006984
380,50.0,6.0,132.3,0.9641,196502,0.010939
381,60.0,6.0,132.0,0.9640,196902,0.011555
382,110.0,7.0,131.9,0.9639,197416,0.004686
383,65.0,6.0,131.3,0.9638,197782,0.005779
384,135.0,9.0,129.6,0.9637,198336,0.020115
385,135.0,9.0,129.8,0.9636,198921,0.004446
386,240.0,14.0,130.7,0.9635,199627,0.003823
387,110.0,7.0,130.7,0.9634,200059,0.015599
388,135.0,12.0,131.8,0.9633,200553,0.008783
389,55.0,5.0,131.8,0.9632,200835,0.008837
390,75.0,5.0,131.4,0.9631,201137,0.011655
391,35.0,4.0,131.0,0.9631,201507,0.013156
392,35.0,4.0,128.0,0.9630,201816,0.007719
393,210.0,12.0,128.7,0.9629,202420,0.009226
394,230.0,15.0,129.4,0.9628,203014,0.013950
395,155.0,10.0,129.6,0.9627,203468,0.006223
396,75.0,5.0,129.7,0.9626,203760,0.009291
397,20.0,3.0,126.3,0.9625,204066,0.016004
398,125.0,9.0,124.2,0.9624,204479,0.006056
399,95.0,7.0,124.4,0.9623,204833,0.005222
400,110.0,7.0,125.1,0.9622,205292,0.015889
401,70.0,6.0,125.2,0.9621,205622,0.006004
402,80.0,6.0,123.7,0.9620,206068,0.006061
403,595.0,15.0,129.3,0.9619,206908,0.007955
404,135.0,9.0,130.1,0.9618,207497,0.005552
405,95.0,7.0,129.5,0.9617,207964,0.002841
406,135.0,10.0,130.4,0.9616,208438,0.019443
407,105.0,6.0,130.1,0.9615,208914,0.004895
408,70.0,6.0,130.6,0.9614,209188,0.005941
409,320.0,9.0,133.2,0.9613,209754,0.010068
410,105.0,6.0,133.2,0.9613,210293,0.005992
411,150.0,10.0,133.8,0.9612,210842,0.008078
412,155.0,10.0,135.2,0.9611,211333,0.005244
413,85.0,6.0,134.6,0.9610,211716,0.013711
414,165.0,11.0,135.4,0.9609,212223,0.007704
415,95.0,8.0,135.7,0.9608,212707,0.010850
416,115.0,7.0,135.8,0.9607,213174,0.005673
417,115.0,8.0,134.8,0.9606,213590,0.013413
418,135.0,9.0,134.5,0.9605,213998,0.009466
419,80.0,6.0,134.8,0.9604,214404,0.015977
420,230.0,14.0,135.9,0.9603,215027,0.010484
421,260.0,18.0,134.8,0.9602,215694,0.010996
422,290.0,17.0,135.9,0.9601,216392,0.007808
423,195.0,16.0,136.7,0.9600,217021,0.009448
424,135.0,9.0,136.3,0.9599,217757,0.007994
425,135.0,9.0,137.5,0.9598,218154,0.020214
426,185.0,12.0,138.8,0.9597,218949,0.005464
427,160.0,11.0,139.8,0.9596,219533,0.005466
428,135.0,9.0,140.9,0.9595,220021,0.011072
429,105.0,9.0,137.4,0.9595,220538,0.008240
430,80.0,6.0,137.2,0.9594,221014,0.006863
431,225.0,14.0,138.4,0.9593,221625,0.040200
432,105.0,8.0,138.7,0.9592,222092,0.004622
433,35.0,3.0,136.9,0.9591,222507,0.010449
434,60.0,6.0,136.2,0.9590,222859,0.006714
435,260.0,16.0,137.2,0.9589,223577,0.007426
436,35.0,3.0,134.3,0.9588,223974,0.006981
437,155.0,10.0,133.6,0.9587,224501,0.011987
438,105.0,8.0,133.3,0.9586,224945,0.017593
439,180.0,11.0,133.8,0.9585,225541,0.003782
440,110.0,7.0,133.7,0.9584,226051,0.003934
441,65.0,6.0,133.2,0.9583,226342,0.006109
442,80.0,7.0,132.8,0.9582,226697,0.034215
443,75.0,5.0,132.6,0.9581,227061,0.008247
444,155.0,10.0,131.6,0.9580,227630,0.009119
445,155.0,10.0,132.0,0.9579,228141,0.007997
446,55.0,5.0,131.3,0.9578,228427,0.007259
447,105.0,8.0,130.0,0.9577,228966,0.008020
448,60.0,6.0,130.2,0.9577,229333,0.007616
449,45.0,5.0,130.4,0.9576,229790,0.006263
450,185.0,12.0,131.2,0.9575,230369,0.009975
451,95.0,8.0,130.9,0.9574,230716,0.016688
452,225.0,14.0,131.9,0.9573,231757,0.012466
453,295.0,19.0,134.1,0.9572,232574,0.005005
454,160.0,11.0,135.4,0.9571,233111,0.011817
455,755.0,34.0,141.8,0.9570,234246,0.008047
456,90.0,7.0,140.9,0.9569,234627,0.009749
457,430.0,16.0,143.9,0.9568,235292,0.009216
458,120.0,8.0,144.3,0.9567,235741,0.005985
459,155.0,10.0,144.8,0.9566,236121,0.012110
460,125.0,9.0,144.7,0.9565,236561,0.014592
461,65.0,6.0,143.8,0.9564,237023,0.011984
462,110.0,8.0,141.8,0.9563,237373,0.008130
463,55.0,5.0,141.0,0.9562,237712,0.012210
464,105.0,8.0,140.2,0.9561,238107,0.007876
465,245.0,15.0,141.4,0.9560,238847,0.009763
466,55.0,4.0,141.4,0.9559,239185,0.007446
467,255.0,16.0,140.7,0.9559,239702,0.017326
468,180.0,11.0,141.7,0.9558,240247,0.009622
469,340.0,21.0,144.6,0.9557,241117,0.007496
470,100.0,8.0,145.3,0.9556,241501,0.043807
471,295.0,18.0,146.2,0.9555,242240,0.009890
472,135.0,9.0,145.7,0.9554,242749,0.004988
473,120.0,10.0,145.8,0.9553,243239,0.013206
474,50.0,4.0,144.6,0.9552,243582,0.003947
475,380.0,12.0,146.8,0.9551,244411,0.004881
476,110.0,7.0,145.8,0.9550,244868,0.011102
477,420.0,16.0,149.4,0.9549,245501,0.016090
478,70.0,5.0,149.7,0.9548,245856,0.004334
479,105.0,6.0,148.7,0.9547,246225,0.012099
480,155.0,10.0,149.8,0.9546,246778,0.009547
481,15.0,2.0,149.3,0.9545,247077,0.020880
482,65.0,6.0,148.8,0.9544,247381,0.056457
483,255.0,18.0,150.8,0.9543,248272,0.043897
484,50.0,4.0,149.9,0.9542,248659,0.008232
485,55.0,5.0,149.1,0.9541,248966,0.004370
486,185.0,11.0,148.6,0.9541,249521,0.007729
487,180.0,11.0,149.2,0.9540,250239,0.006667
488,210.0,12.0,150.0,0.9539,250675,0.011448
489,90.0,7.0,150.3,0.9538,251104,0.011240
490,110.0,7.0,150.7,0.9537,251606,0.013537
491,65.0,6.0,151.0,0.9536,251961,0.005352
492,355.0,12.0,154.2,0.9535,252845,0.012529
493,40.0,4.0,152.5,0.9534,253276,0.013114
494,155.0,10.0,151.8,0.9533,253784,0.008941
495,25.0,4.0,150.4,0.9532,254218,0.021246
496,120.0,8.0,150.9,0.9531,254678,0.006067
497,70.0,6.0,151.4,0.9530,254986,0.010673
498,95.0,7.0,151.1,0.9529,255322,0.008695
499,45.0,5.0,150.6,0.9528,255621,0.007491
500,110.0,7.0,150.6,0.9527,256012,0.005444
501,160.0,12.0,151.5,0.9526,256560,0.006321
502,150.0,10.0,152.2,0.9525,257014,0.009637
503,35.0,4.0,146.6,0.9524,257310,0.005620
504,125.0,9.0,146.5,0.9523,257908,0.008515
505,80.0,6.0,146.3,0.9523,258258,0.004710
506,180.0,15.0,146.8,0.9522,258811,0.007678
507,215.0,12.0,147.9,0.9521,259387,0.005645
508,180.0,11.0,149.0,0.9520,259853,0.039523
509,120.0,8.0,147.0,0.9519,260280,0.010736
510,80.0,7.0,146.8,0.9518,260573,0.024976
511,120.0,8.0,146.4,0.9517,261041,0.014788
512,375.0,25.0,148.7,0.9516,261935,0.008939
513,135.0,9.0,149.2,0.9515,262518,0.017040
514,545.0,22.0,152.9,0.9514,263420,0.010467
515,190.0,13.0,153.9,0.9513,263895,0.007600
516,265.0,16.0,155.4,0.9512,264598,0.013889
517,210.0,12.0,156.3,0.9511,265118,0.012604
518,195.0,13.0,156.9,0.9510,266016,0.009301
519,50.0,5.0,156.7,0.9509,266393,0.012645
520,140.0,9.0,155.8,0.9508,266870,0.006982
521,225.0,14.0,155.4,0.9507,267464,0.028894
522,225.0,17.0,154.8,0.9506,268106,0.005623
523,100.0,8.0,153.8,0.9505,268503,0.009155
524,105.0,6.0,153.5,0.9505,268873,0.004405
525,190.0,14.0,154.1,0.9504,269709,0.057454
526,135.0,9.0,153.6,0.9503,270129,0.028780
527,80.0,6.0,152.8,0.9502,270545,0.006482
528,125.0,9.0,152.7,0.9501,270980,0.047637
529,135.0,9.0,152.9,0.9500,271347,0.009435
530,215.0,14.0,154.3,0.9499,271986,0.053873
531,135.0,9.0,153.4,0.9498,272539,0.004886
532,110.0,7.0,153.4,0.9497,272975,0.006510
533,140.0,10.0,154.5,0.9496,273356,0.006376
534,40.0,3.0,154.3,0.9495,273606,0.003252
535,105.0,8.0,152.8,0.9494,274029,0.055506
536,90.0,7.0,153.3,0.9493,274416,0.009677
537,180.0,11.0,153.6,0.9492,274927,0.012070
538,180.0,11.0,154.3,0.9491,275496,0.009072
539,125.0,9.0,153.8,0.9490,275882,0.017351
540,110.0,7.0,153.8,0.9489,276456,0.006974
541,240.0,15.0,155.5,0.9488,277485,0.007897
542,110.0,7.0,155.8,0.9487,277978,0.008531
543,110.0,9.0,156.2,0.9487,278364,0.004414
544,235.0,15.0,156.9,0.9486,279225,0.006544
545,110.0,9.0,156.5,0.9485,279731,0.005062
546,110.0,8.0,157.1,0.9484,280187,0.007667
547,60.0,4.0,156.6,0.9483,280636,0.026365
548,785.0,27.0,163.8,0.9482,281763,0.043212
549,45.0,5.0,163.8,0.9481,282125,0.005912
550,105.0,6.0,163.1,0.9480,282515,0.019168
551,55.0,5.0,162.7,0.9479,282881,0.009858
552,125.0,9.0,161.7,0.9478,283366,0.004740
553,265.0,16.0,161.3,0.9477,284044,0.005645
554,395.0,24.0,163.7,0.9476,284913,0.008273
555,135.0,9.0,157.5,0.9475,285440,0.006297
556,415.0,14.0,160.8,0.9474,286362,0.005278
557,20.0,3.0,156.7,0.9473,286646,0.009017
558,105.0,6.0,156.5,0.9472,287080,0.008298
559,255.0,15.0,157.5,0.9471,287804,0.006883
560,60.0,3.0,156.8,0.9470,288212,0.004935
561,240.0,15.0,158.6,0.9469,288789,0.007128
562,105.0,6.0,158.6,0.9469,289247,0.012602
563,50.0,4.0,158.5,0.9468,289551,0.007683
564,105.0,8.0,158.5,0.9467,290053,0.011139
565,215.0,13.0,158.2,0.9466,290604,0.016707
566,180.0,11.0,159.4,0.9465,291191,0.009190
567,155.0,10.0,158.4,0.9464,291714,0.007526
568,120.0,8.0,157.8,0.9463,292237,0.014830
569,105.0,9.0,155.5,0.9462,292923,0.008654
570,215.0,13.0,156.7,0.9461,293536,0.012239
571,45.0,5.0,154.2,0.9460,293981,0.020531
572,255.0,17.0,155.3,0.9459,294630,0.054140
573,135.0,9.0,155.5,0.9458,295166,0.006324
574,355.0,11.0,158.6,0.9457,295642,0.003017
575,180.0,11.0,156.6,0.9456,296170,0.006123
576,150.0,10.0,156.9,0.9455,296540,0.010417
577,25.0,4.0,153.0,0.9454,296937,0.005023
578,80.0,7.0,153.1,0.9453,297321,0.012410
579,30.0,3.0,152.3,0.9452,297766,0.013762
580,65.0,6.0,151.4,0.9451,298139,0.014920
581,180.0,11.0,153.1,0.9451,298632,0.016222
582,60.0,5.0,153.1,0.9450,298921,0.005643
583,115.0,7.0,151.7,0.9449,299359,0.005291
584,130.0,9.0,152.4,0.9448,299755,0.017347
585,110.0,7.0,153.0,0.9447,300154,0.012482
586,210.0,12.0,153.2,0.9446,300570,0.007727
587,75.0,5.0,152.2,0.9445,300950,0.013229
588,90.0,7.0,151.0,0.9444,301313,0.017351
589,225.0,16.0,152.3,0.9443,301937,0.007296
590,210.0,14.0,153.3,0.9442,302543,0.010339
591,135.0,10.0,154.1,0.9441,303100,0.007327
592,120.0,8.0,151.7,0.9440,303606,0.011896
593,110.0,9.0,152.4,0.9439,304073,0.011011
594,235.0,14.0,153.2,0.9438,304670,0.008667
595,135.0,9.0,154.3,0.9437,305098,0.082153
596,325.0,9.0,156.3,0.9436,305682,0.017556
597,140.0,10.0,157.1,0.9435,306298,0.048173
598,125.0,9.0,157.3,0.9434,306665,0.009029
599,140.0,11.0,158.3,0.9433,307199,0.006270
600,110.0,7.0,158.3,0.9433,307656,0.005929
601,150.0,11.0,158.2,0.9432,308225,0.007892
602,80.0,6.0,157.5,0.9431,308704,0.011850
603,630.0,16.0,163.4,0.9430,309846,0.009932
604,50.0,5.0,162.7,0.9429,310232,0.013283
605,140.0,11.0,163.3,0.9428,310735,0.015475
606,210.0,12.0,163.6,0.9427,311327,0.009459
607,210.0,14.0,163.6,0.9426,311929,0.016664
608,110.0,7.0,162.8,0.9425,312439,0.045604
609,180.0,11.0,163.4,0.9424,312956,0.012948
610,145.0,9.0,164.1,0.9423,313513,0.012408
611,80.0,6.0,163.7,0.9422,314018,0.010966
612,50.0,5.0,160.4,0.9421,314295,0.008602
613,30.0,4.0,159.4,0.9420,314613,0.007219
614,100.0,8.0,154.9,0.9419,315093,0.058985
615,110.0,7.0,154.2,0.9418,315566,0.010199
616,165.0,10.0,153.2,0.9417,316009,0.010903
617,150.0,9.0,152.6,0.9416,316586,0.012400
618,55.0,5.0,151.2,0.9415,316885,0.013334
619,335.0,10.0,154.0,0.9415,317445,0.008719
620,185.0,12.0,154.4,0.9414,318025,0.007155
621,240.0,15.0,154.6,0.9413,318979,0.007428
622,225.0,16.0,154.6,0.9412,319680,0.009760
623,80.0,7.0,154.4,0.9411,320201,0.005601
624,30.0,3.0,153.7,0.9410,320461,0.036117
625,70.0,7.0,152.4,0.9409,320962,0.024726
626,90.0,7.0,152.0,0.9408,321257,0.032648
627,165.0,13.0,152.8,0.9407,321854,0.015469
628,135.0,9.0,152.9,0.9406,322387,0.014353
629,125.0,9.0,152.8,0.9405,323068,0.008333
630,135.0,9.0,152.1,0.9404,323473,0.027479
631,130.0,9.0,152.0,0.9403,323911,0.007240
632,35.0,5.0,151.2,0.9402,324390,0.010131
633,210.0,12.0,151.9,0.9401,324993,0.009092
634,110.0,7.0,152.7,0.9400,325428,0.013065
635,230.0,15.0,153.9,0.9399,326216,0.018458
636,25.0,4.0,153.2,0.9398,326709,0.012596
637,60.0,6.0,152.1,0.9397,327000,0.048416
638,125.0,9.0,151.5,0.9397,327501,0.004747
639,135.0,9.0,151.6,0.9396,327933,0.004397
640,115.0,8.0,151.7,0.9395,328312,0.007809
641,105.0,6.0,150.3,0.9394,328785,0.005797
642,165.0,13.0,150.8,0.9393,329453,0.007940
643,55.0,5.0,150.3,0.9392,329739,0.009450
644,35.0,4.0,148.3,0.9391,330140,0.011961
645,180.0,11.0,149.0,0.9390,330611,0.013429
646,120.0,7.0,149.1,0.9389,331148,0.009176
647,65.0,6.0,149.2,0.9388,331678,0.091893
648,30.0,3.0,141.6,0.9387,331928,0.009411
649,35.0,2.0,141.5,0.9386,332237,0.006612
650,335.0,21.0,143.8,0.9385,333045,0.012713
651,75.0,5.0,144.0,0.9384,333466,0.014782
652,90.0,7.0,143.7,0.9383,333863,0.063323
653,155.0,10.0,142.6,0.9382,334406,0.007920
654,385.0,12.0,142.4,0.9381,335024,0.009498
655,5.0,1.0,141.2,0.9380,335338,0.018493
656,155.0,10.0,138.6,0.9379,335782,0.007153
657,225.0,14.0,140.6,0.9379,336420,0.004058
658,60.0,6.0,140.2,0.9378,336829,0.015856
659,180.0,11.0,139.4,0.9377,337454,0.003520
660,65.0,6.0,139.4,0.9376,337917,0.014396
661,250.0,19.0,139.6,0.9375,338711,0.015448
662,155.0,10.0,140.1,0.9374,339235,0.016042
663,90.0,8.0,140.4,0.9373,339702,0.043327
664,80.0,6.0,140.2,0.9372,340133,0.015917
665,190.0,12.0,139.9,0.9371,340744,0.012011
666,40.0,5.0,138.6,0.9370,341120,0.008500
667,90.0,7.0,137.9,0.9369,341417,0.013949
668,165.0,10.0,138.3,0.9368,341940,0.007417
669,35.0,4.0,137.7,0.9367,342292,0.014503
670,155.0,10.0,137.1,0.9366,342772,0.009584
671,155.0,10.0,138.2,0.9365,343340,0.005858
672,185.0,15.0,137.4,0.9364,343982,0.003605
673,115.0,8.0,137.2,0.9363,344858,0.010403
674,190.0,14.0,135.6,0.9362,345453,0.005807
675,80.0,7.0,134.6,0.9361,345753,0.019566
676,215.0,13.0,135.2,0.9361,346411,0.008971
677,135.0,8.0,136.3,0.9360,346901,0.009972
678,145.0,9.0,137.0,0.9359,347294,0.003133
679,180.0,11.0,138.5,0.9358,347859,0.008529
680,240.0,15.0,140.2,0.9357,348494,0.008885
681,210.0,12.0,140.6,0.9356,348988,0.012201
682,65.0,6.0,140.6,0.9355,349338,0.094072
683,155.0,10.0,141.0,0.9354,349848,0.007185
684,155.0,10.0,141.2,0.9353,350338,0.010934
685,135.0,10.0,141.5,0.9352,350850,0.010922
686,55.0,5.0,139.9,0.9351,351145,0.019721
687,65.0,5.0,139.8,0.9350,351433,0.015770
688,80.0,7.0,139.8,0.9349,351961,0.011287
689,410.0,15.0,141.6,0.9348,352703,0.006606
690,215.0,13.0,141.7,0.9347,353402,0.006774
691,230.0,15.0,142.6,0.9346,354020,0.014389
692,165.0,12.0,143.1,0.9345,354516,0.031317
693,160.0,11.0,143.6,0.9344,355164,0.014635
694,150.0,11.0,142.7,0.9343,355636,0.014783
695,335.0,10.0,144.7,0.9343,356189,0.013936
696,200.0,14.0,143.4,0.9342,356892,0.010439
697,175.0,13.0,143.8,0.9341,357693,0.007226
698,90.0,7.0,143.4,0.9340,358059,0.010743
699,110.0,8.0,143.2,0.9339,358481,0.011006
700,110.0,7.0,143.2,0.9338,358947,0.010022
701,135.0,9.0,143.0,0.9337,359400,0.006765
702,35.0,4.0,142.6,0.9336,359734,0.011107
703,155.0,10.0,137.8,0.9335,360219,0.018812
704,155.0,10.0,138.8,0.9334,360748,0.027204
705,180.0,11.0,139.2,0.9333,361227,0.014631
706,50.0,4.0,137.7,0.9332,361580,0.008131
707,55.0,5.0,136.1,0.9331,361957,0.012524
708,55.0,5.0,135.6,0.9330,362500,0.005707
709,75.0,5.0,134.5,0.9329,362795,0.018124
710,20.0,3.0,133.2,0.9328,363145,0.008527
711,105.0,6.0,133.5,0.9327,363666,0.069915
712,210.0,14.0,135.1,0.9326,364195,0.015628
713,120.0,8.0,136.0,0.9325,364654,0.013336
714,105.0,6.0,136.1,0.9325,365037,0.007687
715,180.0,11.0,136.8,0.9324,365624,0.008711
716,85.0,7.0,135.9,0.9323,365919,0.010227
717,15.0,2.0,134.6,0.9322,366240,0.007958
718,85.0,7.0,134.9,0.9321,366640,0.007232
719,85.0,6.0,132.4,0.9320,366930,0.007140
720,135.0,9.0,131.9,0.9319,367342,0.006591
721,485.0,18.0,134.3,0.9318,368183,0.006992
722,210.0,12.0,134.2,0.9317,368795,0.019459
723,610.0,25.0,139.5,0.9316,369943,0.008751
724,185.0,12.0,141.1,0.9315,370610,0.009474
725,185.0,11.0,142.2,0.9314,371081,0.005288
726,75.0,5.0,142.1,0.9313,371425,0.012752
727,180.0,11.0,142.2,0.9312,371937,0.013671
728,190.0,14.0,142.8,0.9311,372605,0.010160
729,105.0,8.0,142.6,0.9310,372970,0.010030
730,155.0,10.0,142.8,0.9309,373438,0.013426
731,120.0,8.0,142.7,0.9308,373831,0.006535
732,50.0,4.0,142.8,0.9307,374214,0.004984
733,35.0,4.0,141.1,0.9307,374600,0.012252
734,335.0,21.0,143.3,0.9306,375440,0.006432
735,120.0,10.0,142.2,0.9305,375921,0.013342
736,35.0,4.0,142.3,0.9304,376210,0.042177
737,125.0,9.0,142.9,0.9303,376717,0.006606
738,175.0,12.0,143.4,0.9302,377264,0.059391
739,45.0,5.0,142.6,0.9301,377635,0.006821
740,200.0,16.0,143.4,0.9300,378338,0.069888
741,140.0,8.0,143.8,0.9299,378806,0.042423
742,15.0,1.0,142.2,0.9298,379105,0.009045
743,155.0,11.0,143.2,0.9297,379770,0.006860
744,120.0,11.0,144.1,0.9296,380291,0.018463
745,325.0,10.0,145.6,0.9295,381173,0.016373
746,185.0,11.0,146.2,0.9294,381675,0.011778
747,215.0,16.0,147.7,0.9293,382364,0.004866
748,60.0,6.0,148.0,0.9292,382817,0.015673
749,180.0,11.0,149.4,0.9291,383348,0.058532
750,105.0,8.0,147.2,0.9290,383771,0.060850
751,275.0,18.0,149.2,0.9289,384401,0.005611
752,410.0,13.0,152.3,0.9289,385082,0.005905
753,55.0,5.0,151.3,0.9288,385444,0.003776
754,155.0,10.0,149.1,0.9287,385873,0.006965
755,80.0,7.0,149.8,0.9286,386203,0.010226
756,195.0,13.0,150.2,0.9285,386848,0.011303
757,500.0,20.0,152.9,0.9284,387784,0.078945
758,75.0,5.0,153.1,0.9283,388078,0.006934
759,110.0,8.0,152.4,0.9282,388588,0.010924
760,95.0,8.0,152.7,0.9281,389231,0.011699
761,75.0,5.0,150.9,0.9280,389636,0.007274
762,185.0,13.0,151.2,0.9279,390255,0.035954
763,155.0,10.0,151.9,0.9278,390628,0.033831
764,325.0,10.0,154.3,0.9277,391173,0.009222
765,135.0,9.0,153.8,0.9276,391550,0.059680
766,110.0,7.0,154.5,0.9275,391972,0.019442
767,65.0,6.0,154.2,0.9274,392371,0.010390
768,20.0,3.0,152.8,0.9273,392691,0.004994
769,120.0,8.0,153.7,0.9272,393171,0.008007
770,125.0,9.0,153.3,0.9271,393556,0.006468
771,315.0,18.0,154.9,0.9271,394416,0.017793
772,120.0,8.0,154.3,0.9270,394708,0.035082
773,90.0,7.0,154.1,0.9269,395006,0.020881
774,135.0,9.0,153.5,0.9268,395459,0.005666
775,520.0,21.0,157.9,0.9267,396185,0.006609
776,155.0,10.0,157.3,0.9266,396648,0.011534
777,135.0,9.0,157.3,0.9265,397135,0.011390
778,80.0,6.0,156.7,0.9264,397518,0.012144
779,210.0,12.0,156.9,0.9263,398144,0.118523
780,240.0,16.0,156.9,0.9262,398927,0.005513
781,175.0,12.0,156.6,0.9261,399368,0.007314
782,215.0,13.0,158.1,0.9260,399883,0.004716
783,115.0,10.0,157.7,0.9259,400386,0.019586
784,345.0,21.0,159.6,0.9258,401445,0.044166
785,120.0,8.0,159.4,0.9257,402018,0.010667
786,180.0,13.0,160.7,0.9256,402587,0.070589
787,65.0,6.0,160.7,0.9255,402889,0.022668
788,110.0,7.0,161.0,0.9254,403279,0.008455
789,185.0,13.0,158.8,0.9253,403951,0.008775
790,90.0,7.0,157.5,0.9253,404327,0.021525
791,110.0,7.0,156.3,0.9252,404793,0.007100
792,190.0,11.0,156.6,0.9251,405399,0.006769
793,155.0,9.0,156.5,0.9250,405993,0.010618
794,180.0,11.0,156.8,0.9249,406582,0.010381
795,365.0,22.0,157.1,0.9248,407309,0.003373
796,50.0,4.0,155.6,0.9247,407603,0.008901
797,60.0,5.0,154.4,0.9246,407892,0.008160
798,410.0,27.0,157.7,0.9245,409087,0.006700
799,255.0,16.0,159.1,0.9244,409788,0.012011
800,105.0,8.0,159.1,0.9243,410201,0.077706
801,20.0,3.0,157.9,0.9242,410540,0.013880
802,125.0,9.0,158.8,0.9241,410928,0.015514
803,150.0,10.0,158.8,0.9240,411346,0.013956
804,130.0,10.0,158.5,0.9239,411880,0.008627
805,255.0,17.0,159.2,0.9238,412564,0.006849
806,110.0,9.0,159.8,0.9237,413087,0.009008
807,30.0,3.0,159.6,0.9236,413474,0.011941
808,95.0,9.0,160.0,0.9235,413985,0.009932
809,55.0,5.0,159.8,0.9235,414348,0.007055
810,170.0,11.0,161.3,0.9234,414882,0.008633
811,210.0,12.0,162.3,0.9233,415550,0.012741
812,155.0,12.0,161.8,0.9232,416045,0.013393
813,80.0,5.0,161.4,0.9231,416421,0.015887
814,350.0,11.0,163.8,0.9230,417021,0.014474
815,260.0,16.0,164.7,0.9229,417726,0.013851
816,115.0,8.0,164.9,0.9228,418203,0.020242
817,180.0,11.0,166.6,0.9227,418718,0.017847
818,215.0,14.0,167.9,0.9226,419396,0.024914
819,135.0,9.0,168.4,0.9225,419815,0.005013
820,70.0,7.0,167.8,0.9224,420191,0.019343
821,65.0,5.0,163.6,0.9223,420587,0.007213
822,250.0,17.0,163.9,0.9222,421156,0.025387
823,265.0,18.0,160.5,0.9221,421953,0.077454
824,110.0,7.0,159.8,0.9220,422445,0.005813
825,65.0,5.0,158.6,0.9219,422901,0.006621
826,560.0,23.0,163.4,0.9218,423711,0.075341
827,275.0,18.0,164.3,0.9217,424313,0.011583
828,110.0,7.0,163.6,0.9217,424621,0.013117
829,70.0,6.0,163.2,0.9216,424917,0.012710
830,30.0,3.0,161.9,0.9215,425193,0.014150
831,10.0,2.0,160.8,0.9214,425457,0.007660
832,45.0,5.0,160.8,0.9213,425757,0.010112
833,60.0,6.0,161.1,0.9212,426039,0.008511
834,55.0,5.0,158.2,0.9211,426423,0.017614
835,210.0,12.0,159.2,0.9210,426816,0.008709
836,50.0,4.0,159.3,0.9209,427122,0.007888
837,80.0,7.0,158.8,0.9208,427522,0.008699
838,135.0,9.0,158.4,0.9207,427962,0.006831
839,110.0,7.0,159.1,0.9206,428402,0.010007
840,175.0,13.0,158.8,0.9205,429315,0.008144
841,150.0,9.0,158.9,0.9204,429836,0.007009
842,260.0,16.0,161.4,0.9203,430529,0.020323
843,75.0,6.0,160.6,0.9202,430997,0.005382
844,105.0,6.0,160.4,0.9201,431462,0.128311
845,75.0,5.0,157.9,0.9200,431919,0.011802
846,30.0,4.0,156.4,0.9199,432286,0.010034
847,180.0,11.0,156.1,0.9199,432808,0.031854
848,180.0,11.0,157.2,0.9198,433306,0.014678
849,110.0,8.0,156.6,0.9197,433753,0.009630
850,255.0,16.0,158.1,0.9196,434460,0.008485
851,90.0,7.0,156.2,0.9195,434741,0.008811
852,80.0,7.0,152.9,0.9194,435033,0.014373
853,120.0,8.0,153.6,0.9193,435494,0.066747
854,215.0,14.0,154.2,0.9192,436219,0.007106
855,180.0,11.0,155.2,0.9191,436785,0.004635
856,365.0,24.0,156.8,0.9190,437794,0.009197
857,315.0,18.0,155.0,0.9189,438394,0.013271
858,35.0,3.0,154.6,0.9188,438674,0.011438
859,250.0,15.0,156.0,0.9187,439252,0.010316
860,240.0,15.0,157.4,0.9186,439928,0.021203
861,205.0,14.0,158.8,0.9185,440691,0.016461
862,215.0,13.0,159.1,0.9184,441271,0.075158
863,160.0,12.0,159.1,0.9183,441794,0.011592
864,45.0,5.0,156.3,0.9182,442189,0.085193
865,215.0,14.0,157.1,0.9181,442692,0.018314
866,165.0,12.0,157.7,0.9181,443166,0.013797
867,260.0,16.0,159.6,0.9180,443876,0.007573
868,55.0,5.0,159.9,0.9179,444319,0.010217
869,135.0,10.0,160.1,0.9178,444934,0.007977
870,85.0,6.0,159.7,0.9177,445215,0.014023
871,135.0,9.0,157.9,0.9176,445715,0.107977
872,225.0,14.0,158.9,0.9175,446352,0.015456
873,95.0,6.0,159.0,0.9174,446670,0.008231
874,135.0,9.0,159.0,0.9173,447137,0.009484
875,95.0,8.0,154.8,0.9172,447590,0.018429
876,80.0,6.0,154.0,0.9171,448003,0.011435
877,120.0,8.0,153.8,0.9170,448605,0.008423
878,160.0,11.0,154.7,0.9169,449025,0.038685
879,105.0,8.0,153.6,0.9168,449314,0.057890
880,90.0,7.0,152.1,0.9167,449789,0.011154
881,75.0,5.0,151.1,0.9166,450211,0.009844
882,20.0,3.0,149.2,0.9165,450481,0.018541
883,135.0,9.0,149.3,0.9164,451049,0.014873
884,65.0,6.0,146.6,0.9163,451334,0.031482
885,100.0,8.0,146.3,0.9163,451818,0.010922
886,120.0,8.0,145.8,0.9162,452270,0.020902
887,155.0,10.0,146.7,0.9161,452772,0.014698
888,185.0,11.0,147.4,0.9160,453307,0.013580
889,155.0,10.0,147.1,0.9159,453785,0.013008
890,120.0,11.0,147.4,0.9158,454205,0.015313
891,45.0,5.0,146.8,0.9157,454534,0.010852
892,165.0,11.0,146.5,0.9156,455119,0.008218
893,260.0,16.0,147.6,0.9155,455645,0.006788
894,440.0,16.0,150.2,0.9154,456378,0.009698
895,355.0,11.0,150.1,0.9153,456918,0.008333
896,225.0,15.0,151.8,0.9152,457514,0.007718
897,80.0,6.0,152.0,0.9151,457820,0.008999
898,180.0,11.0,149.7,0.9150,458259,0.012027
899,45.0,5.0,147.6,0.9149,458637,0.015577
900,155.0,10.0,148.1,0.9148,459039,0.010278
901,210.0,12.0,150.0,0.9147,459584,0.006408
902,80.0,7.0,149.6,0.9146,460049,0.009704
903,20.0,3.0,148.2,0.9145,460476,0.012843
904,150.0,11.0,148.4,0.9145,460984,0.034446
905,155.0,10.0,147.4,0.9144,461446,0.014979
906,45.0,5.0,146.8,0.9143,461725,0.008472
907,215.0,13.0,148.7,0.9142,462368,0.013981
908,240.0,15.0,150.1,0.9141,462988,0.008339
909,120.0,8.0,150.8,0.9140,463439,0.008997
910,110.0,8.0,150.2,0.9139,463813,0.011550
911,375.0,24.0,151.8,0.9138,464763,0.007328
912,135.0,9.0,151.6,0.9137,465185,0.008686
913,90.0,7.0,151.7,0.9136,465510,0.017682
914,155.0,10.0,149.8,0.9135,466227,0.006683
915,285.0,17.0,150.0,0.9134,467001,0.008019
916,45.0,5.0,149.3,0.9133,467441,0.007548
917,30.0,3.0,147.8,0.9132,467719,0.007172
918,135.0,9.0,147.0,0.9131,468200,0.010666
919,110.0,7.0,146.8,0.9130,468675,0.007189
920,120.0,8.0,147.2,0.9129,469196,0.003220
921,245.0,16.0,149.1,0.9128,469771,0.007004
922,135.0,9.0,147.9,0.9127,470302,0.015948
923,110.0,7.0,146.3,0.9127,470743,0.008239
924,10.0,2.0,145.3,0.9126,471163,0.014679
925,110.0,7.0,145.8,0.9125,471529,0.015474
926,140.0,11.0,141.6,0.9124,472018,0.018413
927,25.0,2.0,139.1,0.9123,472406,0.021150
928,230.0,15.0,140.3,0.9122,472904,0.013134
929,125.0,9.0,140.8,0.9121,473424,0.012741
930,240.0,16.0,142.9,0.9120,474089,0.006523
931,155.0,10.0,144.4,0.9119,474597,0.055616
932,210.0,12.0,146.1,0.9118,475191,0.008444
933,150.0,10.0,146.9,0.9117,475805,0.010117
934,190.0,14.0,148.3,0.9116,476446,0.009572
935,75.0,6.0,146.9,0.9115,476794,0.018730
936,160.0,9.0,148.1,0.9114,477516,0.017814
937,135.0,9.0,148.6,0.9113,477978,0.007222
938,105.0,8.0,148.3,0.9112,478343,0.008368
939,150.0,10.0,148.7,0.9111,478799,0.008595
940,455.0,18.0,151.5,0.9110,479488,0.005847
941,285.0,17.0,152.8,0.9109,480183,0.012479
942,460.0,17.0,154.8,0.9109,480824,0.017788
943,60.0,5.0,154.7,0.9108,481136,0.008637
944,100.0,7.0,154.7,0.9107,481542,0.019250
945,135.0,11.0,155.2,0.9106,482205,0.091343
946,90.0,7.0,155.8,0.9105,482651,0.088497
947,565.0,23.0,159.7,0.9104,483625,0.008829
948,155.0,10.0,159.4,0.9103,484046,0.005856
949,210.0,12.0,160.4,0.9102,484515,0.006966
950,260.0,16.0,160.5,0.9101,485305,0.023414
951,35.0,4.0,159.9,0.9100,485666,0.007521
952,150.0,9.0,160.7,0.9099,486135,0.013956
953,140.0,10.0,160.8,0.9098,486646,0.008864
954,140.0,10.0,160.1,0.9097,487447,0.012199
955,65.0,6.0,158.9,0.9096,487727,0.008936
956,210.0,15.0,157.4,0.9095,488492,0.028000
957,185.0,13.0,156.1,0.9094,489356,0.009686
958,30.0,4.0,156.1,0.9093,489649,0.003562
959,215.0,13.0,155.7,0.9092,490263,0.011499
960,45.0,4.0,153.8,0.9091,490605,0.008048
961,180.0,11.0,153.5,0.9091,491151,0.012201
962,215.0,13.0,153.5,0.9090,491734,0.017696
963,135.0,9.0,153.2,0.9089,492206,0.007540
964,50.0,4.0,153.3,0.9088,492506,0.013592
965,210.0,12.0,153.2,0.9087,493101,0.014068
966,30.0,3.0,151.9,0.9086,493565,0.009930
967,410.0,15.0,153.4,0.9085,494296,0.008681
968,210.0,12.0,154.9,0.9084,494800,0.008218
969,180.0,11.0,155.4,0.9083,495290,0.007669
970,215.0,15.0,156.7,0.9082,496005,0.005274
971,130.0,7.0,156.7,0.9081,496488,0.022772
972,55.0,5.0,154.9,0.9080,496823,0.067142
973,155.0,10.0,155.6,0.9079,497312,0.015448
974,290.0,18.0,157.1,0.9078,498061,0.010154
975,125.0,9.0,157.4,0.9077,498476,0.007546
976,285.0,17.0,159.4,0.9076,499172,0.011107
977,125.0,9.0,159.5,0.9075,499502,0.010753
978,155.0,10.0,159.4,0.9074,499927,0.015059
979,285.0,17.0,161.2,0.9073,500867,0.011915
980,105.0,6.0,161.4,0.9073,501236,0.011557
981,170.0,12.0,162.3,0.9072,502040,0.012900
982,120.0,8.0,163.3,0.9071,502501,0.007561
983,50.0,4.0,162.5,0.9070,502875,0.007148
984,115.0,10.0,163.0,0.9069,503215,0.014358
985,115.0,8.0,163.2,0.9068,503610,0.007904
986,150.0,10.0,163.4,0.9067,504104,0.015099
987,55.0,5.0,162.4,0.9066,504435,0.139708
988,60.0,6.0,161.2,0.9065,504790,0.022650
989,75.0,5.0,160.4,0.9064,505069,0.007697
990,210.0,12.0,161.3,0.9063,505708,0.008632
991,245.0,15.0,163.3,0.9062,506261,0.008998
992,80.0,6.0,162.4,0.9061,506679,0.010983
993,260.0,18.0,162.4,0.9060,507361,0.021807
994,425.0,15.0,162.3,0.9059,508114,0.011258
995,145.0,10.0,160.2,0.9058,508674,0.082546
996,65.0,6.0,158.6,0.9057,509037,0.005853
997,155.0,10.0,159.3,0.9056,509582,0.008531
998,100.0,8.0,158.6,0.9055,509970,0.008418
999,135.0,10.0,159.4,0.9055,510392,0.021038
1000,285.0,17.0,160.8,0.9054,511233,0.008341
1001,230.0,15.0,160.9,0.9053,511791,0.047480
1002,390.0,13.0,164.1,0.9052,512998,0.018155
1003,125.0,9.0,165.1,0.9051,513682,0.006828
1004,125.0,9.0,164.8,0.9050,514170,0.007513
1005,100.0,8.0,164.3,0.9049,514662,0.014131
1006,105.0,6.0,164.9,0.9048,514967,0.016735
1007,80.0,7.0,163.6,0.9047,515291,0.004837
1008,155.0,10.0,162.7,0.9046,515778,0.020961
1009,50.0,4.0,162.0,0.9045,516084,0.005855
1010,180.0,13.0,162.7,0.9044,516604,0.005539
1011,150.0,10.0,160.4,0.9043,517053,0.012906
1012,120.0,8.0,160.3,0.9042,517425,0.074983
1013,150.0,11.0,160.9,0.9041,517933,0.072001
1014,95.0,9.0,160.3,0.9040,518343,0.009319
1015,40.0,5.0,157.8,0.9039,518857,0.018581
1016,180.0,11.0,159.2,0.9038,519388,0.009731
1017,150.0,10.0,160.4,0.9037,519780,0.007084
1018,210.0,12.0,161.2,0.9037,520249,0.011378
1019,135.0,9.0,161.4,0.9036,520676,0.005349
1020,120.0,8.0,161.4,0.9035,521431,0.019714
1021,75.0,5.0,159.7,0.9034,521810,0.007650
1022,75.0,5.0,159.1,0.9033,522114,0.013646
1023,50.0,4.0,158.5,0.9032,522494,0.007451
1024,210.0,12.0,160.5,0.9031,523207,0.014615
1025,180.0,11.0,161.2,0.9030,523747,0.006785
1026,35.0,4.0,160.2,0.9029,524150,0.005831
1027,260.0,16.0,162.5,0.9028,524973,0.017746
1028,530.0,21.0,165.5,0.9027,525701,0.012013
1029,260.0,16.0,166.8,0.9026,526321,0.008344
1030,80.0,7.0,165.2,0.9025,526698,0.010309
1031,65.0,6.0,164.3,0.9024,527118,0.005202
1032,135.0,9.0,163.6,0.9023,527400,0.010300
1033,80.0,6.0,162.9,0.9022,527779,0.012547
1034,260.0,16.0,163.6,0.9021,528390,0.011488
1035,125.0,9.0,164.1,0.9020,528789,0.006397
1036,155.0,10.0,164.1,0.9019,529348,0.007875
1037,245.0,15.0,165.2,0.9019,529940,0.035684
1038,210.0,12.0,166.2,0.9018,530482,0.012709
1039,225.0,14.0,166.9,0.9017,531062,0.089936
1040,155.0,10.0,163.9,0.9016,531637,0.011360
1041,135.0,9.0,162.4,0.9015,532089,0.009660
1042,270.0,16.0,160.6,0.9014,532828,0.019630
1043,105.0,8.0,161.0,0.9013,533095,0.008889
1044,50.0,4.0,160.5,0.9012,533421,0.008741
1045,65.0,6.0,159.8,0.9011,533880,0.022209
1046,210.0,12.0,161.0,0.9010,534376,0.078798
1047,195.0,13.0,157.3,0.9009,535098,0.098892
1048,180.0,11.0,157.6,0.9008,535682,0.010512
1049,90.0,7.0,156.3,0.9007,536027,0.009990
1050,340.0,10.0,157.2,0.9006,536764,0.104799
1051,120.0,8.0,158.0,0.9005,537295,0.009131
1052,135.0,9.0,157.8,0.9004,537767,0.008951
1053,125.0,9.0,157.7,0.9003,538188,0.186484
1054,55.0,5.0,156.8,0.9002,538580,0.010899
1055,180.0,11.0,158.0,0.9001,539117,0.003769
1056,80.0,7.0,156.7,0.9001,539476,0.016886
1057,110.0,7.0,155.9,0.9000,539894,0.015378
1058,135.0,9.0,157.0,0.8999,540255,0.118067
1059,240.0,16.0,157.2,0.8998,540988,0.012714
1060,180.0,11.0,158.6,0.8997,541478,0.007214
1061,215.0,13.0,158.9,0.8996,542194,0.015720
1062,105.0,6.0,157.8,0.8995,542647,0.012938
1063,135.0,9.0,157.8,0.8994,543129,0.008267
1064,20.0,3.0,157.6,0.8993,543464,0.019058
1065,65.0,6.0,156.1,0.8992,543756,0.014436
1066,150.0,10.0,157.3,0.8991,544301,0.008282
1067,415.0,15.0,157.3,0.8990,545213,0.027643
1068,120.0,8.0,156.4,0.8989,545733,0.016593
1069,105.0,6.0,155.7,0.8988,546146,0.009846
1070,180.0,11.0,155.3,0.8987,546668,0.009105
1071,100.0,8.0,155.1,0.8986,547070,0.020454
1072,195.0,13.0,156.4,0.8985,547724,0.009230
1073,415.0,14.0,159.1,0.8984,548383,0.008029
1074,135.0,9.0,157.5,0.8983,548920,0.027819
1075,275.0,18.0,159.0,0.8983,549609,0.007890
1076,30.0,4.0,156.4,0.8982,549965,0.015162
1077,55.0,5.0,155.8,0.8981,550286,0.013372
1078,180.0,11.0,156.0,0.8980,550854,0.135044
1079,410.0,13.0,157.2,0.8979,551799,0.022130
1080,55.0,5.0,156.8,0.8978,552089,0.018836
1081,125.0,9.0,156.3,0.8977,552527,0.011738
1082,245.0,15.0,157.6,0.8976,553202,0.011437
1083,210.0,12.0,159.2,0.8975,553918,0.010644
1084,230.0,15.0,160.3,0.8974,554570,0.010368
1085,155.0,10.0,160.7,0.8973,555032,0.011217
1086,210.0,12.0,161.3,0.8972,555525,0.014799
1087,45.0,5.0,161.2,0.8971,555895,0.006262
1088,155.0,10.0,162.2,0.8970,556292,0.011391
1089,80.0,7.0,162.2,0.8969,556664,0.009759
1090,150.0,10.0,161.6,0.8968,557160,0.006054
1091,180.0,12.0,160.9,0.8967,557766,0.004624
1092,185.0,13.0,162.0,0.8966,558415,0.073221
1093,230.0,15.0,161.7,0.8965,558964,0.008740
1094,150.0,9.0,158.9,0.8965,559378,0.008208
1095,255.0,16.0,160.1,0.8964,560085,0.019735
1096,110.0,7.0,160.5,0.8963,560529,0.013357
1097,120.0,8.0,160.2,0.8962,560827,0.008706
1098,180.0,11.0,160.9,0.8961,561361,0.008425
1099,35.0,3.0,159.9,0.8960,561616,0.005754
1100,45.0,5.0,157.6,0.8959,561940,0.008156
1101,75.0,6.0,156.0,0.8958,562206,0.005593
1102,100.0,8.0,153.1,0.8957,562686,0.010085
1103,200.0,14.0,153.8,0.8956,563288,0.015821
1104,285.0,17.0,155.4,0.8955,564124,0.008066
1105,80.0,7.0,155.2,0.8954,564532,0.010970
1106,110.0,7.0,155.3,0.8953,564954,0.011742
1107,120.0,8.0,155.7,0.8952,565428,0.014792
1108,135.0,9.0,155.5,0.8951,565807,0.028919
1109,375.0,22.0,158.8,0.8950,566608,0.006690
1110,45.0,5.0,157.4,0.8949,566931,0.004356
1111,85.0,6.0,156.8,0.8948,567232,0.011249
1112,110.0,7.0,156.7,0.8947,567508,0.010597
1113,345.0,12.0,158.6,0.8947,568225,0.013808
1114,155.0,10.0,159.2,0.8946,568711,0.023365
1115,180.0,11.0,160.6,0.8945,569165,0.007901
1116,270.0,18.0,161.5,0.8944,569879,0.113242
1117,65.0,6.0,160.7,0.8943,570325,0.013077
1118,50.0,4.0,159.1,0.8942,570655,0.025197
1119,130.0,8.0,159.0,0.8941,571070,0.012113
1120,190.0,12.0,159.7,0.8940,571696,0.125683
1121,225.0,14.0,161.2,0.8939,572283,0.019431
1122,180.0,11.0,162.2,0.8938,572757,0.019295
1123,185.0,11.0,163.6,0.8937,573177,0.009050
1124,110.0,8.0,162.6,0.8936,573564,0.066783
1125,80.0,6.0,161.6,0.8935,574025,0.010487
1126,50.0,4.0,161.8,0.8934,574409,0.011557
1127,130.0,10.0,160.4,0.8933,574859,0.008126
1128,75.0,5.0,155.9,0.8932,575235,0.117647
1129,145.0,9.0,154.8,0.8931,575716,0.011505
1130,145.0,9.0,155.4,0.8930,576134,0.024924
1131,125.0,9.0,156.0,0.8929,576425,0.007931
1132,135.0,9.0,156.0,0.8929,576786,0.032488
1133,100.0,8.0,156.2,0.8928,577156,0.007238
1134,100.0,8.0,154.6,0.8927,577752,0.007975
1135,160.0,10.0,154.9,0.8926,578278,0.009063
1136,155.0,12.0,154.9,0.8925,578667,0.006669
1137,95.0,10.0,153.4,0.8924,579216,0.005283
1138,55.0,5.0,151.9,0.8923,579566,0.075998
1139,210.0,12.0,151.8,0.8922,580239,0.008377
1140,490.0,19.0,155.1,0.8921,580965,0.007004
1141,55.0,5.0,154.3,0.8920,581362,0.011200
1142,155.0,10.0,153.2,0.8919,581906,0.010053
1143,55.0,6.0,152.7,0.8918,582210,0.011950
1144,125.0,7.0,153.4,0.8917,582731,0.007138
1145,535.0,22.0,158.1,0.8916,583676,0.011720
1146,200.0,13.0,158.0,0.8915,584226,0.009439
1147,215.0,14.0,158.2,0.8914,584760,0.009238
1148,20.0,3.0,156.6,0.8913,585126,0.018527
1149,65.0,6.0,156.3,0.8912,585489,0.008435
1150,105.0,8.0,154.0,0.8911,585878,0.007466
1151,180.0,11.0,154.6,0.8911,586379,0.025572
1152,30.0,2.0,153.6,0.8910,586665,0.008670
1153,80.0,6.0,153.1,0.8909,587023,0.067646
1154,120.0,8.0,153.8,0.8908,587405,0.008998
1155,55.0,5.0,152.5,0.8907,587788,0.006757
1156,215.0,17.0,153.8,0.8906,588396,0.014679
1157,315.0,20.0,155.9,0.8905,589155,0.015005
1158,255.0,16.0,157.1,0.8904,589712,0.004508
1159,65.0,6.0,155.3,0.8903,590097,0.017873
1160,210.0,12.0,155.7,0.8902,590581,0.009816
1161,60.0,6.0,154.1,0.8901,590967,0.020449
1162,45.0,5.0,153.5,0.8900,591374,0.066041
1163,130.0,10.0,153.4,0.8899,591875,0.086283
1164,195.0,14.0,155.2,0.8898,592413,0.007790
1165,105.0,6.0,155.6,0.8897,592942,0.066039
1166,135.0,9.0,155.4,0.8896,593381,0.009176
1167,110.0,7.0,152.4,0.8895,593836,0.013955
1168,285.0,17.0,154.1,0.8894,594527,0.105422
1169,250.0,20.0,155.5,0.8893,595179,0.013339
1170,135.0,9.0,155.1,0.8893,595707,0.007840
1171,215.0,13.0,156.2,0.8892,596267,0.009192
1172,135.0,9.0,155.6,0.8891,596685,0.006239
1173,430.0,14.0,155.8,0.8890,597369,0.129854
1174,70.0,5.0,155.1,0.8889,597749,0.007374
1175,210.0,12.0,154.4,0.8888,598174,0.012855
1176,190.0,12.0,156.1,0.8887,598627,0.006579
1177,180.0,11.0,157.3,0.8886,599132,0.006923
1178,455.0,17.0,160.1,0.8885,600073,0.012611
1179,60.0,6.0,156.6,0.8884,600367,0.011978
1180,460.0,29.0,160.6,0.8883,601446,0.010499
1181,105.0,8.0,160.4,0.8882,601913,0.011174
1182,225.0,14.0,160.2,0.8881,602496,0.005944
1183,110.0,7.0,159.2,0.8880,602798,0.005696
1184,130.0,11.0,158.2,0.8879,603342,0.022187
1185,65.0,5.0,157.3,0.8878,603768,0.006501
1186,80.0,7.0,156.0,0.8877,604113,0.009114
1187,210.0,12.0,157.7,0.8876,604735,0.007156
1188,230.0,15.0,158.4,0.8875,605420,0.036304
1189,210.0,12.0,159.7,0.8875,605956,0.013767
1190,120.0,8.0,159.4,0.8874,606417,0.006227
1191,35.0,4.0,157.9,0.8873,606739,0.020790
1192,195.0,13.0,158.1,0.8872,607221,0.007144
1193,295.0,20.0,158.7,0.8871,608083,0.007594
1194,50.0,5.0,157.7,0.8870,608385,0.006043
1195,125.0,9.0,156.4,0.8869,608916,0.010568
1196,135.0,9.0,156.7,0.8868,609330,0.009242
1197,455.0,18.0,160.0,0.8867,610265,0.011157
1198,160.0,10.0,159.8,0.8866,610851,0.013688
1199,180.0,11.0,161.2,0.8865,611334,0.203355
1200,100.0,8.0,161.8,0.8864,611735,0.016204
1201,120.0,8.0,162.2,0.8863,612191,0.017916
1202,185.0,11.0,163.1,0.8862,612698,0.017346
1203,215.0,15.0,163.2,0.8861,613450,0.010066
1204,110.0,7.0,161.5,0.8860,613933,0.081910
1205,170.0,11.0,162.4,0.8859,614531,0.022371
1206,225.0,14.0,163.6,0.8858,615109,0.019313
1207,210.0,12.0,164.4,0.8857,615618,0.015643
1208,110.0,7.0,164.2,0.8857,616048,0.009412
1209,95.0,9.0,161.4,0.8856,616462,0.009894
1210,105.0,8.0,162.0,0.8855,616925,0.013422
1211,270.0,18.0,163.8,0.8854,617786,0.006342
1212,210.0,12.0,164.8,0.8853,618269,0.011418
1213,390.0,23.0,165.3,0.8852,618999,0.012771
1214,220.0,16.0,165.9,0.8851,619705,0.007600
1215,135.0,9.0,165.5,0.8850,620158,0.015957
1216,65.0,6.0,163.4,0.8849,620554,0.016790
1217,110.0,9.0,163.9,0.8848,621035,0.006435
1218,135.0,8.0,164.8,0.8847,621486,0.014083
1219,225.0,14.0,165.7,0.8846,622086,0.008231
1220,55.0,5.0,164.3,0.8845,622458,0.008696
1221,90.0,7.0,163.0,0.8844,622937,0.007168
1222,185.0,12.0,163.1,0.8843,623495,0.008735
1223,45.0,5.0,161.7,0.8842,623825,0.020573
1224,90.0,7.0,161.4,0.8841,624207,0.148685
1225,410.0,13.0,164.8,0.8840,624828,0.007950
1226,290.0,10.0,167.2,0.8839,625357,0.006137
1227,170.0,12.0,167.6,0.8839,626035,0.009129
1228,210.0,13.0,168.9,0.8838,626634,0.134581
1229,185.0,12.0,169.3,0.8837,627350,0.020181
1230,110.0,7.0,168.9,0.8836,627722,0.013669
1231,165.0,13.0,169.3,0.8835,628362,0.010518
1232,140.0,10.0,169.4,0.8834,628970,0.005737
1233,475.0,19.0,173.2,0.8833,629880,0.005594
1234,65.0,6.0,172.8,0.8832,630338,0.016869
1235,210.0,12.0,173.3,0.8831,630830,0.009653
1236,155.0,10.0,173.3,0.8830,631305,0.008406
1237,225.0,14.0,174.6,0.8829,631919,0.011495
1238,160.0,10.0,175.7,0.8828,632462,0.015501
1239,45.0,5.0,174.0,0.8827,632823,0.087656
1240,90.0,7.0,170.0,0.8826,633125,0.004163
1241,135.0,9.0,170.8,0.8825,633590,0.141902
1242,60.0,6.0,169.8,0.8824,633961,0.006172
1243,275.0,19.0,172.1,0.8823,634679,0.094164
1244,290.0,20.0,173.7,0.8822,635380,0.011853
1245,240.0,15.0,170.8,0.8821,635976,0.006756
1246,105.0,6.0,169.8,0.8821,636536,0.137088
1247,285.0,17.0,170.5,0.8820,637161,0.164541
1248,125.0,9.0,171.6,0.8819,637654,0.009383
1249,30.0,4.0,171.2,0.8818,637955,0.012488
1250,155.0,10.0,171.7,0.8817,638413,0.008072
1251,260.0,18.0,172.5,0.8816,639068,0.005967
1252,120.0,8.0,173.4,0.8815,639561,0.009707
1253,35.0,4.0,172.9,0.8814,639890,0.005633
1254,75.0,5.0,172.5,0.8813,640310,0.013631
1255,185.0,11.0,173.8,0.8812,640805,0.013505
1256,150.0,10.0,173.2,0.8811,641107,0.030512
1257,165.0,12.0,171.7,0.8810,641648,0.015346
1258,80.0,6.0,169.9,0.8809,642020,0.015917
1259,30.0,4.0,169.6,0.8808,642315,0.017295
1260,300.0,19.0,170.4,0.8807,643146,0.155130
1261,285.0,18.0,172.7,0.8806,643769,0.009838
1262,180.0,11.0,174.1,0.8805,644234,0.009376
1263,205.0,14.0,174.8,0.8804,644976,0.007489
1264,80.0,7.0,173.7,0.8803,645303,0.015878
1265,210.0,12.0,174.7,0.8803,645938,0.007673
1266,100.0,8.0,174.3,0.8802,646285,0.011760
1267,210.0,12.0,175.3,0.8801,646884,0.011335
1268,215.0,13.0,174.7,0.8800,647607,0.009410
1269,435.0,18.0,176.5,0.8799,648485,0.007796
1270,150.0,10.0,176.7,0.8798,648915,0.006713
1271,120.0,8.0,175.7,0.8797,649297,0.121013
1272,575.0,25.0,180.1,0.8796,650001,0.010502
1273,60.0,5.0,176.4,0.8795,650262,0.013144
1274,215.0,13.0,177.8,0.8794,650833,0.012509
1275,65.0,6.0,176.4,0.8793,651193,0.012089
1276,170.0,12.0,176.2,0.8792,651781,0.015414
1277,180.0,11.0,176.2,0.8791,652301,0.014430
1278,350.0,24.0,175.2,0.8790,653206,0.040197
1279,65.0,6.0,175.2,0.8789,653600,0.016193
1280,155.0,10.0,172.2,0.8788,654209,0.008478
1281,65.0,6.0,171.8,0.8787,654580,0.014805
1282,225.0,14.0,171.8,0.8786,655095,0.011930
1283,50.0,4.0,171.2,0.8785,655390,0.025032
1284,415.0,14.0,174.0,0.8785,655986,0.010145
1285,210.0,12.0,175.4,0.8784,656447,0.006733
1286,160.0,10.0,176.2,0.8783,656883,0.014080
1287,45.0,5.0,174.6,0.8782,657177,0.007033
1288,120.0,8.0,173.5,0.8781,657776,0.036998
1289,155.0,10.0,172.9,0.8780,658155,0.019463
1290,105.0,8.0,172.8,0.8779,658627,0.007648
1291,135.0,9.0,173.8,0.8778,659268,0.016679
1292,210.0,12.0,173.9,0.8777,659778,0.009692
1293,105.0,8.0,172.1,0.8776,660241,0.091616
1294,210.0,12.0,173.7,0.8775,660749,0.009014
1295,65.0,6.0,173.1,0.8774,661023,0.009444
1296,175.0,12.0,173.4,0.8773,661638,0.027595
1297,45.0,5.0,169.3,0.8772,662111,0.008620
1298,50.0,4.0,168.2,0.8771,662441,0.016663
1299,260.0,18.0,169.1,0.8770,663275,0.005473
1300,150.0,11.0,169.6,0.8769,663806,0.015087
1301,85.0,7.0,169.2,0.8768,664155,0.014879
1302,105.0,8.0,168.4,0.8767,664552,0.018215
1303,180.0,11.0,168.1,0.8767,665060,0.006078
1304,260.0,17.0,169.6,0.8766,665764,0.116403
1305,125.0,9.0,169.1,0.8765,666241,0.008173
1306,215.0,13.0,169.0,0.8764,666836,0.010911
1307,180.0,11.0,168.7,0.8763,667267,0.021048
1308,105.0,6.0,168.7,0.8762,667752,0.018563
1309,110.0,7.0,168.8,0.8761,668131,0.023158
1310,315.0,20.0,170.9,0.8760,668843,0.084422
1311,30.0,4.0,168.5,0.8759,669140,0.011390
1312,185.0,11.0,168.2,0.8758,669628,0.127838
1313,135.0,9.0,165.7,0.8757,670114,0.039712
1314,295.0,20.0,166.4,0.8756,670802,0.009816
1315,150.0,9.0,166.6,0.8755,671289,0.014980
1316,60.0,4.0,166.6,0.8754,671634,0.008261
1317,120.0,8.0,166.7,0.8753,672014,0.103683
1318,180.0,11.0,167.1,0.8752,672425,0.015125
1319,65.0,6.0,165.5,0.8751,672745,0.011206
1320,120.0,8.0,166.2,0.8750,673175,0.011452
1321,165.0,11.0,166.9,0.8749,673723,0.103254
1322,180.0,11.0,166.8,0.8749,674091,0.008985
1323,325.0,21.0,169.7,0.8748,674863,0.013062
1324,210.0,12.0,170.8,0.8747,675341,0.011727
1325,50.0,4.0,167.2,0.8746,675707,0.014767
1326,310.0,20.0,167.4,0.8745,676342,0.008654
1327,225.0,13.0,168.0,0.8744,676961,0.005948
1328,155.0,11.0,167.4,0.8743,677558,0.156051
1329,210.0,12.0,167.7,0.8742,678168,0.006621
1330,180.0,11.0,168.4,0.8741,678642,0.006141
1331,225.0,14.0,169.0,0.8740,679377,0.005760
1332,210.0,12.0,169.7,0.8739,679908,0.012979
1333,30.0,4.0,165.2,0.8738,680203,0.010199
1334,60.0,6.0,165.2,0.8737,680521,0.011075
1335,295.0,19.0,166.1,0.8736,681253,0.017149
1336,120.0,8.0,165.7,0.8735,681713,0.010838
1337,180.0,11.0,165.2,0.8734,682123,0.024310
1338,210.0,12.0,165.8,0.8733,682640,0.009511
1339,120.0,8.0,166.5,0.8732,683134,0.008045
1340,135.0,9.0,166.9,0.8731,683516,0.019571
1341,65.0,6.0,166.2,0.8731,684029,0.119762
1342,45.0,5.0,166.1,0.8730,684320,0.005948
1343,125.0,9.0,164.6,0.8729,684606,0.014710
1344,180.0,11.0,163.5,0.8728,685012,0.016030
1345,105.0,8.0,162.2,0.8727,685415,0.006977
1346,155.0,10.0,162.7,0.8726,685878,0.008759
1347,575.0,34.0,165.6,0.8725,686920,0.007149
1348,50.0,4.0,164.8,0.8724,687235,0.007858
1349,70.0,7.0,165.2,0.8723,687704,0.013546
1350,60.0,6.0,164.2,0.8722,688107,0.114154
1351,285.0,17.0,164.5,0.8721,688969,0.005742
1352,450.0,17.0,167.8,0.8720,689833,0.033007
1353,240.0,15.0,169.8,0.8719,690414,0.018433
1354,80.0,7.0,169.9,0.8718,690772,0.012191
1355,165.0,10.0,169.7,0.8717,691305,0.010952
1356,215.0,13.0,170.3,0.8716,691918,0.017071
1357,370.0,13.0,172.4,0.8715,692582,0.008052
1358,30.0,3.0,171.9,0.8714,692885,0.064188
1359,80.0,6.0,172.4,0.8713,693166,0.008003
1360,135.0,11.0,170.8,0.8713,693680,0.011843
1361,180.0,11.0,169.7,0.8712,694177,0.008207
1362,235.0,13.0,170.2,0.8711,694721,0.021316
1363,485.0,18.0,173.1,0.8710,695460,0.006756
1364,65.0,6.0,172.9,0.8709,695809,0.005091
1365,105.0,8.0,171.8,0.8708,696197,0.012265
1366,55.0,5.0,171.4,0.8707,696649,0.005433
1367,135.0,9.0,170.7,0.8706,696934,0.012527
1368,135.0,9.0,169.8,0.8705,697322,0.015581
1369,20.0,3.0,165.7,0.8704,697594,0.005695
1370,185.0,11.0,166.1,0.8703,698144,0.082550
1371,140.0,10.0,166.2,0.8702,698686,0.011808
1372,135.0,9.0,161.8,0.8701,699153,0.014219
1373,120.0,8.0,162.4,0.8700,699552,0.016097
1374,105.0,6.0,161.3,0.8699,700034,0.013861
1375,245.0,16.0,163.2,0.8698,700718,0.011276
1376,180.0,11.0,163.2,0.8697,701212,0.019538
1377,75.0,5.0,162.2,0.8696,701579,0.005092
1378,180.0,11.0,160.5,0.8695,702119,0.012366
1379,210.0,12.0,161.9,0.8695,702803,0.017207
1380,230.0,15.0,162.7,0.8694,703403,0.017012
1381,60.0,6.0,162.7,0.8693,703695,0.011654
1382,155.0,10.0,161.9,0.8692,704186,0.010747
1383,340.0,21.0,164.8,0.8691,704922,0.008717
1384,55.0,5.0,161.2,0.8690,705295,0.008744
1385,245.0,15.0,161.6,0.8689,706113,0.015607
1386,55.0,5.0,160.6,0.8688,706408,0.010842
1387,120.0,10.0,161.3,0.8687,706877,0.007821
1388,365.0,22.0,163.8,0.8686,707911,0.005047
1389,135.0,9.0,163.6,0.8685,708368,0.005258
1390,75.0,5.0,163.2,0.8684,708652,0.042717
1391,160.0,10.0,163.5,0.8683,709094,0.010203
1392,180.0,11.0,163.2,0.8682,709666,0.006504
1393,285.0,17.0,165.0,0.8681,710407,0.013683
1394,105.0,6.0,163.9,0.8680,710841,0.023147
1395,180.0,13.0,165.1,0.8679,711303,0.015942
1396,420.0,24.0,167.6,0.8678,712340,0.013362
1397,345.0,19.0,170.6,0.8677,713097,0.016805
1398,150.0,11.0,171.6,0.8677,713618,0.015782
1399,60.0,4.0,169.6,0.8676,713939,0.140727
1400,210.0,12.0,170.2,0.8675,714401,0.010916
1401,150.0,12.0,170.8,0.8674,714941,0.172336
1402,30.0,3.0,170.1,0.8673,715235,0.151248
1403,280.0,16.0,171.1,0.8672,715857,0.015892
1404,185.0,11.0,170.3,0.8671,716256,0.008952
1405,85.0,7.0,169.9,0.8670,716655,0.009243
1406,20.0,3.0,167.9,0.8669,716993,0.008476
1407,140.0,10.0,167.6,0.8668,717366,0.018956
1408,165.0,11.0,168.2,0.8667,717910,0.007951
1409,45.0,4.0,167.5,0.8666,718279,0.120709
1410,135.0,9.0,165.7,0.8665,718737,0.120600
1411,55.0,7.0,165.9,0.8664,719132,0.005269
1412,125.0,9.0,165.3,0.8663,719598,0.007763
1413,35.0,4.0,164.3,0.8662,719982,0.007257
1414,115.0,8.0,162.6,0.8661,720455,0.013896
1415,205.0,14.0,163.1,0.8660,721125,0.019310
1416,135.0,9.0,163.8,0.8659,721620,0.013945
1417,150.0,10.0,164.2,0.8659,722023,0.011701
1418,100.0,7.0,163.3,0.8658,722429,0.015295
1419,80.0,7.0,163.5,0.8657,722889,0.015459
1420,105.0,6.0,163.3,0.8656,723301,0.013618
1421,185.0,13.0,163.6,0.8655,724169,0.008151
1422,155.0,10.0,163.3,0.8654,724768,0.010697
1423,30.0,3.0,160.3,0.8653,725055,0.007191
1424,150.0,10.0,159.8,0.8652,725518,0.019121
1425,145.0,9.0,160.7,0.8651,726011,0.010446
1426,105.0,8.0,158.7,0.8650,726381,0.007157
1427,210.0,12.0,158.5,0.8649,726889,0.014086
1428,70.0,6.0,157.7,0.8648,727162,0.010904
1429,155.0,10.0,157.1,0.8647,727633,0.008242
1430,120.0,8.0,156.5,0.8646,728081,0.010236
1431,260.0,16.0,156.8,0.8645,728852,0.009372
1432,65.0,5.0,155.4,0.8644,729151,0.013360
1433,435.0,16.0,159.4,0.8643,729841,0.027055
1434,80.0,7.0,159.7,0.8642,730225,0.012402
1435,210.0,12.0,158.8,0.8641,730782,0.014777
1436,250.0,15.0,160.1,0.8641,731531,0.012392
1437,225.0,14.0,160.6,0.8640,732154,0.021431
1438,155.0,10.0,160.0,0.8639,732551,0.016404
1439,115.0,7.0,159.9,0.8638,733018,0.173909
1440,245.0,14.0,161.1,0.8637,733643,0.017193
1441,65.0,6.0,161.1,0.8636,734023,0.005883
1442,185.0,13.0,162.4,0.8635,734535,0.018650
1443,180.0,11.0,163.0,0.8634,735020,0.004918
1444,175.0,11.0,162.9,0.8633,735615,0.007038
1445,215.0,13.0,164.1,0.8632,736224,0.016894
1446,135.0,9.0,163.8,0.8631,736751,0.006522
1447,40.0,3.0,158.5,0.8630,737026,0.008843
1448,30.0,3.0,158.3,0.8629,737487,0.009425
1449,140.0,10.0,159.0,0.8628,738357,0.012900
1450,185.0,15.0,160.2,0.8627,738962,0.005162
1451,235.0,14.0,159.8,0.8626,739555,0.010818
1452,110.0,8.0,156.3,0.8625,739927,0.150079
1453,135.0,11.0,155.3,0.8624,740423,0.110693
1454,95.0,9.0,155.4,0.8623,740948,0.017724
1455,120.0,7.0,155.0,0.8623,741432,0.019134
1456,90.0,7.0,153.8,0.8622,741708,0.007265
1457,160.0,11.0,151.7,0.8621,742412,0.017645
1458,125.0,8.0,152.6,0.8620,742861,0.012866
1459,65.0,6.0,152.4,0.8619,743283,0.008298
1460,270.0,18.0,153.8,0.8618,744051,0.007519
1461,160.0,11.0,153.6,0.8617,744589,0.020140
1462,210.0,12.0,153.3,0.8616,745005,0.009922
1463,180.0,11.0,150.3,0.8615,745410,0.115188
1464,240.0,15.0,152.1,0.8614,746062,0.023263
1465,135.0,9.0,152.3,0.8613,746604,0.175112
1466,155.0,10.0,153.3,0.8612,747072,0.009262
1467,80.0,6.0,152.8,0.8611,747536,0.011636
1468,235.0,16.0,153.8,0.8610,748277,0.008513
1469,245.0,15.0,156.1,0.8609,749159,0.017106
1470,105.0,6.0,155.2,0.8608,749576,0.005492
1471,105.0,6.0,154.9,0.8607,750173,0.019768
1472,210.0,12.0,155.7,0.8606,750739,0.014521
1473,150.0,10.0,155.9,0.8605,751122,0.008234
1474,180.0,11.0,156.7,0.8605,751612,0.011284
1475,110.0,7.0,155.3,0.8604,752063,0.174331
1476,165.0,10.0,155.2,0.8603,752537,0.009682
1477,485.0,18.0,159.3,0.8602,753333,0.175014
1478,105.0,8.0,158.6,0.8601,753772,0.153081
1479,170.0,11.0,158.2,0.8600,754358,0.011673
1480,180.0,11.0,157.7,0.8599,754769,0.007354
1481,140.0,9.0,158.4,0.8598,755263,0.017629
1482,55.0,5.0,157.4,0.8597,755780,0.009998
1483,195.0,12.0,156.0,0.8596,756372,0.113368
1484,105.0,8.0,156.5,0.8595,756689,0.005291
1485,80.0,7.0,154.8,0.8594,757061,0.088453
1486,245.0,16.0,156.8,0.8593,757589,0.005147
1487,135.0,9.0,156.9,0.8592,758062,0.007650
1488,155.0,10.0,154.8,0.8591,758472,0.022445
1489,130.0,10.0,154.8,0.8590,758880,0.022859
1490,395.0,23.0,157.9,0.8589,759941,0.102850
1491,80.0,7.0,157.2,0.8588,760233,0.018177
1492,110.0,7.0,156.4,0.8587,760620,0.018848
1493,300.0,19.0,156.6,0.8587,761276,0.009739
1494,145.0,9.0,157.0,0.8586,761683,0.170696
1495,115.0,8.0,156.3,0.8585,762056,0.165709
1496,45.0,5.0,152.6,0.8584,762416,0.015318
1497,150.0,11.0,150.7,0.8583,762956,0.009046
1498,150.0,10.0,150.7,0.8582,763447,0.008576
1499,355.0,23.0,153.6,0.8581,764282,0.007669
1500,70.0,6.0,152.2,0.8580,764548,0.010053
1501,135.0,9.0,152.1,0.8579,765001,0.018363
1502,120.0,8.0,152.9,0.8578,765413,0.006560
1503,45.0,4.0,150.6,0.8577,765711,0.169521
1504,180.0,11.0,150.6,0.8576,766303,0.105779
1505,275.0,18.0,152.4,0.8575,766915,0.013013
1506,185.0,14.0,154.1,0.8574,767468,0.054542
1507,85.0,7.0,153.6,0.8573,767913,0.012370
1508,625.0,27.0,158.2,0.8572,768939,0.011935
1509,215.0,13.0,159.8,0.8571,769432,0.006579
1510,125.0,9.0,159.8,0.8570,769801,0.009007
1511,155.0,10.0,160.8,0.8569,770196,0.018297
1512,105.0,8.0,160.6,0.8569,770485,0.006677
1513,125.0,9.0,161.4,0.8568,770787,0.013051
1514,265.0,16.0,162.9,0.8567,771438,0.113410
1515,80.0,5.0,161.7,0.8566,771738,0.011736
1516,135.0,9.0,161.7,0.8565,772214,0.010296
1517,110.0,7.0,161.3,0.8564,772545,0.107184
1518,120.0,8.0,161.5,0.8563,773010,0.004171
1519,180.0,11.0,162.5,0.8562,773504,0.006614
1520,150.0,10.0,162.9,0.8561,773934,0.009880
1521,255.0,16.0,163.7,0.8560,774866,0.017000
1522,230.0,16.0,164.4,0.8559,775772,0.007575
1523,65.0,6.0,164.8,0.8558,776176,0.015548
1524,90.0,8.0,164.2,0.8557,776633,0.007030
1525,60.0,6.0,163.3,0.8556,777015,0.007004
1526,170.0,12.0,163.9,0.8555,777519,0.009895
1527,185.0,11.0,163.7,0.8554,777922,0.025867
1528,45.0,5.0,163.4,0.8553,778225,0.158353
1529,30.0,4.0,162.2,0.8552,778518,0.008602
1530,135.0,9.0,162.3,0.8551,778951,0.006728
1531,65.0,6.0,160.4,0.8551,779334,0.013370
1532,90.0,7.0,160.7,0.8550,779627,0.011263
1533,155.0,10.0,157.8,0.8549,780089,0.012828
1534,180.0,11.0,158.8,0.8548,780610,0.010744
1535,175.0,13.0,158.5,0.8547,781285,0.010889
1536,250.0,17.0,158.5,0.8546,782070,0.008323
1537,155.0,10.0,157.8,0.8545,782633,0.006391
1538,80.0,7.0,157.1,0.8544,783075,0.012556
1539,100.0,7.0,156.9,0.8543,783371,0.008285
1540,215.0,13.0,156.6,0.8542,784394,0.003584
1541,110.0,8.0,157.1,0.8541,784731,0.010813
1542,50.0,4.0,155.7,0.8540,785075,0.135362
1543,55.0,5.0,154.4,0.8539,785416,0.004230
1544,265.0,17.0,155.3,0.8538,786223,0.008660
1545,135.0,9.0,154.6,0.8537,786674,0.007843
1546,110.0,7.0,154.3,0.8536,787227,0.009699
1547,150.0,9.0,155.4,0.8535,787947,0.014256
1548,210.0,12.0,157.2,0.8534,788447,0.109046
1549,135.0,7.0,157.2,0.8533,788837,0.011173
1550,155.0,10.0,156.8,0.8533,789346,0.013402
1551,80.0,7.0,155.3,0.8532,789633,0.165344
1552,135.0,9.0,155.6,0.8531,790034,0.009622
1553,180.0,11.0,156.0,0.8530,790521,0.013885
1554,280.0,20.0,157.8,0.8529,791357,0.010920
1555,180.0,12.0,158.4,0.8528,791857,0.008731
1556,195.0,13.0,159.5,0.8527,792420,0.129400
1557,245.0,14.0,160.3,0.8526,792995,0.010175
1558,225.0,16.0,161.3,0.8525,793792,0.008739
1559,145.0,9.0,162.2,0.8524,794148,0.008225
1560,180.0,11.0,161.2,0.8523,794590,0.005498
1561,155.0,10.0,161.2,0.8522,795129,0.007115
1562,45.0,5.0,159.6,0.8521,795417,0.005423
1563,105.0,8.0,158.8,0.8520,795795,0.010456
1564,155.0,10.0,157.9,0.8519,796188,0.012108
1565,140.0,10.0,158.0,0.8518,796752,0.006230
1566,105.0,8.0,157.5,0.8517,797148,0.010653
1567,180.0,11.0,158.5,0.8516,797661,0.009906
1568,285.0,17.0,159.0,0.8515,798358,0.009303
1569,215.0,14.0,158.7,0.8515,798924,0.010509
1570,190.0,13.0,159.6,0.8514,799420,0.010254
1571,120.0,8.0,159.7,0.8513,799805,0.011134
1572,105.0,8.0,158.7,0.8512,800151,0.034903
1573,150.0,10.0,158.7,0.8511,800755,0.011165
1574,485.0,18.0,161.7,0.8510,801721,0.008996
1575,215.0,13.0,162.8,0.8509,802290,0.005751
1576,105.0,8.0,162.2,0.8508,802788,0.007098
1577,420.0,24.0,161.5,0.8507,803632,0.010080
1578,150.0,10.0,161.9,0.8506,804095,0.020868
1579,165.0,14.0,161.9,0.8505,804899,0.007287
1580,65.0,6.0,160.8,0.8504,805185,0.007893
1581,80.0,6.0,160.2,0.8503,805588,0.028158
1582,140.0,9.0,161.0,0.8502,805952,0.131160
1583,35.0,4.0,159.4,0.8501,806266,0.012742
1584,255.0,16.0,160.9,0.8500,807048,0.125816
1585,180.0,13.0,161.9,0.8499,807556,0.017666
1586,155.0,10.0,161.0,0.8498,808088,0.007878
1587,195.0,13.0,161.6,0.8497,808687,0.005398
1588,150.0,10.0,161.6,0.8497,809082,0.007183
1589,35.0,4.0,160.6,0.8496,809497,0.008990
1590,230.0,15.0,158.9,0.8495,810124,0.011500
1591,210.0,12.0,160.2,0.8494,810642,0.011611
1592,85.0,8.0,160.0,0.8493,811126,0.020562
1593,155.0,10.0,158.6,0.8492,811692,0.018282
1594,50.0,6.0,157.6,0.8491,811979,0.010983
1595,305.0,19.0,159.5,0.8490,812669,0.008977
1596,155.0,10.0,160.6,0.8489,813131,0.108561
1597,20.0,3.0,159.3,0.8488,813492,0.010200
1598,215.0,13.0,159.9,0.8487,814037,0.008798
1599,180.0,11.0,158.2,0.8486,814543,0.006355
1600,155.0,10.0,159.1,0.8485,814984,0.106762
1601,5.0,1.0,157.8,0.8484,815259,0.157806
1602,210.0,12.0,158.7,0.8483,815769,0.013849
1603,230.0,14.0,160.5,0.8482,816370,0.016302
1604,120.0,8.0,159.9,0.8481,816872,0.116725
1605,150.0,10.0,158.7,0.8480,817280,0.017658
1606,100.0,8.0,157.8,0.8479,817728,0.013771
1607,95.0,7.0,157.9,0.8479,818136,0.008988
1608,100.0,8.0,152.7,0.8478,818528,0.013219
1609,125.0,9.0,151.8,0.8477,819030,0.005706
1610,210.0,12.0,152.6,0.8476,819592,0.011743
1611,180.0,11.0,152.8,0.8475,820129,0.018062
1612,200.0,13.0,153.8,0.8474,820744,0.182509
1613,80.0,7.0,153.3,0.8473,821053,0.008942
1614,105.0,8.0,151.8,0.8472,821451,0.009832
1615,175.0,13.0,152.7,0.8471,822085,0.010386
1616,180.0,11.0,153.2,0.8470,822611,0.009189
1617,80.0,7.0,152.8,0.8469,822903,0.008559
1618,440.0,15.0,156.1,0.8468,823458,0.007821
1619,160.0,11.0,155.8,0.8467,823971,0.011275
1620,65.0,6.0,155.0,0.8466,824277,0.010512
1621,90.0,7.0,153.3,0.8465,824716,0.014598
1622,80.0,7.0,151.8,0.8464,825199,0.008640
1623,135.0,9.0,152.6,0.8463,825643,0.116647
1624,165.0,10.0,153.3,0.8462,826113,0.008222
1625,135.0,9.0,154.1,0.8461,826573,0.014665
1626,155.0,10.0,153.9,0.8461,827117,0.008235
1627,200.0,13.0,154.1,0.8460,827803,0.014785
1628,170.0,12.0,155.3,0.8459,828362,0.008328
1629,50.0,5.0,155.5,0.8458,828678,0.008865
1630,120.0,8.0,155.3,0.8457,829111,0.008153
1631,45.0,5.0,155.2,0.8456,829486,0.017472
1632,240.0,17.0,156.7,0.8455,830058,0.015524
1633,105.0,8.0,156.2,0.8454,830528,0.011116
1634,120.0,7.0,155.6,0.8453,830901,0.018975
1635,120.0,10.0,155.0,0.8452,831315,0.112343
1636,125.0,9.0,153.8,0.8451,831675,0.020512
1637,155.0,10.0,153.8,0.8450,832131,0.020374
1638,140.0,9.0,154.3,0.8449,832561,0.009548
1639,135.0,9.0,154.7,0.8448,833075,0.019325
1640,60.0,6.0,153.2,0.8447,833372,0.011587
1641,80.0,7.0,152.8,0.8446,833680,0.008063
1642,150.0,10.0,153.8,0.8445,834177,0.008571
1643,110.0,7.0,154.4,0.8444,834662,0.010533
1644,80.0,6.0,152.6,0.8443,835127,0.171320
1645,135.0,9.0,152.6,0.8443,835511,0.010381
1646,125.0,11.0,152.7,0.8442,836126,0.007723
1647,80.0,6.0,152.0,0.8441,836489,0.019119
1648,105.0,8.0,150.9,0.8440,836869,0.011404
1649,185.0,13.0,151.4,0.8439,837494,0.008424
1650,210.0,14.0,152.0,0.8438,838179,0.003716
1651,95.0,9.0,152.2,0.8437,838770,0.006883
1652,35.0,4.0,151.2,0.8436,839189,0.017733
1653,110.0,8.0,150.4,0.8435,839628,0.009397
1654,125.0,9.0,148.9,0.8434,840200,0.015361
1655,155.0,10.0,148.7,0.8433,840708,0.011295
1656,180.0,11.0,148.5,0.8432,841215,0.008799
1657,180.0,11.0,147.8,0.8431,841706,0.018185
1658,135.0,9.0,146.9,0.8430,842095,0.012723
1659,55.0,5.0,146.1,0.8429,842358,0.020191
1660,135.0,9.0,145.6,0.8428,842830,0.010614
1661,120.0,8.0,145.2,0.8427,843304,0.021411
1662,155.0,9.0,146.3,0.8426,843876,0.014418
1663,135.0,9.0,146.7,0.8425,844299,0.006577
1664,350.0,12.0,148.6,0.8425,845064,0.007828
1665,230.0,14.0,149.5,0.8424,845614,0.008693
1666,290.0,18.0,151.3,0.8423,846474,0.005652
1667,180.0,11.0,151.3,0.8422,846859,0.018106
1668,315.0,18.0,151.7,0.8421,847576,0.006974
1669,30.0,3.0,149.8,0.8420,847862,0.006635
1670,185.0,11.0,149.8,0.8419,848321,0.008195
1671,225.0,14.0,150.8,0.8418,848891,0.163616
1672,135.0,8.0,151.1,0.8417,849436,0.006484
1673,140.0,8.0,151.0,0.8416,849926,0.007148
1674,35.0,5.0,146.5,0.8415,850363,0.010617
1675,160.0,10.0,145.9,0.8414,850964,0.140017
1676,315.0,20.0,148.1,0.8413,851591,0.007014
1677,245.0,18.0,146.3,0.8412,852214,0.007200
1678,180.0,11.0,146.6,0.8411,852756,0.012249
1679,310.0,20.0,148.1,0.8410,853460,0.009780
1680,80.0,8.0,148.2,0.8409,853875,0.055602
1681,140.0,10.0,148.8,0.8408,854419,0.012765
1682,100.0,7.0,148.4,0.8407,854715,0.007319
1683,110.0,7.0,149.2,0.8407,855127,0.010713
1684,210.0,14.0,148.7,0.8406,855670,0.011452
1685,135.0,9.0,148.2,0.8405,856094,0.007733
1686,155.0,10.0,148.2,0.8404,856647,0.010313
1687,155.0,10.0,147.8,0.8403,856936,0.005091
1688,65.0,6.0,147.0,0.8402,857272,0.006639
1689,120.0,8.0,147.8,0.8401,857748,0.252963
1690,65.0,6.0,146.2,0.8400,858032,0.012285
1691,65.0,6.0,144.8,0.8399,858323,0.008170
1692,135.0,9.0,145.2,0.8398,858788,0.004027
1693,280.0,16.0,146.5,0.8397,859646,0.006070
1694,275.0,17.0,148.8,0.8396,860597,0.023944
1695,260.0,16.0,148.3,0.8395,861249,0.006166
1696,415.0,26.0,150.9,0.8394,862144,0.020120
1697,125.0,9.0,151.9,0.8393,862637,0.126697
1698,210.0,12.0,151.9,0.8392,863248,0.017976
1699,210.0,12.0,152.2,0.8391,863723,0.023516
1700,265.0,17.0,153.3,0.8390,864430,0.020770
1701,260.0,16.0,155.8,0.8389,865423,0.007194
1702,255.0,16.0,156.3,0.8389,866208,0.011808
1703,320.0,19.0,157.2,0.8388,867205,0.008745
1704,230.0,14.0,158.3,0.8387,867757,0.010126
1705,110.0,7.0,157.9,0.8386,868145,0.007365
1706,75.0,7.0,157.7,0.8385,868497,0.017702
1707,150.0,10.0,158.2,0.8384,868881,0.011451
1708,180.0,11.0,159.0,0.8383,869469,0.005634
1709,65.0,6.0,158.4,0.8382,869766,0.006709
1710,210.0,12.0,158.4,0.8381,870235,0.013256
1711,120.0,8.0,157.8,0.8380,870721,0.023937
1712,105.0,8.0,156.8,0.8379,871271,0.121499
1713,20.0,3.0,156.2,0.8378,871557,0.032707
1714,155.0,10.0,156.8,0.8377,871939,0.135772
1715,85.0,7.0,155.8,0.8376,872335,0.015833
1716,200.0,14.0,156.1,0.8375,872968,0.009450
1717,45.0,5.0,155.7,0.8374,873393,0.012718
1718,180.0,11.0,153.1,0.8373,873886,0.005406
1719,325.0,21.0,154.8,0.8372,874653,0.014899
1720,210.0,12.0,156.2,0.8371,875232,0.133737
1721,160.0,10.0,156.9,0.8371,876013,0.008368
1722,80.0,7.0,156.9,0.8370,876487,0.013247
1723,105.0,9.0,156.6,0.8369,876970,0.017633
1724,210.0,12.0,157.1,0.8368,877522,0.008109
1725,335.0,10.0,159.1,0.8367,878060,0.011211
1726,155.0,10.0,159.1,0.8366,878561,0.024022
1727,45.0,5.0,157.5,0.8365,878847,0.006175
1728,210.0,12.0,157.9,0.8364,879357,0.004698
1729,110.0,8.0,158.5,0.8363,879730,0.015816
1730,325.0,10.0,160.6,0.8362,880548,0.012510
1731,60.0,6.0,160.7,0.8361,880909,0.006698
1732,105.0,8.0,159.3,0.8360,881250,0.136192
1733,105.0,8.0,159.3,0.8359,881633,0.008477
1734,370.0,23.0,161.8,0.8358,882419,0.017311
1735,30.0,3.0,160.9,0.8357,882736,0.015476
1736,60.0,6.0,160.3,0.8356,883031,0.007123
1737,45.0,5.0,159.2,0.8355,883403,0.010296
1738,155.0,11.0,159.3,0.8354,884079,0.005936
1739,160.0,11.0,159.6,0.8353,884481,0.179863
1740,80.0,7.0,159.8,0.8353,884857,0.006625
1741,155.0,10.0,160.6,0.8352,885343,0.009127
1742,210.0,12.0,161.2,0.8351,885916,0.009005
1743,160.0,12.0,161.7,0.8350,886309,0.003542
1744,460.0,17.0,165.4,0.8349,887123,0.144064
1745,155.0,12.0,165.7,0.8348,887714,0.006456
1746,160.0,10.0,166.0,0.8347,888135,0.020938
1747,10.0,2.0,165.3,0.8346,888463,0.022012
1748,240.0,15.0,166.7,0.8345,889179,0.011609
1749,70.0,6.0,165.5,0.8344,889575,0.008265
1750,315.0,18.0,166.6,0.8343,890328,0.018663
1751,195.0,13.0,167.6,0.8342,890941,0.019936
1752,150.0,10.0,168.7,0.8341,891293,0.018401
1753,410.0,13.0,171.7,0.8340,892119,0.011342
1754,110.0,9.0,171.6,0.8339,892608,0.008939
1755,205.0,14.0,172.1,0.8338,893320,0.006145
1756,155.0,10.0,171.8,0.8337,893816,0.167755
1757,125.0,9.0,171.2,0.8336,894189,0.013778
1758,20.0,3.0,170.1,0.8335,894473,0.011470
1759,325.0,11.0,172.8,0.8335,894975,0.018762
1760,215.0,13.0,173.6,0.8334,895581,0.007262
1761,135.0,10.0,173.8,0.8333,896081,0.005416
1762,30.0,4.0,172.5,0.8332,896378,0.017291
1763,105.0,8.0,172.2,0.8331,896677,0.006028
1764,180.0,11.0,170.5,0.8330,897191,0.005315
1765,315.0,18.0,171.3,0.8329,897911,0.015298
1766,200.0,14.0,170.4,0.8328,898521,0.003085
1767,120.0,8.0,169.8,0.8327,898861,0.013912
1768,90.0,7.0,167.6,0.8326,899245,0.135284
1769,155.0,10.0,168.8,0.8325,899710,0.004597
1770,155.0,10.0,168.6,0.8324,900084,0.014012
1771,105.0,8.0,167.3,0.8323,900566,0.016972
1772,60.0,6.0,166.6,0.8322,900940,0.029378
1773,155.0,10.0,166.8,0.8321,901378,0.018638
1774,125.0,9.0,167.7,0.8320,901836,0.013522
1775,135.0,9.0,167.4,0.8319,902304,0.009394
1776,135.0,9.0,165.6,0.8318,902702,0.009778
1777,160.0,11.0,164.8,0.8317,903194,0.015886
1778,115.0,8.0,164.1,0.8317,903599,0.007861
1779,130.0,9.0,162.3,0.8316,904001,0.005203
1780,415.0,14.0,165.7,0.8315,904550,0.012259
1781,35.0,4.0,164.6,0.8314,904834,0.011993
1782,340.0,21.0,167.0,0.8313,905731,0.009573
1783,110.0,7.0,167.0,0.8312,906122,0.007377
1784,155.0,10.0,166.4,0.8311,906590,0.003890
1785,165.0,10.0,166.8,0.8310,907033,0.006623
1786,180.0,11.0,167.0,0.8309,907573,0.009031
1787,340.0,21.0,168.8,0.8308,908281,0.003451
1788,340.0,20.0,171.6,0.8307,908898,0.008756
1789,150.0,9.0,171.9,0.8306,909362,0.008738
1790,210.0,14.0,173.3,0.8305,910060,0.015870
1791,135.0,9.0,174.1,0.8304,910443,0.133153
1792,100.0,8.0,173.7,0.8303,910716,0.007936
1793,45.0,6.0,171.3,0.8302,911211,0.012043
1794,170.0,11.0,170.3,0.8301,911706,0.009174
1795,120.0,8.0,168.9,0.8300,912093,0.011335
1796,120.0,8.0,165.9,0.8299,912560,0.012153
1797,135.0,9.0,166.1,0.8299,912978,0.156986
1798,80.0,7.0,164.8,0.8298,913273,0.009134
1799,155.0,10.0,164.2,0.8297,913739,0.008702
1800,150.0,10.0,163.1,0.8296,914123,0.011104
1801,305.0,20.0,163.5,0.8295,914927,0.006612
1802,80.0,6.0,161.8,0.8294,915303,0.119624
1803,180.0,11.0,160.3,0.8293,915819,0.007744
1804,210.0,12.0,160.2,0.8292,916353,0.008908
1805,90.0,6.0,159.9,0.8291,916801,0.005690
1806,245.0,14.0,161.7,0.8290,917445,0.027403
1807,125.0,9.0,161.4,0.8289,917827,0.011335
1808,585.0,23.0,165.4,0.8288,918509,0.012977
1809,150.0,10.0,166.3,0.8287,919052,0.165435
1810,260.0,17.0,166.8,0.8286,919583,0.003891
1811,50.0,5.0,166.1,0.8285,919958,0.146048
1812,155.0,10.0,166.6,0.8284,920445,0.010214
1813,210.0,12.0,168.5,0.8283,921001,0.014177
1814,110.0,8.0,168.1,0.8282,921458,0.016650
1815,260.0,16.0,169.8,0.8281,922156,0.009145
1816,55.0,5.0,168.3,0.8281,922529,0.012407
1817,105.0,8.0,168.9,0.8280,922876,0.009452
1818,65.0,6.0,167.8,0.8279,923232,0.006186
1819,180.0,11.0,166.3,0.8278,923719,0.009255
1820,135.0,9.0,165.6,0.8277,924244,0.008992
1821,140.0,8.0,165.4,0.8276,924783,0.009706
1822,290.0,21.0,167.5,0.8275,925430,0.004990
1823,180.0,11.0,168.2,0.8274,925893,0.011946
1824,210.0,12.0,168.2,0.8273,926499,0.025452
1825,200.0,14.0,166.9,0.8272,927048,0.011265
1826,415.0,14.0,169.5,0.8271,927820,0.006199
1827,100.0,8.0,170.1,0.8270,928112,0.007522
1828,120.0,8.0,169.2,0.8269,928511,0.006886
1829,185.0,11.0,169.9,0.8268,929005,0.281249
1830,240.0,15.0,169.1,0.8267,929605,0.163165
1831,140.0,8.0,169.8,0.8266,930055,0.015552
1832,140.0,8.0,170.2,0.8265,930534,0.010077
1833,215.0,13.0,171.3,0.8264,931173,0.011679
1834,105.0,8.0,168.7,0.8263,931566,0.008861
1835,60.0,6.0,168.9,0.8263,931932,0.008767
1836,210.0,12.0,170.4,0.8262,932534,0.015351
1837,80.0,7.0,170.8,0.8261,932936,0.012293
1838,185.0,11.0,171.1,0.8260,933401,0.021481
1839,215.0,13.0,171.7,0.8259,933989,0.019306
1840,225.0,16.0,173.1,0.8258,934746,0.005498
1841,100.0,8.0,172.6,0.8257,935113,0.014136
1842,110.0,8.0,171.6,0.8256,935495,0.012820
1843,215.0,16.0,172.1,0.8255,936327,0.005824
1844,180.0,11.0,169.3,0.8254,936830,0.008125
1845,155.0,10.0,169.3,0.8253,937272,0.011651
1846,185.0,11.0,169.6,0.8252,937647,0.012113
1847,240.0,15.0,171.8,0.8251,938272,0.013791
1848,65.0,6.0,170.1,0.8250,938607,0.009634
1849,130.0,8.0,170.7,0.8249,938998,0.009623
1850,175.0,10.0,169.3,0.8248,939479,0.010564
1851,105.0,6.0,168.4,0.8247,939891,0.010036
1852,105.0,8.0,167.9,0.8246,940246,0.018909
1853,120.0,8.0,165.1,0.8245,940723,0.010864
1854,140.0,9.0,165.3,0.8245,941216,0.010933
1855,190.0,14.0,165.2,0.8244,941843,0.008461
1856,90.0,6.0,164.6,0.8243,942120,0.008049
1857,445.0,16.0,167.8,0.8242,942941,0.013236
1858,170.0,12.0,169.2,0.8241,943428,0.010434
1859,130.0,9.0,167.3,0.8240,943809,0.022238
1860,120.0,8.0,166.3,0.8239,944179,0.197427
1861,100.0,8.0,166.0,0.8238,944556,0.148585
1862,75.0,5.0,166.4,0.8237,944931,0.014955
1863,155.0,10.0,166.9,0.8236,945474,0.194475
1864,80.0,7.0,165.9,0.8235,945774,0.029460
1865,155.0,10.0,164.3,0.8234,946259,0.008395
1866,120.0,9.0,163.6,0.8233,946831,0.008874
1867,90.0,7.0,163.2,0.8232,947132,0.017701
1868,75.0,6.0,163.1,0.8231,947431,0.004555
1869,95.0,7.0,162.5,0.8230,947762,0.025358
1870,305.0,19.0,164.0,0.8229,948438,0.007931
1871,210.0,12.0,165.1,0.8228,949025,0.010358
1872,155.0,10.0,166.0,0.8227,949564,0.013953
1873,155.0,10.0,166.0,0.8227,949962,0.006844
1874,105.0,8.0,165.8,0.8226,950343,0.018574
1875,65.0,6.0,165.1,0.8225,950737,0.021860
1876,80.0,7.0,164.6,0.8224,951021,0.008287
1877,235.0,13.0,165.3,0.8223,951601,0.025479
1878,155.0,10.0,165.7,0.8222,951999,0.022617
1879,110.0,7.0,165.5,0.8221,952466,0.127835
1880,125.0,9.0,162.6,0.8220,952914,0.019468
1881,130.0,11.0,163.6,0.8219,953471,0.011361
1882,135.0,9.0,161.5,0.8218,953953,0.118921
1883,80.0,5.0,161.2,0.8217,954351,0.007869
1884,275.0,18.0,162.4,0.8216,955034,0.010642
1885,290.0,19.0,163.7,0.8215,956113,0.005596
1886,120.0,8.0,163.1,0.8214,956534,0.119684
1887,155.0,10.0,161.2,0.8213,957021,0.015414
1888,35.0,4.0,158.2,0.8212,957341,0.007712
1889,215.0,13.0,158.8,0.8211,958259,0.006309
1890,65.0,6.0,157.3,0.8210,958594,0.013761
1891,185.0,12.0,157.8,0.8209,959464,0.007040
1892,140.0,8.0,158.2,0.8209,959846,0.014231
1893,35.0,4.0,158.2,0.8208,960226,0.023175
1894,120.0,8.0,157.7,0.8207,960583,0.005338
1895,135.0,9.0,157.8,0.8206,961044,0.017698
1896,185.0,11.0,158.4,0.8205,961668,0.020645
1897,270.0,16.0,159.8,0.8204,962332,0.129069
1898,105.0,8.0,160.1,0.8203,962788,0.010310
1899,180.0,11.0,160.3,0.8202,963288,0.011617
1900,80.0,7.0,159.6,0.8201,963569,0.009193
1901,90.0,7.0,157.4,0.8200,963934,0.019991
1902,150.0,10.0,158.2,0.8199,964462,0.010462
1903,110.0,7.0,157.4,0.8198,964845,0.029117
1904,90.0,7.0,156.2,0.8197,965152,0.013861
1905,365.0,12.0,159.0,0.8196,965794,0.078087
1906,240.0,18.0,158.9,0.8195,966511,0.325178
1907,215.0,14.0,159.8,0.8194,967193,0.013848
1908,125.0,9.0,155.2,0.8193,967704,0.010488
1909,90.0,7.0,154.7,0.8192,968198,0.016316
1910,285.0,17.0,154.9,0.8191,968920,0.009188
1911,155.0,10.0,155.9,0.8191,969413,0.005674
1912,185.0,11.0,156.2,0.8190,969919,0.008123
1913,30.0,4.0,154.4,0.8189,970329,0.380639
1914,70.0,7.0,154.1,0.8188,970792,0.019700
1915,210.0,12.0,153.6,0.8187,971338,0.010464
1916,260.0,16.0,155.6,0.8186,971913,0.008445
1917,180.0,11.0,156.3,0.8185,972311,0.008268
1918,155.0,10.0,157.2,0.8184,972748,0.010575
1919,80.0,7.0,156.2,0.8183,973040,0.013261
1920,160.0,12.0,156.5,0.8182,973552,0.018913
1921,275.0,17.0,157.8,0.8181,974142,0.005413
1922,180.0,11.0,156.8,0.8180,974595,0.006528
1923,310.0,19.0,158.1,0.8179,975430,0.004745
1924,155.0,10.0,157.5,0.8178,975996,0.007893
1925,300.0,20.0,158.5,0.8177,976743,0.125314
1926,125.0,9.0,155.6,0.8176,977177,0.009229
1927,95.0,9.0,155.6,0.8175,977565,0.007427
1928,205.0,13.0,156.4,0.8174,978083,0.008109
1929,45.0,5.0,155.0,0.8173,978511,0.011371
1930,220.0,16.0,154.8,0.8173,979497,0.003158
1931,125.0,9.0,154.7,0.8172,979960,0.003242
1932,385.0,24.0,157.1,0.8171,980679,0.147392
1933,180.0,11.0,156.8,0.8170,981165,0.173954
1934,125.0,8.0,156.9,0.8169,981688,0.014793
1935,215.0,13.0,158.5,0.8168,982233,0.009749
1936,120.0,8.0,157.6,0.8167,982585,0.010930
1937,605.0,25.0,162.8,0.8166,983420,0.009967
1938,240.0,15.0,163.4,0.8165,984016,0.008951
1939,150.0,10.0,162.8,0.8164,984437,0.004360
1940,490.0,18.0,165.4,0.8163,985188,0.168869
1941,155.0,10.0,165.9,0.8162,985608,0.008671
1942,230.0,15.0,167.2,0.8161,986281,0.010169
1943,160.0,10.0,166.6,0.8160,986769,0.128695
1944,210.0,12.0,166.9,0.8159,987324,0.010273
1945,155.0,10.0,166.9,0.8158,987802,0.188857
1946,65.0,6.0,165.7,0.8157,988151,0.314985
1947,155.0,12.0,164.8,0.8156,988776,0.005328
1948,210.0,12.0,166.3,0.8155,989249,0.010334
1949,185.0,11.0,166.8,0.8155,989717,0.006926
1950,195.0,13.0,167.1,0.8154,990311,0.024906
1951,150.0,10.0,167.5,0.8153,990808,0.015136
1952,215.0,13.0,168.6,0.8152,991347,0.008894
1953,125.0,9.0,168.7,0.8151,991819,0.010935
1954,380.0,24.0,171.1,0.8150,992596,0.007178
1955,150.0,10.0,170.7,0.8149,992974,0.020447
1956,180.0,11.0,171.6,0.8148,993500,0.016720
1957,315.0,18.0,170.2,0.8147,994229,0.014661
1958,180.0,11.0,170.3,0.8146,994818,0.020005
1959,65.0,6.0,169.7,0.8145,995193,0.008931
1960,210.0,12.0,170.6,0.8144,995731,0.026009
1961,225.0,14.0,171.8,0.8143,996318,0.015712
1962,210.0,12.0,173.2,0.8142,996845,0.020436
1963,110.0,9.0,172.8,0.8141,997488,0.011872
1964,210.0,12.0,174.1,0.8140,998295,0.104551
1965,180.0,11.0,174.3,0.8139,998821,0.004945
1966,135.0,9.0,174.4,0.8138,999200,0.008803
1967,245.0,17.0,176.0,0.8137,999863,0.014494
1968,350.0,12.0,178.8,0.8137,1000559,0.010735
1969,155.0,10.0,179.3,0.8136,1000947,0.167598
1970,205.0,14.0,178.3,0.8135,1001535,0.013593
1971,210.0,12.0,178.3,0.8134,1002001,0.008441
1972,445.0,16.0,181.2,0.8133,1002545,0.012124
1973,125.0,9.0,180.9,0.8132,1002951,0.025350
1974,70.0,7.0,180.6,0.8131,1003240,0.004941
1975,310.0,19.0,183.1,0.8130,1004008,0.006637
1976,455.0,17.0,186.8,0.8129,1004793,0.009203
1977,255.0,16.0,187.0,0.8128,1005658,0.013010
1978,120.0,8.0,186.7,0.8127,1006046,0.034023
1979,460.0,19.0,190.2,0.8126,1006777,0.144348
1980,180.0,11.0,190.7,0.8125,1007495,0.007600
1981,225.0,14.0,191.7,0.8124,1008115,0.187916
1982,135.0,9.0,191.7,0.8123,1008406,0.008626
1983,155.0,10.0,192.4,0.8122,1008894,0.004944
1984,180.0,11.0,191.4,0.8121,1009381,0.006241
1985,75.0,6.0,189.3,0.8120,1009730,0.008142
1986,180.0,11.0,189.9,0.8119,1010232,0.008440
1987,460.0,17.0,192.9,0.8119,1011020,0.010198
1988,120.0,8.0,193.8,0.8118,1011521,0.008062
1989,130.0,10.0,192.9,0.8117,1011989,0.030973
1990,45.0,5.0,192.8,0.8116,1012313,0.018727
1991,80.0,6.0,191.7,0.8115,1012690,0.019443
1992,120.0,8.0,191.5,0.8114,1013141,0.008817
1993,285.0,17.0,194.0,0.8113,1013740,0.013817
1994,155.0,10.0,194.3,0.8112,1014279,0.008289
1995,330.0,19.0,196.3,0.8111,1014921,0.013189
1996,210.0,12.0,196.6,0.8110,1015430,0.025681
1997,380.0,12.0,197.7,0.8109,1015988,0.009073
1998,80.0,6.0,197.4,0.8108,1016371,0.007057
1999,195.0,11.0,197.6,0.8107,1016869,0.136068
2000,65.0,6.0,197.4,0.8106,1017236,0.006103
2001,155.0,10.0,198.1,0.8105,1017731,0.010156
2002,215.0,16.0,198.7,0.8104,1018202,0.007007
2003,150.0,9.0,199.1,0.8103,1018572,0.008888
2004,285.0,17.0,201.1,0.8102,1019299,0.006874
2005,155.0,10.0,198.9,0.8101,1019894,0.011319
2006,135.0,9.0,197.9,0.8101,1020320,0.209051
2007,235.0,17.0,198.1,0.8100,1021020,0.010584
2008,180.0,11.0,198.7,0.8099,1021558,0.009826
2009,75.0,5.0,198.5,0.8098,1021938,0.016698
2010,415.0,14.0,199.8,0.8097,1022620,0.014467
2011,155.0,10.0,199.8,0.8096,1022975,0.021101
2012,200.0,13.0,199.9,0.8095,1023525,0.011661
2013,210.0,12.0,201.8,0.8094,1024047,0.129762
2014,195.0,13.0,203.0,0.8093,1024952,0.008365
2015,235.0,17.0,203.2,0.8092,1025714,0.007027
2016,425.0,15.0,204.9,0.8091,1026404,0.014109
2017,110.0,8.0,204.2,0.8090,1026738,0.160101
2018,150.0,10.0,204.2,0.8089,1027179,0.009191
2019,100.0,8.0,204.3,0.8088,1027660,0.005163
2020,120.0,8.0,203.9,0.8087,1028113,0.006638
2021,230.0,15.0,203.5,0.8086,1028617,0.005328
2022,125.0,9.0,202.9,0.8085,1028984,0.009861
2023,50.0,6.0,200.3,0.8084,1029255,0.014233
2024,80.0,7.0,199.6,0.8083,1029626,0.011242
2025,260.0,16.0,199.2,0.8083,1030360,0.007847
2026,260.0,16.0,200.6,0.8082,1031201,0.007668
2027,495.0,19.0,204.6,0.8081,1031881,0.125822
2028,150.0,11.0,204.0,0.8080,1032492,0.005920
2029,225.0,14.0,205.8,0.8079,1033101,0.012901
2030,285.0,18.0,206.4,0.8078,1033809,0.176530
2031,130.0,11.0,206.5,0.8077,1034376,0.010775
2032,155.0,10.0,204.2,0.8076,1034820,0.179743
2033,180.0,11.0,204.2,0.8075,1035348,0.012542
2034,155.0,10.0,204.5,0.8074,1035855,0.014393
2035,420.0,24.0,206.6,0.8073,1036899,0.021309
2036,180.0,11.0,207.2,0.8072,1037409,0.006178
2037,210.0,12.0,203.2,0.8071,1037992,0.008990
2038,195.0,14.0,202.8,0.8070,1038617,0.012563
2039,210.0,12.0,203.3,0.8069,1039122,0.008272
2040,280.0,19.0,201.2,0.8068,1039824,0.007334
2041,340.0,21.0,203.1,0.8067,1040667,0.011482
2042,210.0,12.0,202.9,0.8066,1041217,0.015776
2043,510.0,21.0,206.4,0.8065,1041955,0.023111
2044,170.0,13.0,206.0,0.8065,1042610,0.007898
2045,45.0,5.0,204.9,0.8064,1042982,0.007886
2046,245.0,15.0,206.7,0.8063,1043640,0.007857
2047,135.0,9.0,206.5,0.8062,1044125,0.017360
2048,215.0,13.0,206.6,0.8061,1044924,0.006660
2049,90.0,7.0,205.6,0.8060,1045320,0.006875
2050,105.0,8.0,204.7,0.8059,1045718,0.002978
2051,370.0,23.0,206.9,0.8058,1046441,0.008181
2052,135.0,9.0,206.1,0.8057,1046911,0.005112
2053,80.0,6.0,205.7,0.8056,1047176,0.010451
2054,250.0,15.0,204.3,0.8055,1047765,0.012484
2055,120.0,8.0,204.1,0.8054,1048164,0.020765
2056,340.0,19.0,205.7,0.8053,1048849,0.163863
2057,120.0,8.0,203.7,0.8052,1049233,0.003142
2058,110.0,7.0,203.0,0.8051,1049658,0.015346
2059,210.0,12.0,204.4,0.8050,1050190,0.006082
2060,80.0,7.0,203.2,0.8049,1050538,0.009940
2061,150.0,11.0,202.4,0.8048,1051114,0.017210
2062,215.0,13.0,202.4,0.8047,1051757,0.014081
2063,180.0,11.0,203.2,0.8047,1052260,0.012499
2064,80.0,6.0,201.8,0.8046,1052580,0.008937
2065,80.0,6.0,200.8,0.8045,1052986,0.009117
2066,110.0,7.0,200.6,0.8044,1053385,0.016533
2067,430.0,16.0,202.4,0.8043,1054064,0.006811
2068,125.0,9.0,200.2,0.8042,1054535,0.012124
2069,285.0,17.0,201.5,0.8041,1055132,0.141983
2070,435.0,14.0,203.8,0.8040,1055813,0.008087
2071,105.0,8.0,202.8,0.8039,1056204,0.006848
2072,225.0,14.0,200.6,0.8038,1056851,0.006231
2073,225.0,14.0,201.6,0.8037,1057539,0.005513
2074,65.0,6.0,201.5,0.8036,1057955,0.005006
2075,80.0,7.0,199.2,0.8035,1058252,0.016369
2076,285.0,19.0,197.5,0.8034,1058997,0.017548
2077,210.0,12.0,197.1,0.8033,1059543,0.009473
2078,150.0,10.0,197.3,0.8032,1060054,0.010412
2079,120.0,8.0,193.9,0.8031,1060561,0.019743
2080,190.0,11.0,194.1,0.8030,1061100,0.009530
2081,285.0,17.0,194.7,0.8029,1061791,0.009284
2082,80.0,7.0,194.1,0.8029,1062254,0.018230
2083,75.0,5.0,193.3,0.8028,1062553,0.018095
2084,85.0,6.0,192.3,0.8027,1062962,0.013943
2085,90.0,7.0,192.5,0.8026,1063355,0.140254
2086,210.0,12.0,192.8,0.8025,1063897,0.013776
2087,155.0,10.0,189.8,0.8024,1064316,0.008488
2088,380.0,12.0,192.3,0.8023,1064800,0.010517
2089,100.0,8.0,192.1,0.8022,1065292,0.020223
2090,15.0,2.0,191.8,0.8021,1065698,0.185289
2091,225.0,14.0,193.2,0.8020,1066231,0.011482
2092,225.0,14.0,194.2,0.8019,1066844,0.008652
2093,260.0,18.0,194.0,0.8018,1067495,0.159107
2094,485.0,18.0,197.3,0.8017,1068209,0.004217
2095,170.0,12.0,195.7,0.8016,1068999,0.005317
2096,190.0,14.0,195.5,0.8015,1069523,0.018097
2097,125.0,9.0,192.9,0.8014,1070043,0.019698
2098,95.0,9.0,193.1,0.8013,1070688,0.016791
2099,120.0,8.0,192.3,0.8012,1071220,0.190970
2100,135.0,9.0,193.1,0.8011,1071627,0.005448
2101,140.0,9.0,192.9,0.8011,1072165,0.010198
2102,180.0,11.0,192.6,0.8010,1072705,0.007102
2103,210.0,12.0,193.2,0.8009,1073286,0.007717
2104,220.0,15.0,192.5,0.8008,1073932,0.035942
2105,50.0,4.0,191.4,0.8007,1074316,0.011517
2106,155.0,10.0,191.7,0.8006,1074808,0.007830
2107,135.0,9.0,190.7,0.8005,1075321,0.012175
2108,180.0,11.0,190.7,0.8004,1076235,0.007760
2109,100.0,7.0,190.9,0.8003,1076636,0.017185
2110,250.0,17.0,189.2,0.8002,1077317,0.008851
2111,640.0,28.0,194.1,0.8001,1078360,0.008588
2112,65.0,6.0,192.8,0.8000,1078776,0.184188
2113,535.0,22.0,196.0,0.7999,1079560,0.008285
2114,125.0,9.0,195.3,0.7998,1080010,0.012449
2115,535.0,22.0,198.3,0.7997,1081022,0.155806
2116,140.0,9.0,195.4,0.7996,1081469,0.008021
2117,55.0,5.0,194.9,0.7995,1081859,0.011046
2118,150.0,11.0,194.9,0.7994,1082708,0.007793
2119,70.0,7.0,194.6,0.7993,1083089,0.013212
2120,210.0,12.0,195.5,0.7993,1083512,0.025323
2121,210.0,12.0,195.3,0.7992,1083997,0.019008
2122,105.0,6.0,195.1,0.7991,1084443,0.005292
2123,105.0,8.0,195.7,0.7990,1084972,0.007628
2124,75.0,5.0,195.6,0.7989,1085318,0.008698
2125,240.0,13.0,195.4,0.7988,1085875,0.009080
2126,210.0,14.0,194.9,0.7987,1086509,0.004266
2127,210.0,12.0,192.1,0.7986,1087012,0.007559
2128,135.0,8.0,191.9,0.7985,1087549,0.006060
2129,510.0,21.0,194.8,0.7984,1088289,0.005403
2130,210.0,12.0,194.0,0.7983,1088838,0.009345
2131,65.0,6.0,193.3,0.7982,1089166,0.007612
2132,125.0,9.0,193.1,0.7981,1089604,0.011814
2133,230.0,15.0,193.6,0.7980,1090222,0.033724
2134,160.0,10.0,193.6,0.7979,1090627,0.184180
2135,110.0,7.0,190.5,0.7978,1091118,0.005681
2136,275.0,18.0,191.4,0.7977,1091818,0.024450
2137,180.0,11.0,191.2,0.7976,1092237,0.007350
2138,180.0,11.0,191.0,0.7975,1092634,0.005821
2139,65.0,7.0,189.6,0.7975,1093145,0.006416
2140,95.0,8.0,187.7,0.7974,1093561,0.344167
2141,125.0,9.0,185.6,0.7973,1094046,0.010816
2142,110.0,7.0,184.6,0.7972,1094441,0.026990
2143,125.0,9.0,180.7,0.7971,1094845,0.009979
2144,305.0,22.0,182.1,0.7970,1095532,0.014239
2145,180.0,11.0,183.4,0.7969,1096046,0.004997
2146,40.0,5.0,181.3,0.7968,1096328,0.006875
2147,185.0,12.0,181.8,0.7967,1096845,0.118622
2148,275.0,20.0,182.4,0.7966,1097897,0.173177
2149,140.0,9.0,182.9,0.7965,1098415,0.007609
2150,240.0,15.0,184.3,0.7964,1099280,0.010398
2151,180.0,11.0,182.4,0.7963,1099696,0.006315
2152,30.0,3.0,181.3,0.7962,1100015,0.011614
2153,65.0,6.0,181.2,0.7961,1100459,0.010311
2154,130.0,10.0,180.0,0.7960,1100934,0.179904
2155,200.0,15.0,180.8,0.7959,1101558,0.011011
2156,215.0,13.0,179.6,0.7958,1102160,0.007682
2157,150.0,9.0,179.8,0.7957,1102676,0.009346
2158,215.0,14.0,180.9,0.7957,1103283,0.005142
2159,180.0,11.0,180.6,0.7956,1103804,0.004936
2160,125.0,9.0,181.1,0.7955,1104189,0.008572
2161,270.0,15.0,182.2,0.7954,1104812,0.006173
2162,180.0,11.0,181.9,0.7953,1105210,0.008665
2163,255.0,16.0,182.7,0.7952,1105895,0.154493
2164,155.0,10.0,183.4,0.7951,1106319,0.006115
2165,215.0,13.0,184.8,0.7950,1106950,0.021032
2166,80.0,7.0,184.4,0.7949,1107442,0.006646
2167,70.0,6.0,180.8,0.7948,1107825,0.006264
2168,125.0,9.0,180.8,0.7947,1108195,0.006061
2169,215.0,13.0,180.2,0.7946,1108918,0.010776
2170,105.0,8.0,176.8,0.7945,1109324,0.012649
2171,410.0,13.0,179.9,0.7944,1110013,0.020297
2172,185.0,11.0,179.5,0.7943,1110500,0.009884
2173,210.0,12.0,179.3,0.7942,1110986,0.015071
2174,10.0,2.0,178.8,0.7941,1111356,0.009759
2175,55.0,5.0,178.6,0.7940,1111698,0.139411
2176,425.0,15.0,179.9,0.7939,1112296,0.173468
2177,135.0,9.0,179.2,0.7939,1113139,0.010052
2178,425.0,15.0,181.9,0.7938,1113848,0.008551
2179,125.0,9.0,182.0,0.7937,1114256,0.014722
2180,60.0,6.0,180.7,0.7936,1114601,0.007398
2181,235.0,16.0,180.2,0.7935,1115277,0.005106
2182,480.0,19.0,184.2,0.7934,1116110,0.015851
2183,105.0,6.0,184.5,0.7933,1116490,0.016641
2184,210.0,12.0,185.8,0.7932,1116991,0.011179
2185,165.0,10.0,186.5,0.7931,1117453,0.008177
2186,305.0,20.0,187.4,0.7930,1118192,0.009343
2187,90.0,7.0,186.8,0.7929,1118684,0.006141
2188,35.0,4.0,183.3,0.7928,1118968,0.014860
2189,60.0,6.0,182.9,0.7927,1119328,0.004198
2190,210.0,12.0,184.9,0.7926,1119819,0.004543
2191,180.0,11.0,184.4,0.7925,1120356,0.177525
2192,65.0,6.0,182.8,0.7924,1120762,0.011309
2193,185.0,12.0,182.1,0.7923,1121287,0.017882
2194,285.0,17.0,180.1,0.7922,1121930,0.012995
2195,135.0,9.0,179.8,0.7921,1122272,0.018630
2196,180.0,11.0,179.7,0.7921,1122741,0.007211
2197,140.0,10.0,179.8,0.7920,1123299,0.008067
2198,205.0,14.0,180.9,0.7919,1123921,0.002564
2199,140.0,11.0,181.1,0.7918,1124493,0.011993
2200,80.0,7.0,180.6,0.7917,1124790,0.009212
2201,210.0,12.0,181.2,0.7916,1125332,0.008844
2202,650.0,28.0,185.9,0.7915,1126253,0.012203
2203,210.0,12.0,185.9,0.7914,1126802,0.007965
2204,80.0,6.0,184.6,0.7913,1127312,0.004200
2205,190.0,14.0,185.9,0.7912,1127992,0.012838
2206,185.0,12.0,186.2,0.7911,1128532,0.003490
2207,55.0,5.0,185.4,0.7910,1128825,0.006546
2208,105.0,8.0,184.7,0.7909,1129164,0.026495
2209,245.0,15.0,186.2,0.7908,1129843,0.006804
2210,275.0,16.0,186.4,0.7907,1130580,0.010472
2211,90.0,7.0,180.9,0.7906,1130955,0.017466
2212,215.0,13.0,182.4,0.7905,1131624,0.008764
2213,125.0,9.0,178.3,0.7904,1131965,0.008734
2214,155.0,10.0,178.6,0.7903,1132568,0.008033
2215,210.0,12.0,175.3,0.7903,1132985,0.008221
2216,155.0,10.0,175.5,0.7902,1133384,0.024457
2217,155.0,11.0,176.5,0.7901,1133848,0.004902
2218,315.0,18.0,178.2,0.7900,1134644,0.007601
2219,100.0,8.0,178.4,0.7899,1135048,0.007269
2220,200.0,13.0,178.3,0.7898,1135922,0.007005
2221,165.0,12.0,177.9,0.7897,1136454,0.016185
2222,180.0,11.0,178.7,0.7896,1136987,0.165278
2223,210.0,12.0,179.7,0.7895,1137514,0.005627
2224,240.0,15.0,181.3,0.7894,1138237,0.003792
2225,210.0,12.0,181.1,0.7893,1138818,0.016517
2226,370.0,22.0,182.7,0.7892,1139553,0.026126
2227,155.0,10.0,182.1,0.7891,1140033,0.017180
2228,125.0,9.0,182.0,0.7890,1140459,0.135657
2229,50.0,4.0,177.4,0.7889,1140870,0.008534
2230,225.0,14.0,177.6,0.7888,1141799,0.005051
2231,210.0,12.0,179.0,0.7887,1142282,0.009613
2232,210.0,15.0,179.8,0.7886,1143124,0.007629
2233,210.0,12.0,179.7,0.7885,1143656,0.005558
2234,135.0,9.0,179.4,0.7885,1144122,0.045206
2235,150.0,10.0,179.8,0.7884,1144615,0.006095
2236,210.0,12.0,179.2,0.7883,1145170,0.180566
2237,105.0,6.0,178.4,0.7882,1145560,0.009954
2238,210.0,12.0,178.7,0.7881,1146094,0.008355
2239,205.0,14.0,180.1,0.7880,1146704,0.007159
2240,590.0,24.0,185.1,0.7879,1147416,0.010041
2241,45.0,5.0,184.2,0.7878,1147791,0.006731
2242,85.0,6.0,184.0,0.7877,1148176,0.007126
2243,10.0,2.0,182.8,0.7876,1148475,0.005939
2244,125.0,8.0,181.1,0.7875,1148942,0.004525
2245,225.0,14.0,181.5,0.7874,1149636,0.005665
2246,155.0,10.0,182.7,0.7873,1150113,0.185200
2247,195.0,13.0,182.8,0.7872,1150635,0.010609
2248,100.0,8.0,181.0,0.7871,1150925,0.014334
2249,75.0,7.0,180.3,0.7870,1151320,0.019420
2250,60.0,4.0,178.6,0.7869,1151612,0.008586
2251,180.0,11.0,178.6,0.7868,1152107,0.022213
2252,210.0,12.0,180.3,0.7867,1152718,0.008311
2253,80.0,6.0,180.5,0.7867,1153145,0.013010
2254,125.0,8.0,180.4,0.7866,1153579,0.006070
2255,215.0,13.0,180.6,0.7865,1154172,0.011263
2256,210.0,12.0,180.6,0.7864,1154699,0.011830
2257,135.0,9.0,180.4,0.7863,1155086,0.010968
2258,180.0,11.0,180.1,0.7862,1155625,0.165201
2259,20.0,3.0,178.4,0.7861,1155881,0.010545
2260,210.0,12.0,179.3,0.7860,1156251,0.005006
2261,210.0,12.0,178.7,0.7859,1156839,0.012031
2262,205.0,12.0,178.9,0.7858,1157428,0.006708
2263,65.0,6.0,177.1,0.7857,1157727,0.007736
2264,185.0,12.0,177.3,0.7856,1158199,0.003785
2265,125.0,9.0,176.4,0.7855,1158694,0.011327
2266,80.0,6.0,176.4,0.7854,1158984,0.004736
2267,110.0,7.0,176.8,0.7853,1159420,0.010949
2268,245.0,17.0,178.1,0.7852,1160174,0.012035
2269,285.0,17.0,178.8,0.7851,1160985,0.009017
2270,375.0,24.0,181.4,0.7850,1161748,0.010499
2271,400.0,15.0,181.3,0.7849,1162427,0.011625
2272,105.0,8.0,180.6,0.7849,1162729,0.002461
2273,225.0,14.0,180.7,0.7848,1163394,0.009954
2274,100.0,8.0,181.6,0.7847,1163818,0.187672
2275,240.0,15.0,183.4,0.7846,1164468,0.015699
2276,210.0,12.0,181.3,0.7845,1165036,0.033457
2277,340.0,21.0,183.3,0.7844,1165911,0.004676
2278,225.0,14.0,181.3,0.7843,1166531,0.011701
2279,80.0,7.0,180.9,0.7842,1166952,0.193557
2280,80.0,7.0,181.1,0.7841,1167239,0.008481
2281,110.0,7.0,179.8,0.7840,1167716,0.007813
2282,560.0,24.0,180.7,0.7839,1168610,0.006277
2283,335.0,21.0,182.9,0.7838,1169356,0.008086
2284,90.0,7.0,181.8,0.7837,1169702,0.011592
2285,80.0,6.0,180.9,0.7836,1170071,0.009542
2286,180.0,11.0,179.7,0.7835,1170609,0.009844
2287,50.0,5.0,179.2,0.7834,1170971,0.011734
2288,215.0,14.0,181.1,0.7833,1171838,0.006119
2289,110.0,7.0,181.6,0.7832,1172191,0.014036
2290,105.0,8.0,180.5,0.7831,1172613,0.160577
2291,165.0,12.0,180.3,0.7831,1173005,0.011896
2292,95.0,7.0,180.7,0.7830,1173302,0.198216
2293,285.0,17.0,181.7,0.7829,1174172,0.017605
2294,165.0,10.0,180.4,0.7828,1174659,0.005833
2295,105.0,8.0,180.2,0.7827,1175059,0.009670
2296,55.0,5.0,178.9,0.7826,1175344,0.007257
2297,260.0,16.0,180.1,0.7825,1175911,0.007801
2298,285.0,18.0,180.9,0.7824,1176610,0.182779
2299,180.0,11.0,181.3,0.7823,1177068,0.005657
2300,30.0,4.0,180.8,0.7822,1177325,0.008816
2301,185.0,11.0,180.6,0.7821,1177736,0.309653
2302,115.0,8.0,175.2,0.7820,1178158,0.198221
2303,105.0,8.0,174.2,0.7819,1178449,0.007000
2304,190.0,14.0,175.2,0.7818,1179118,0.012980
2305,105.0,8.0,174.4,0.7817,1179488,0.197593
2306,230.0,15.0,174.8,0.7816,1180095,0.010599
2307,265.0,18.0,176.9,0.7815,1181022,0.016667
2308,315.0,18.0,179.1,0.7814,1181859,0.019185
2309,130.0,9.0,177.9,0.7813,1182225,0.011642
2310,125.0,10.0,176.4,0.7813,1182567,0.006556
2311,155.0,10.0,177.1,0.7812,1183031,0.111810
2312,45.0,5.0,175.3,0.7811,1183461,0.008694
2313,155.0,10.0,175.7,0.7810,1183900,0.008483
2314,80.0,6.0,174.9,0.7809,1184256,0.012804
2315,80.0,6.0,173.6,0.7808,1184662,0.010481
2316,55.0,5.0,172.6,0.7807,1184963,0.003022
2317,310.0,22.0,174.2,0.7806,1185874,0.193059
2318,75.0,5.0,171.8,0.7805,1186182,0.007746
2319,200.0,12.0,172.8,0.7804,1186670,0.004244
2320,210.0,12.0,172.8,0.7803,1187219,0.003824
2321,215.0,13.0,173.3,0.7802,1187844,0.005316
2322,140.0,10.0,172.9,0.7801,1188251,0.005657
2323,35.0,4.0,171.2,0.7800,1188653,0.017546
2324,150.0,11.0,170.3,0.7799,1189115,0.004895
2325,325.0,20.0,171.4,0.7798,1189879,0.009031
2326,125.0,9.0,169.0,0.7797,1190304,0.152459
2327,180.0,11.0,169.2,0.7796,1190789,0.009344
2328,225.0,14.0,170.2,0.7795,1191487,0.007264
2329,290.0,18.0,172.7,0.7795,1192255,0.010656
2330,120.0,8.0,171.6,0.7794,1192650,0.114791
2331,60.0,6.0,170.1,0.7793,1193011,0.010767
2332,125.0,9.0,169.2,0.7792,1193484,0.009986
2333,135.0,9.0,168.5,0.7791,1193872,0.013609
2334,45.0,5.0,167.6,0.7790,1194166,0.004472
2335,210.0,12.0,168.2,0.7789,1195271,0.009956
2336,85.0,7.0,166.9,0.7788,1195629,0.008262
2337,275.0,18.0,168.7,0.7787,1196356,0.007743
2338,240.0,15.0,168.9,0.7786,1197010,0.005353
2339,135.0,9.0,168.2,0.7785,1197495,0.012139
2340,65.0,6.0,163.0,0.7784,1197871,0.182790
2341,530.0,22.0,167.8,0.7783,1198744,0.014695
2342,180.0,11.0,168.8,0.7782,1199191,0.008927
2343,460.0,17.0,173.3,0.7781,1199851,0.009313
2344,110.0,7.0,173.2,0.7780,1200251,0.010899
2345,320.0,19.0,174.1,0.7779,1201010,0.008859
2346,120.0,8.0,173.8,0.7778,1201565,0.175128
2347,70.0,7.0,172.5,0.7777,1202023,0.009966
2348,210.0,12.0,173.6,0.7777,1202534,0.008901
2349,155.0,10.0,174.4,0.7776,1202909,0.008524
2350,105.0,8.0,174.8,0.7775,1203374,0.007852
2351,135.0,10.0,174.4,0.7774,1203845,0.010440
2352,150.0,9.0,173.8,0.7773,1204230,0.006124
2353,155.0,10.0,174.6,0.7772,1204786,0.009529
2354,165.0,12.0,174.9,0.7771,1205294,0.005769
2355,90.0,7.0,173.7,0.7770,1205594,0.008210
2356,65.0,6.0,172.2,0.7769,1206043,0.008303
2357,155.0,10.0,172.4,0.7768,1206539,0.004387
2358,135.0,9.0,172.0,0.7767,1207039,0.017982
2359,215.0,13.0,173.9,0.7766,1207683,0.013897
2360,215.0,13.0,174.0,0.7765,1208289,0.011385
2361,195.0,13.0,173.8,0.7764,1208882,0.171800
2362,135.0,9.0,173.2,0.7763,1209367,0.005786
2363,335.0,20.0,175.8,0.7762,1210153,0.013886
2364,510.0,31.0,179.1,0.7761,1211231,0.204033
2365,150.0,10.0,179.3,0.7760,1211686,0.004760
2366,80.0,7.0,179.3,0.7759,1211982,0.008829
2367,45.0,4.0,178.7,0.7759,1212360,0.014028
2368,125.0,9.0,177.5,0.7758,1213012,0.014867
2369,100.0,8.0,175.7,0.7757,1213457,0.006477
2370,90.0,8.0,172.8,0.7756,1213908,0.152559
2371,220.0,15.0,171.0,0.7755,1214622,0.008589
2372,210.0,12.0,172.1,0.7754,1215248,0.024264
2373,220.0,16.0,172.0,0.7753,1215981,0.019297
2374,180.0,11.0,172.8,0.7752,1216497,0.004933
2375,240.0,15.0,172.8,0.7751,1217142,0.010873
2376,235.0,14.0,173.1,0.7750,1217757,0.006184
2377,115.0,8.0,170.8,0.7749,1218300,0.015477
2378,415.0,15.0,172.7,0.7748,1218987,0.015634
2379,250.0,15.0,174.4,0.7747,1219606,0.014690
2380,210.0,12.0,175.7,0.7746,1220073,0.016984
2381,210.0,12.0,176.7,0.7745,1220561,0.013515
2382,135.0,9.0,172.4,0.7744,1221042,0.017787
2383,180.0,11.0,170.9,0.7743,1221516,0.009488
2384,180.0,11.0,171.8,0.7742,1222172,0.012987
2385,185.0,13.0,172.8,0.7741,1222760,0.012339
2386,145.0,9.0,172.5,0.7741,1223157,0.009271
2387,255.0,15.0,174.6,0.7740,1223786,0.005496
2388,120.0,8.0,173.6,0.7739,1224162,0.177968
2389,215.0,13.0,174.7,0.7738,1224784,0.006021
2390,185.0,13.0,175.4,0.7737,1225352,0.193280
2391,120.0,8.0,175.0,0.7736,1225687,0.009706
2392,430.0,16.0,178.3,0.7735,1226356,0.007456
2393,120.0,8.0,176.7,0.7734,1226863,0.008388
2394,170.0,12.0,176.8,0.7733,1227430,0.007624
2395,105.0,8.0,176.8,0.7732,1227873,0.024300
2396,155.0,10.0,177.8,0.7731,1228376,0.007749
2397,50.0,4.0,175.7,0.7730,1228667,0.005064
2398,215.0,13.0,174.9,0.7729,1229304,0.013802
2399,120.0,7.0,174.3,0.7728,1229708,0.009050
2400,95.0,7.0,175.0,0.7727,1230088,0.006634
2401,215.0,13.0,175.3,0.7726,1230626,0.020682
2402,125.0,9.0,175.4,0.7725,1230918,0.011614
2403,200.0,14.0,176.3,0.7724,1231451,0.042355
2404,155.0,10.0,176.0,0.7723,1231875,0.006271
2405,155.0,10.0,176.5,0.7723,1232275,0.017703
2406,50.0,4.0,174.7,0.7722,1232576,0.004258
2407,105.0,8.0,173.1,0.7721,1233004,0.014000
2408,210.0,12.0,172.1,0.7720,1233593,0.006897
2409,105.0,8.0,171.8,0.7719,1233966,0.007692
2410,150.0,10.0,172.1,0.7718,1234345,0.009722
2411,410.0,13.0,174.6,0.7717,1234873,0.007489
2412,105.0,8.0,175.2,0.7716,1235244,0.008667
2413,155.0,10.0,175.2,0.7715,1235618,0.009838
2414,165.0,10.0,176.1,0.7714,1236204,0.006790
2415,210.0,12.0,177.3,0.7713,1236601,0.182795
2416,155.0,10.0,178.3,0.7712,1237082,0.003627
2417,80.0,7.0,176.1,0.7711,1237366,0.005309
2418,295.0,20.0,178.2,0.7710,1238239,0.011515
2419,180.0,11.0,178.1,0.7709,1238692,0.013201
2420,80.0,6.0,176.8,0.7708,1239118,0.006913
2421,160.0,10.0,176.2,0.7707,1239623,0.138271
2422,210.0,12.0,176.9,0.7706,1240136,0.010945
2423,265.0,16.0,179.2,0.7705,1240710,0.011137
2424,270.0,16.0,180.4,0.7705,1241337,0.015729
2425,150.0,11.0,178.7,0.7704,1241836,0.008279
2426,265.0,17.0,180.1,0.7703,1242480,0.163575
2427,85.0,7.0,179.1,0.7702,1242774,0.008305
2428,150.0,13.0,178.3,0.7701,1243308,0.186347
2429,125.0,9.0,176.7,0.7700,1243609,0.011026
2430,215.0,13.0,177.7,0.7699,1244138,0.141367
2431,180.0,11.0,178.8,0.7698,1244490,0.007338
2432,515.0,19.0,182.8,0.7697,1245105,0.007713
2433,210.0,12.0,183.5,0.7696,1245643,0.012706
2434,150.0,11.0,184.6,0.7695,1246254,0.186260
2435,210.0,12.0,184.6,0.7694,1246821,0.007146
2436,155.0,10.0,185.2,0.7693,1247341,0.009713
2437,125.0,9.0,183.8,0.7692,1247824,0.006266
2438,60.0,5.0,181.9,0.7691,1248160,0.015633
2439,105.0,8.0,181.7,0.7690,1248523,0.166074
2440,240.0,13.0,183.4,0.7689,1249448,0.004173
2441,315.0,20.0,181.2,0.7688,1250165,0.006363
2442,125.0,9.0,180.7,0.7687,1250582,0.017957
2443,320.0,21.0,179.3,0.7687,1251407,0.113177
2444,210.0,12.0,180.3,0.7686,1251880,0.023384
2445,45.0,4.0,177.6,0.7685,1252140,0.014311
2446,45.0,5.0,176.8,0.7684,1252428,0.010696
2447,210.0,12.0,178.2,0.7683,1253049,0.010118
2448,45.0,5.0,176.6,0.7682,1253327,0.006616
2449,110.0,9.0,176.1,0.7681,1253739,0.158137
2450,110.0,8.0,176.2,0.7680,1254022,0.160097
2451,455.0,17.0,179.3,0.7679,1254784,0.005362
2452,160.0,10.0,179.4,0.7678,1255383,0.006629
2453,270.0,16.0,180.6,0.7677,1256068,0.008854
2454,140.0,9.0,180.3,0.7676,1256498,0.186768
2455,125.0,9.0,180.7,0.7675,1256799,0.016312
2456,120.0,8.0,181.2,0.7674,1257268,0.004247
2457,105.0,8.0,180.8,0.7673,1257655,0.005964
2458,240.0,15.0,181.8,0.7672,1258434,0.003177
2459,290.0,17.0,182.6,0.7671,1259234,0.007889
2460,230.0,14.0,182.7,0.7670,1259926,0.009054
2461,255.0,15.0,183.3,0.7669,1260535,0.008798
2462,230.0,16.0,184.2,0.7669,1261064,0.007438
2463,230.0,15.0,183.2,0.7668,1261709,0.006533
2464,105.0,8.0,179.2,0.7667,1262131,0.007658
2465,130.0,8.0,178.9,0.7666,1262489,0.007642
2466,340.0,22.0,181.6,0.7665,1263266,0.187707
2467,125.0,9.0,182.3,0.7664,1263749,0.014792
2468,225.0,14.0,183.3,0.7663,1264426,0.006790
2469,105.0,8.0,183.4,0.7662,1264826,0.014259
2470,90.0,7.0,183.4,0.7661,1265246,0.013487
2471,240.0,15.0,183.6,0.7660,1265861,0.005452
2472,215.0,13.0,183.7,0.7659,1266520,0.165748
2473,80.0,7.0,182.2,0.7658,1266909,0.013478
2474,210.0,12.0,182.6,0.7657,1267508,0.169892
2475,250.0,15.0,182.7,0.7656,1268153,0.008726
2476,260.0,16.0,182.9,0.7655,1268797,0.004550
2477,185.0,11.0,183.6,0.7654,1269300,0.016136
2478,170.0,11.0,181.2,0.7653,1269859,0.004850
2479,210.0,12.0,180.8,0.7652,1270392,0.176180
2480,290.0,18.0,181.6,0.7651,1271138,0.019975
2481,215.0,13.0,181.6,0.7651,1271652,0.006025
2482,120.0,8.0,181.4,0.7650,1272022,0.008029
2483,405.0,16.0,183.7,0.7649,1272837,0.158559
2484,180.0,11.0,183.7,0.7648,1273350,0.008277
2485,190.0,11.0,183.8,0.7647,1273943,0.011166
2486,80.0,7.0,183.1,0.7646,1274310,0.109767
2487,50.0,5.0,181.1,0.7645,1274753,0.181389
2488,50.0,5.0,180.3,0.7644,1275012,0.008961
2489,255.0,16.0,180.8,0.7643,1275570,0.021237
2490,160.0,11.0,180.5,0.7642,1276087,0.010985
2491,120.0,8.0,180.5,0.7641,1276501,0.007014
2492,225.0,14.0,178.4,0.7640,1277130,0.004126
2493,205.0,14.0,179.3,0.7639,1277897,0.013424
2494,160.0,14.0,179.2,0.7638,1278486,0.003969
2495,210.0,12.0,180.2,0.7637,1279056,0.010790
2496,150.0,9.0,180.2,0.7636,1279461,0.006116
2497,155.0,10.0,181.2,0.7635,1279981,0.157331
2498,185.0,13.0,180.9,0.7634,1280610,0.014083
2499,210.0,12.0,181.8,0.7633,1281211,0.008266
2500,210.0,12.0,183.0,0.7633,1281719,0.012541
2501,35.0,4.0,181.2,0.7632,1282001,0.007931
2502,135.0,9.0,181.3,0.7631,1282495,0.005861
2503,320.0,19.0,182.5,0.7630,1283217,0.139657
2504,90.0,9.0,181.8,0.7629,1283872,0.019185
2505,180.0,11.0,182.1,0.7628,1284344,0.010127
2506,210.0,12.0,183.7,0.7627,1284931,0.007445
2507,90.0,7.0,183.6,0.7626,1285270,0.007411
2508,210.0,12.0,183.6,0.7625,1285720,0.016794
2509,120.0,8.0,183.7,0.7624,1286216,0.007979
2510,215.0,13.0,184.3,0.7623,1286819,0.007376
2511,260.0,16.0,182.8,0.7622,1287410,0.009481
2512,165.0,10.0,183.4,0.7621,1287836,0.004666
2513,100.0,7.0,182.9,0.7620,1288217,0.008483
2514,120.0,8.0,182.4,0.7619,1288575,0.154087
2515,210.0,12.0,182.4,0.7618,1289109,0.004827
2516,60.0,6.0,181.5,0.7617,1289583,0.002944
2517,65.0,6.0,181.3,0.7616,1289879,0.008988
2518,210.0,12.0,180.5,0.7615,1290478,0.006141
2519,65.0,5.0,179.3,0.7615,1290908,0.007501
2520,135.0,9.0,179.9,0.7614,1291323,0.012547
2521,110.0,8.0,179.4,0.7613,1291610,0.010746
2522,225.0,14.0,179.6,0.7612,1292135,0.006738
2523,185.0,11.0,178.8,0.7611,1292534,0.007538
2524,240.0,15.0,178.4,0.7610,1293136,0.195056
2525,55.0,5.0,177.5,0.7609,1293505,0.018252
2526,100.0,8.0,175.8,0.7608,1293825,0.009760
2527,155.0,10.0,176.6,0.7607,1294246,0.206629
2528,210.0,12.0,177.2,0.7606,1294766,0.011043
2529,155.0,10.0,177.4,0.7605,1295155,0.008085
2530,80.0,7.0,176.1,0.7604,1295443,0.172171
2531,195.0,13.0,176.2,0.7603,1296042,0.021265
2532,165.0,10.0,172.8,0.7602,1296413,0.009229
2533,105.0,8.0,171.7,0.7601,1296888,0.005991
2534,215.0,13.0,172.3,0.7600,1297427,0.125159
2535,260.0,16.0,172.8,0.7599,1298014,0.008070
2536,100.0,9.0,172.3,0.7598,1298559,0.007886
2537,60.0,5.0,171.7,0.7597,1298814,0.006288
2538,210.0,12.0,173.2,0.7597,1299282,0.012963
2539,55.0,5.0,172.7,0.7596,1299568,0.008987
2540,105.0,8.0,171.3,0.7595,1299915,0.008004
2541,580.0,26.0,173.9,0.7594,1300776,0.018598
2542,255.0,17.0,175.2,0.7593,1301373,0.009153
2543,180.0,11.0,173.8,0.7592,1301857,0.014748
2544,105.0,7.0,172.8,0.7591,1302264,0.026661
2545,205.0,12.0,174.4,0.7590,1302838,0.013683
2546,210.0,12.0,176.1,0.7589,1303331,0.007190
2547,180.0,11.0,175.8,0.7588,1303820,0.008379
2548,230.0,13.0,177.6,0.7587,1304471,0.012010
2549,210.0,12.0,178.6,0.7586,1305091,0.010395
2550,65.0,6.0,178.2,0.7585,1305437,0.007236
2551,285.0,17.0,176.4,0.7584,1306150,0.004640
2552,210.0,12.0,176.9,0.7583,1306743,0.007685
2553,225.0,14.0,176.5,0.7582,1307353,0.004545
2554,210.0,14.0,177.2,0.7581,1307989,0.009514
2555,180.0,11.0,177.8,0.7580,1308399,0.006649
2556,210.0,12.0,178.7,0.7579,1308959,0.007156
2557,135.0,9.0,178.9,0.7579,1309428,0.006207
2558,230.0,15.0,178.8,0.7578,1309979,0.190576
2559,455.0,17.0,180.5,0.7577,1310811,0.014398
2560,150.0,9.0,179.7,0.7576,1311237,0.159211
2561,135.0,9.0,178.5,0.7575,1311600,0.010090
2562,105.0,8.0,177.2,0.7574,1311944,0.010164
2563,260.0,18.0,177.6,0.7573,1312640,0.024955
2564,105.0,8.0,177.6,0.7572,1313015,0.012220
2565,180.0,11.0,178.1,0.7571,1313504,0.005479
2566,210.0,12.0,176.8,0.7570,1314099,0.007170
2567,240.0,15.0,177.9,0.7569,1314905,0.010936
2568,210.0,14.0,177.8,0.7568,1315542,0.005866
2569,180.0,11.0,178.5,0.7567,1316113,0.010143
2570,260.0,16.0,180.2,0.7566,1316712,0.006996
2571,475.0,19.0,182.6,0.7565,1317446,0.013959
2572,270.0,16.0,183.1,0.7564,1318161,0.006086
2573,125.0,9.0,183.6,0.7563,1318453,0.235947
2574,280.0,18.0,184.2,0.7562,1319535,0.005785
2575,210.0,12.0,183.8,0.7561,1319998,0.009266
2576,180.0,12.0,183.1,0.7561,1320502,0.039245
2577,230.0,14.0,183.5,0.7560,1321150,0.010101
2578,210.0,12.0,183.9,0.7559,1321685,0.010322
2579,210.0,12.0,183.9,0.7558,1322240,0.007519
2580,150.0,10.0,182.5,0.7557,1322754,0.011535
2581,60.0,6.0,180.9,0.7556,1323051,0.007985
2582,490.0,18.0,184.7,0.7555,1323842,0.017661
2583,415.0,14.0,184.8,0.7554,1324463,0.008736
2584,210.0,12.0,185.1,0.7553,1324917,0.013089
2585,20.0,3.0,183.3,0.7552,1325214,0.006571
2586,185.0,11.0,184.4,0.7551,1325732,0.011657
2587,100.0,8.0,184.9,0.7550,1326202,0.004427
2588,135.0,9.0,185.8,0.7549,1326652,0.187819
2589,75.0,5.0,183.9,0.7548,1326980,0.004035
2590,175.0,13.0,184.1,0.7547,1327555,0.280700
2591,295.0,19.0,185.8,0.7546,1328205,0.010499
2592,135.0,9.0,184.9,0.7545,1328754,0.005201
2593,220.0,13.0,185.1,0.7544,1329311,0.004238
2594,215.0,13.0,185.7,0.7543,1329933,0.183519
2595,135.0,7.0,184.9,0.7543,1330550,0.007362
2596,135.0,9.0,184.8,0.7542,1330936,0.006714
2597,530.0,21.0,188.5,0.7541,1331567,0.010061
2598,80.0,7.0,187.4,0.7540,1331862,0.005335
2599,155.0,10.0,186.9,0.7539,1332236,0.008772
2600,155.0,10.0,186.3,0.7538,1332647,0.016191
2601,55.0,5.0,186.6,0.7537,1333065,0.207650
2602,135.0,9.0,186.6,0.7536,1333446,0.005219
2603,145.0,13.0,184.8,0.7535,1334152,0.017065
2604,335.0,19.0,187.2,0.7534,1334943,0.007803
2605,485.0,18.0,190.3,0.7533,1335542,0.004782
2606,215.0,13.0,190.3,0.7532,1336101,0.007053
2607,260.0,16.0,192.1,0.7531,1336731,0.003816
2608,465.0,29.0,194.6,0.7530,1337637,0.004274
2609,240.0,15.0,195.8,0.7529,1338256,0.009064
2610,110.0,7.0,194.8,0.7528,1338717,0.005739
2611,120.0,8.0,193.3,0.7527,1339134,0.022964
2612,115.0,7.0,192.8,0.7526,1339651,0.026617
2613,155.0,10.0,193.4,0.7525,1340069,0.017473
2614,125.0,9.0,193.4,0.7525,1340499,0.019869
2615,180.0,11.0,193.2,0.7524,1340878,0.012911
2616,135.0,8.0,193.9,0.7523,1341260,0.007822
2617,155.0,10.0,194.8,0.7522,1341750,0.014027
2618,190.0,12.0,194.6,0.7521,1342330,0.010273
2619,140.0,11.0,195.3,0.7520,1342830,0.009251
2620,195.0,13.0,195.9,0.7519,1343340,0.005549
2621,180.0,11.0,196.7,0.7518,1343835,0.005732
2622,30.0,3.0,194.7,0.7517,1344094,0.006003
2623,160.0,10.0,194.4,0.7516,1344561,0.005110
2624,210.0,12.0,194.2,0.7515,1345000,0.008238
2625,415.0,14.0,197.8,0.7514,1345977,0.010776
2626,200.0,15.0,198.8,0.7513,1346714,0.008017
2627,210.0,12.0,199.3,0.7512,1347189,0.011236
2628,110.0,8.0,198.3,0.7511,1347607,0.003409
2629,240.0,15.0,199.2,0.7510,1348303,0.010134
2630,145.0,9.0,199.8,0.7509,1348793,0.022361
2631,210.0,12.0,199.9,0.7508,1349374,0.005225
2632,155.0,10.0,199.8,0.7507,1349843,0.008028
2633,80.0,7.0,199.6,0.7507,1350256,0.009046
2634,210.0,12.0,199.6,0.7506,1350681,0.011773
2635,225.0,14.0,199.2,0.7505,1351269,0.008646
2636,120.0,8.0,199.4,0.7504,1351674,0.185798
2637,160.0,10.0,200.4,0.7503,1352131,0.022911
2638,130.0,10.0,199.6,0.7502,1352531,0.012480
2639,210.0,12.0,201.2,0.7501,1353028,0.005155
2640,105.0,8.0,201.2,0.7500,1353464,0.003746
2641,125.0,9.0,196.6,0.7499,1353884,0.185209
2642,65.0,6.0,194.7,0.7498,1354322,0.007043
2643,230.0,15.0,195.2,0.7497,1354851,0.010479
2644,60.0,6.0,194.8,0.7496,1355129,0.004705
2645,530.0,21.0,198.0,0.7495,1355951,0.015230
2646,220.0,13.0,198.1,0.7494,1356530,0.005336
2647,65.0,6.0,196.9,0.7493,1356902,0.006866
2648,225.0,14.0,196.9,0.7492,1357431,0.009713
2649,125.0,9.0,196.1,0.7491,1357796,0.004626
2650,65.0,7.0,196.1,0.7490,1358128,0.005919
2651,90.0,7.0,194.1,0.7489,1358544,0.014487
2652,210.0,14.0,194.1,0.7489,1359142,0.006740
2653,125.0,9.0,193.1,0.7488,1359509,0.005432
2654,350.0,23.0,194.5,0.7487,1360190,0.010897
2655,290.0,20.0,195.6,0.7486,1360904,0.006325
2656,180.0,11.0,195.3,0.7485,1361417,0.008174
2657,60.0,5.0,194.6,0.7484,1361792,0.005013
2658,210.0,12.0,194.3,0.7483,1362272,0.141474
2659,125.0,9.0,191.1,0.7482,1362603,0.008816
2660,55.0,5.0,190.1,0.7481,1362898,0.245413
2661,80.0,7.0,189.6,0.7480,1363270,0.007575
2662,65.0,5.0,189.2,0.7479,1363558,0.007225
2663,330.0,20.0,189.8,0.7478,1364600,0.008601
2664,80.0,7.0,189.6,0.7477,1364977,0.006505
2665,80.0,7.0,188.6,0.7476,1365271,0.011579
2666,210.0,12.0,188.6,0.7475,1365782,0.006957
2667,625.0,26.0,192.4,0.7474,1366724,0.015855
2668,180.0,11.0,192.2,0.7473,1367266,0.200793
2669,50.0,6.0,190.8,0.7472,1367590,0.009014
2670,125.0,9.0,189.5,0.7471,1367957,0.011635
2671,85.0,6.0,185.6,0.7471,1368280,0.008722
2672,135.0,9.0,184.2,0.7470,1368654,0.003001
2673,155.0,10.0,184.6,0.7469,1369204,0.005940
2674,180.0,11.0,183.6,0.7468,1369776,0.007060
2675,415.0,14.0,185.6,0.7467,1370473,0.011251
2676,180.0,11.0,185.6,0.7466,1370880,0.010593
2677,240.0,16.0,185.7,0.7465,1371658,0.007393
2678,105.0,8.0,184.7,0.7464,1372059,0.016662
2679,125.0,9.0,183.8,0.7463,1372452,0.006284
2680,345.0,21.0,185.8,0.7462,1373259,0.022558
2681,200.0,14.0,187.2,0.7461,1373873,0.017140
2682,80.0,7.0,183.1,0.7460,1374238,0.159165
2683,60.0,6.0,179.5,0.7459,1374731,0.004427
2684,225.0,14.0,179.7,0.7458,1375315,0.021394
2685,55.0,5.0,180.0,0.7457,1375724,0.010275
2686,280.0,18.0,180.9,0.7456,1376400,0.008887
2687,80.0,7.0,180.8,0.7455,1376796,0.005802
2688,415.0,14.0,183.6,0.7454,1377402,0.014602
2689,360.0,23.0,186.4,0.7453,1378368,0.023760
2690,180.0,11.0,186.4,0.7453,1378849,0.004032
2691,375.0,24.0,187.2,0.7452,1379496,0.008483
2692,180.0,14.0,187.7,0.7451,1380123,0.180541
2693,365.0,22.0,189.2,0.7450,1380923,0.022812
2694,215.0,13.0,189.2,0.7449,1381525,0.009337
2695,205.0,14.0,189.8,0.7448,1382194,0.009003
2696,30.0,3.0,188.8,0.7447,1382472,0.009175
2697,160.0,11.0,185.1,0.7446,1383000,0.186852
2698,310.0,20.0,187.4,0.7445,1383766,0.005202
2699,80.0,7.0,186.7,0.7444,1384217,0.009591
2700,185.0,11.0,186.9,0.7443,1384692,0.008000
2701,120.0,8.0,187.6,0.7442,1385247,0.013721
2702,135.0,9.0,187.6,0.7441,1385691,0.006598
2703,180.0,11.0,187.9,0.7440,1386195,0.005467
2704,210.0,12.0,186.7,0.7439,1386673,0.009453
2705,180.0,11.0,183.7,0.7438,1387097,0.004118
2706,570.0,23.0,187.2,0.7437,1387929,0.003455
2707,125.0,9.0,185.8,0.7436,1388309,0.010131
2708,180.0,11.0,183.0,0.7435,1388736,0.022769
2709,150.0,11.0,182.1,0.7435,1389262,0.006221
2710,240.0,15.0,183.4,0.7434,1389910,0.006876
2711,170.0,12.0,183.9,0.7433,1390419,0.181168
2712,530.0,23.0,188.1,0.7432,1391300,0.010600
2713,210.0,12.0,188.6,0.7431,1391826,0.013704
2714,90.0,7.0,188.2,0.7430,1392225,0.013286
2715,135.0,9.0,187.8,0.7429,1392646,0.005675
2716,295.0,17.0,189.4,0.7428,1393352,0.004032
2717,210.0,12.0,189.9,0.7427,1393822,0.021392
2718,160.0,11.0,189.7,0.7426,1394292,0.003544
2719,80.0,7.0,189.1,0.7425,1394597,0.007105
2720,390.0,13.0,191.0,0.7424,1395417,0.006449
2721,240.0,14.0,191.6,0.7423,1395982,0.008907
2722,260.0,16.0,193.9,0.7422,1396589,0.005937
2723,210.0,12.0,194.4,0.7421,1397042,0.006308
2724,120.0,8.0,193.5,0.7420,1397529,0.016237
2725,210.0,12.0,191.4,0.7419,1398064,0.006712
2726,250.0,17.0,191.9,0.7418,1398983,0.035552
2727,230.0,15.0,192.2,0.7417,1399555,0.010664
2728,135.0,9.0,192.4,0.7417,1400051,0.010683
2729,125.0,9.0,191.2,0.7416,1400426,0.018215
2730,135.0,11.0,191.2,0.7415,1400905,0.008920
2731,90.0,6.0,189.9,0.7414,1401197,0.010350
2732,265.0,17.0,191.1,0.7413,1401767,0.157269
2733,50.0,6.0,190.8,0.7412,1402025,0.140050
2734,180.0,11.0,190.4,0.7411,1402449,0.177643
2735,155.0,10.0,189.8,0.7410,1402873,0.007508
2736,155.0,10.0,190.1,0.7409,1403269,0.004678
2737,330.0,20.0,191.8,0.7408,1404037,0.018149
2738,100.0,8.0,191.5,0.7407,1404521,0.004307
2739,125.0,9.0,190.7,0.7406,1405022,0.009362
2740,105.0,8.0,190.7,0.7405,1405363,0.004126
2741,90.0,7.0,190.3,0.7404,1405659,0.004746
2742,210.0,12.0,191.8,0.7403,1406342,0.007294
2743,310.0,19.0,192.6,0.7402,1407157,0.007571
2744,30.0,4.0,192.2,0.7401,1407525,0.012245
2745,90.0,7.0,187.8,0.7400,1407824,0.006419
2746,100.0,8.0,186.7,0.7399,1408271,0.008437
2747,210.0,12.0,188.1,0.7399,1408843,0.016554
2748,135.0,9.0,187.2,0.7398,1409353,0.163328
2749,55.0,5.0,186.5,0.7397,1409674,0.005668
2750,565.0,24.0,191.5,0.7396,1410512,0.161314
2751,135.0,9.0,191.9,0.7395,1410885,0.152666
2752,215.0,13.0,192.0,0.7394,1411364,0.013267
2753,70.0,7.0,191.4,0.7393,1411657,0.008568
2754,90.0,7.0,188.8,0.7392,1411956,0.005712
2755,195.0,13.0,187.9,0.7391,1412607,0.013399
2756,170.0,12.0,187.8,0.7390,1413102,0.175115
2757,180.0,11.0,189.0,0.7389,1413581,0.010083
2758,135.0,9.0,188.2,0.7388,1414080,0.011222
2759,285.0,17.0,189.8,0.7387,1414782,0.008984
2760,160.0,11.0,190.9,0.7386,1415335,0.006610
2761,250.0,15.0,192.6,0.7385,1416019,0.168488
2762,90.0,7.0,192.8,0.7384,1416326,0.014731
2763,155.0,10.0,191.1,0.7383,1416833,0.156521
2764,85.0,7.0,191.2,0.7382,1417205,0.006523
2765,125.0,9.0,191.6,0.7381,1417632,0.010014
2766,180.0,11.0,191.3,0.7381,1418097,0.014692
2767,240.0,15.0,187.4,0.7380,1418636,0.014843
2768,255.0,16.0,188.2,0.7379,1419267,0.008856
2769,415.0,14.0,191.8,0.7378,1420138,0.012449
2770,285.0,17.0,193.4,0.7377,1420756,0.018603
2771,180.0,11.0,194.4,0.7376,1421133,0.128434
2772,210.0,12.0,195.2,0.7375,1421640,0.011683
2773,210.0,12.0,195.7,0.7374,1422206,0.004798
2774,410.0,15.0,198.0,0.7373,1422773,0.009386
2775,120.0,8.0,195.1,0.7372,1423170,0.009957
2776,110.0,8.0,194.3,0.7371,1423506,0.006087
2777,210.0,12.0,194.1,0.7370,1424151,0.008472
2778,260.0,16.0,195.6,0.7369,1424892,0.006623
2779,165.0,11.0,196.0,0.7368,1425354,0.010997
2780,205.0,14.0,194.6,0.7367,1426080,0.167794
2781,85.0,8.0,193.4,0.7366,1426627,0.137908
2782,140.0,11.0,194.1,0.7365,1427136,0.006504
2783,185.0,13.0,195.3,0.7364,1427723,0.147050
2784,65.0,6.0,193.7,0.7363,1428021,0.015239
2785,155.0,10.0,194.7,0.7363,1428517,0.005352
2786,210.0,12.0,194.0,0.7362,1429036,0.009113
2787,420.0,14.0,197.4,0.7361,1429647,0.006045
2788,215.0,13.0,195.4,0.7360,1430309,0.008495
2789,210.0,12.0,193.9,0.7359,1430856,0.010920
2790,180.0,11.0,193.9,0.7358,1431280,0.014092
2791,210.0,12.0,192.2,0.7357,1431887,0.017069
2792,315.0,20.0,193.6,0.7356,1432687,0.014367
2793,120.0,8.0,191.2,0.7355,1433067,0.008845
2794,35.0,4.0,189.3,0.7354,1433359,0.007108
2795,590.0,24.0,193.2,0.7353,1434429,0.007467
2796,230.0,15.0,195.2,0.7352,1434969,0.135254
2797,210.0,12.0,195.7,0.7351,1435454,0.008521
2798,440.0,14.0,197.0,0.7350,1436060,0.014358
2799,260.0,16.0,198.8,0.7349,1436687,0.008040
2800,210.0,12.0,199.1,0.7348,1437169,0.012289
2801,275.0,18.0,200.6,0.7347,1437865,0.034713
2802,155.0,10.0,200.8,0.7346,1438364,0.169898
2803,210.0,14.0,201.1,0.7345,1438906,0.012408
2804,470.0,17.0,203.7,0.7345,1439550,0.008595
2805,135.0,9.0,203.2,0.7344,1440036,0.009856
2806,210.0,12.0,199.7,0.7343,1440575,0.010875
2807,30.0,3.0,198.7,0.7342,1440982,0.004897
2808,180.0,11.0,198.7,0.7341,1441365,0.013364
2809,210.0,12.0,199.3,0.7340,1441923,0.004369
2810,395.0,24.0,200.8,0.7339,1442656,0.010178
2811,210.0,12.0,201.2,0.7338,1443180,0.004373
2812,110.0,7.0,197.1,0.7337,1443552,0.010714
2813,210.0,12.0,197.1,0.7336,1444130,0.008855
2814,180.0,11.0,197.9,0.7335,1444525,0.169017
2815,235.0,14.0,198.9,0.7334,1445153,0.009461
2816,55.0,4.0,196.6,0.7333,1445430,0.027169
2817,80.0,7.0,195.2,0.7332,1445742,0.008032
2818,55.0,5.0,194.2,0.7331,1446068,0.020295
2819,225.0,14.0,195.7,0.7330,1446637,0.173336
2820,70.0,6.0,192.4,0.7329,1447015,0.013424
2821,110.0,7.0,191.2,0.7328,1447360,0.017965
2822,120.0,8.0,189.8,0.7327,1447787,0.008083
2823,335.0,22.0,191.0,0.7327,1448528,0.004286
2824,220.0,13.0,192.0,0.7326,1449185,0.008078
2825,180.0,11.0,191.7,0.7325,1449861,0.003507
2826,260.0,16.0,191.8,0.7324,1450524,0.010220
2827,135.0,9.0,190.8,0.7323,1450999,0.007237
2828,50.0,6.0,190.0,0.7322,1451390,0.008569
2829,210.0,12.0,190.8,0.7321,1451864,0.168004
2830,110.0,7.0,190.6,0.7320,1452342,0.012174
2831,370.0,13.0,193.4,0.7319,1453049,0.014447
2832,180.0,11.0,192.6,0.7318,1453664,0.010012
2833,185.0,12.0,193.9,0.7317,1454189,0.006672
2834,315.0,18.0,195.2,0.7316,1454969,0.011339
2835,165.0,10.0,195.3,0.7315,1455389,0.011101
2836,125.0,8.0,195.1,0.7314,1455857,0.008749
2837,65.0,6.0,192.4,0.7313,1456138,0.008863
2838,215.0,13.0,193.6,0.7312,1456703,0.007870
2839,140.0,8.0,193.7,0.7311,1457204,0.010243
2840,155.0,10.0,194.2,0.7310,1457571,0.011452
2841,210.0,12.0,195.4,0.7309,1458171,0.007664
2842,140.0,9.0,194.7,0.7309,1458644,0.010457
2843,110.0,7.0,192.7,0.7308,1459151,0.006678
2844,150.0,10.0,193.9,0.7307,1459862,0.009540
2845,290.0,19.0,195.9,0.7306,1460522,0.006161
2846,180.0,11.0,196.7,0.7305,1461038,0.006416
2847,130.0,9.0,195.9,0.7304,1461449,0.007504
2848,90.0,7.0,195.4,0.7303,1461770,0.004299
2849,50.0,4.0,195.4,0.7302,1462128,0.013407
2850,305.0,18.0,192.8,0.7301,1462852,0.013124
2851,100.0,8.0,192.4,0.7300,1463364,0.016964
2852,370.0,23.0,194.0,0.7299,1464113,0.011838
2853,230.0,15.0,195.6,0.7298,1464710,0.010950
2854,180.0,11.0,196.5,0.7297,1465255,0.010563
2855,370.0,23.0,198.2,0.7296,1466025,0.008604
2856,155.0,10.0,198.1,0.7295,1466499,0.006456
2857,80.0,7.0,197.1,0.7294,1466869,0.005441
2858,270.0,16.0,198.4,0.7293,1467671,0.007078
2859,155.0,10.0,197.2,0.7292,1468050,0.005408
2860,235.0,16.0,197.9,0.7291,1468656,0.006585
2861,340.0,22.0,198.8,0.7291,1469400,0.010387
2862,210.0,12.0,200.0,0.7290,1469972,0.167653
2863,225.0,14.0,200.7,0.7289,1470607,0.013914
2864,155.0,12.0,201.4,0.7288,1471136,0.025501
2865,390.0,13.0,204.1,0.7287,1471859,0.007878
2866,155.0,10.0,203.8,0.7286,1472251,0.009406
2867,160.0,11.0,203.0,0.7285,1472882,0.005438
2868,480.0,19.0,205.2,0.7284,1473606,0.020413
2869,105.0,8.0,202.2,0.7283,1473974,0.009839
2870,135.0,9.0,200.7,0.7282,1474333,0.010976
2871,180.0,11.0,200.7,0.7281,1474775,0.008334
2872,195.0,13.0,200.5,0.7280,1475207,0.007035
2873,150.0,10.0,199.9,0.7279,1475612,0.003493
2874,110.0,7.0,196.9,0.7278,1476029,0.008987
2875,265.0,16.0,198.3,0.7277,1476642,0.006539
2876,330.0,20.0,200.6,0.7276,1477320,0.006786
2877,300.0,17.0,201.4,0.7275,1478006,0.007627
2878,180.0,11.0,200.7,0.7274,1478412,0.174046
2879,210.0,12.0,201.1,0.7273,1478889,0.009892
2880,210.0,12.0,201.2,0.7273,1479380,0.006340
2881,230.0,15.0,202.6,0.7272,1479963,0.005927
2882,180.0,11.0,203.0,0.7271,1480385,0.008950
2883,210.0,12.0,203.2,0.7270,1480980,0.008231
2884,80.0,7.0,203.4,0.7269,1481359,0.174858
2885,485.0,18.0,206.7,0.7268,1482001,0.008909
2886,185.0,12.0,206.4,0.7267,1482723,0.007937
2887,80.0,7.0,203.1,0.7266,1483024,0.157387
2888,80.0,6.0,201.7,0.7265,1483401,0.013209
2889,180.0,11.0,201.4,0.7264,1483804,0.014379
2890,180.0,11.0,201.4,0.7263,1484214,0.014822
2891,125.0,11.0,200.6,0.7262,1484760,0.009195
2892,80.0,7.0,198.2,0.7261,1485053,0.165392
2893,140.0,10.0,198.4,0.7260,1485583,0.004903
2894,90.0,8.0,198.9,0.7259,1486125,0.006469
2895,210.0,12.0,195.2,0.7258,1486600,0.011557
2896,240.0,15.0,195.2,0.7257,1487209,0.005138
2897,45.0,5.0,193.6,0.7256,1487596,0.005456
2898,215.0,13.0,191.3,0.7255,1488134,0.005578
2899,300.0,18.0,191.8,0.7255,1488934,0.004885
2900,170.0,12.0,191.3,0.7254,1489451,0.005990
2901,110.0,10.0,189.7,0.7253,1489985,0.003091
2902,155.0,10.0,189.7,0.7252,1490368,0.007752
2903,90.0,7.0,188.5,0.7251,1490740,0.012112
2904,135.0,9.0,185.2,0.7250,1491146,0.019694
2905,105.0,8.0,184.8,0.7249,1491567,0.007394
2906,160.0,11.0,184.3,0.7248,1492063,0.008785
2907,105.0,6.0,185.1,0.7247,1492444,0.006930
2908,180.0,11.0,185.1,0.7246,1492978,0.011107
2909,135.0,10.0,184.3,0.7245,1493538,0.007811
2910,240.0,15.0,182.8,0.7244,1494356,0.141453
2911,130.0,9.0,182.0,0.7243,1494819,0.156017
2912,210.0,12.0,183.0,0.7242,1495279,0.009675
2913,90.0,7.0,181.8,0.7241,1495638,0.007774
2914,155.0,10.0,181.6,0.7240,1496084,0.013847
2915,155.0,10.0,180.8,0.7239,1496671,0.007273
2916,135.0,9.0,181.6,0.7238,1497087,0.009345
2917,210.0,12.0,182.8,0.7237,1497721,0.007544
2918,155.0,10.0,183.8,0.7237,1498215,0.012310
2919,225.0,14.0,183.8,0.7236,1498836,0.003887
2920,80.0,6.0,183.9,0.7235,1499207,0.008617
2921,230.0,14.0,185.2,0.7234,1499761,0.006658
2922,190.0,13.0,185.8,0.7233,1500351,0.015662
2923,285.0,17.0,185.3,0.7232,1500983,0.013784
2924,240.0,15.0,185.6,0.7231,1501998,0.013389
2925,225.0,14.0,186.0,0.7230,1502569,0.010049
2926,265.0,16.0,186.1,0.7229,1503272,0.006991
2927,80.0,7.0,185.5,0.7228,1503577,0.143089
2928,290.0,18.0,187.9,0.7227,1504205,0.011155
2929,240.0,15.0,188.2,0.7226,1504764,0.003503
2930,80.0,7.0,187.9,0.7225,1505146,0.004978
2931,180.0,11.0,186.0,0.7224,1505626,0.003667
2932,210.0,12.0,186.3,0.7223,1506210,0.006228
2933,210.0,12.0,186.6,0.7222,1506722,0.010281
2934,315.0,18.0,186.6,0.7221,1507463,0.004243
2935,90.0,7.0,185.8,0.7220,1507830,0.006560
2936,200.0,13.0,186.6,0.7219,1508544,0.167042
2937,280.0,18.0,188.7,0.7219,1509104,0.003915
2938,240.0,15.0,188.9,0.7218,1509739,0.164869
2939,340.0,23.0,190.9,0.7217,1510546,0.016651
2940,135.0,9.0,190.8,0.7216,1510997,0.015125
2941,240.0,15.0,191.1,0.7215,1511663,0.005388
2942,110.0,8.0,190.8,0.7214,1512054,0.015614
2943,400.0,25.0,193.7,0.7213,1512798,0.008796
2944,210.0,12.0,194.2,0.7212,1513295,0.010428
2945,140.0,8.0,192.8,0.7211,1513770,0.006141
2946,155.0,10.0,192.5,0.7210,1514275,0.005771
2947,290.0,19.0,194.1,0.7209,1514821,0.145340
2948,180.0,11.0,195.0,0.7208,1515196,0.010563
2949,225.0,14.0,196.8,0.7207,1515788,0.008972
2950,80.0,7.0,194.5,0.7206,1516168,0.005744
2951,150.0,10.0,195.0,0.7205,1516540,0.150734
2952,105.0,8.0,192.3,0.7204,1516830,0.015102
2953,155.0,10.0,191.6,0.7203,1517200,0.005020
2954,410.0,13.0,193.9,0.7202,1517763,0.006470
2955,515.0,21.0,195.3,0.7201,1518532,0.006303
2956,120.0,9.0,195.0,0.7201,1518981,0.005436
2957,180.0,11.0,196.0,0.7200,1519557,0.017776
2958,80.0,7.0,194.1,0.7199,1519832,0.006788
2959,105.0,8.0,193.6,0.7198,1520363,0.017170
2960,210.0,12.0,193.3,0.7197,1520978,0.011765
2961,410.0,13.0,194.1,0.7196,1521535,0.009614
2962,210.0,12.0,194.1,0.7195,1522051,0.003076
2963,155.0,10.0,193.3,0.7194,1522562,0.006045
2964,210.0,12.0,193.9,0.7193,1523063,0.008521
2965,460.0,17.0,194.6,0.7192,1523800,0.150366
2966,100.0,8.0,194.1,0.7191,1524176,0.005194
2967,60.0,6.0,193.1,0.7190,1524463,0.008733
2968,85.0,7.0,189.1,0.7189,1524763,0.007299
2969,160.0,10.0,189.7,0.7188,1525364,0.183888
2970,425.0,25.0,192.6,0.7187,1526158,0.013238
2971,160.0,11.0,192.3,0.7186,1526681,0.012118
2972,215.0,13.0,192.6,0.7185,1527306,0.005365
2973,210.0,12.0,193.2,0.7184,1527945,0.009452
2974,240.0,15.0,194.4,0.7183,1528632,0.004650
2975,320.0,19.0,195.0,0.7183,1529435,0.004403
2976,415.0,14.0,195.8,0.7182,1530008,0.015867
2977,180.0,11.0,194.7,0.7181,1530589,0.019131
2978,180.0,11.0,194.7,0.7180,1530998,0.011919
2979,190.0,14.0,194.4,0.7179,1531534,0.145184
2980,240.0,15.0,194.8,0.7178,1532136,0.008920
2981,180.0,11.0,194.2,0.7177,1532742,0.106632
2982,65.0,6.0,193.1,0.7176,1533028,0.010587
2983,210.0,12.0,193.1,0.7175,1533523,0.011465
2984,225.0,14.0,194.6,0.7174,1534210,0.140319
2985,55.0,5.0,190.2,0.7173,1534622,0.007602
2986,180.0,11.0,190.2,0.7172,1535059,0.009122
2987,285.0,17.0,192.2,0.7171,1535935,0.180416
2988,180.0,11.0,193.2,0.7170,1536402,0.008786
2989,265.0,15.0,194.1,0.7169,1536992,0.014994
2990,225.0,14.0,194.6,0.7168,1537582,0.011926
2991,240.0,16.0,195.7,0.7167,1538197,0.007770
2992,260.0,16.0,197.5,0.7166,1538771,0.006899
2993,210.0,12.0,198.2,0.7165,1539313,0.008076
2994,180.0,11.0,199.1,0.7165,1539865,0.015374
2995,240.0,15.0,199.4,0.7164,1540402,0.009606
2996,105.0,7.0,198.1,0.7163,1540777,0.007332
2997,90.0,7.0,198.5,0.7162,1541060,0.012632
2998,105.0,8.0,197.4,0.7161,1541429,0.190188
2999,150.0,13.0,195.9,0.7160,1541816,0.013474
3000,60.0,5.0,194.8,0.7159,1542178,0.009556
3001,155.0,10.0,195.2,0.7158,1542553,0.006028
3002,215.0,13.0,195.8,0.7157,1543100,0.005819
3003,210.0,12.0,197.1,0.7156,1543689,0.202424
3004,275.0,17.0,198.4,0.7155,1544278,0.017980
3005,105.0,8.0,198.4,0.7154,1544658,0.186993
3006,185.0,12.0,198.7,0.7153,1545118,0.007479
3007,515.0,20.0,202.8,0.7152,1546100,0.003654
3008,180.0,11.0,202.8,0.7151,1546592,0.006041
3009,240.0,15.0,203.8,0.7150,1547209,0.006246
3010,210.0,14.0,203.6,0.7149,1547828,0.010223
3011,155.0,10.0,203.8,0.7148,1548284,0.007914
3012,50.0,4.0,202.2,0.7147,1548569,0.007055
3013,210.0,12.0,203.4,0.7147,1549084,0.008072
3014,230.0,15.0,204.2,0.7146,1549677,0.008148
3015,210.0,14.0,204.7,0.7145,1550217,0.113362
3016,230.0,14.0,205.7,0.7144,1550747,0.004769
3017,195.0,16.0,205.5,0.7143,1551486,0.010568
3018,45.0,6.0,204.4,0.7142,1551789,0.007972
3019,105.0,8.0,203.2,0.7141,1552072,0.005963
3020,135.0,9.0,203.8,0.7140,1552460,0.004925
3021,395.0,24.0,205.4,0.7139,1553330,0.014527
3022,245.0,16.0,205.9,0.7138,1554034,0.010808
3023,80.0,7.0,203.9,0.7137,1554378,0.004531
3024,160.0,11.0,203.1,0.7136,1555120,0.019621
3025,360.0,21.0,204.4,0.7135,1556025,0.009106
3026,210.0,12.0,203.9,0.7134,1556488,0.007282
3027,260.0,18.0,205.7,0.7133,1557351,0.002345
3028,155.0,10.0,204.3,0.7132,1557870,0.006871
3029,65.0,6.0,202.6,0.7131,1558170,0.014668
3030,135.0,9.0,203.2,0.7130,1558550,0.005357
3031,210.0,12.0,203.4,0.7129,1559059,0.004834
3032,365.0,24.0,205.0,0.7129,1559918,0.006624
3033,180.0,11.0,204.7,0.7128,1560311,0.009215
3034,130.0,9.0,202.8,0.7127,1560640,0.007346
3035,80.0,7.0,202.8,0.7126,1561067,0.008130
3036,105.0,8.0,201.8,0.7125,1561388,0.007679
3037,220.0,14.0,201.2,0.7124,1562013,0.012448
3038,215.0,13.0,200.9,0.7123,1562551,0.005348
3039,125.0,9.0,198.8,0.7122,1562932,0.010483
3040,145.0,8.0,198.9,0.7121,1563301,0.009338
3041,515.0,22.0,201.7,0.7120,1564004,0.009773
3042,230.0,15.0,202.8,0.7119,1564678,0.004559
3043,80.0,7.0,199.7,0.7118,1565064,0.006123
3044,280.0,17.0,200.3,0.7117,1565694,0.165784
3045,135.0,9.0,200.3,0.7116,1566049,0.182005
3046,440.0,16.0,203.2,0.7115,1566693,0.141406
3047,135.0,8.0,201.6,0.7114,1567070,0.003764
3048,180.0,13.0,201.6,0.7113,1567573,0.008502
3049,90.0,7.0,200.2,0.7112,1567946,0.005881
3050,155.0,10.0,201.0,0.7111,1568398,0.004506
3051,140.0,11.0,200.9,0.7111,1568931,0.005268
3052,90.0,7.0,200.8,0.7110,1569312,0.111825
3053,210.0,12.0,201.3,0.7109,1569900,0.008621
3054,245.0,15.0,199.7,0.7108,1570444,0.353645
3055,210.0,12.0,196.6,0.7107,1570960,0.009238
3056,180.0,11.0,197.2,0.7106,1571455,0.010233
3057,60.0,6.0,196.0,0.7105,1571919,0.015688
3058,185.0,12.0,197.1,0.7104,1572363,0.010177
3059,130.0,9.0,197.3,0.7103,1572698,0.008251
3060,185.0,11.0,197.1,0.7102,1573454,0.010170
3061,360.0,22.0,196.6,0.7101,1574168,0.017038
3062,155.0,10.0,196.0,0.7100,1574467,0.015712
3063,110.0,8.0,195.6,0.7099,1574901,0.012066
3064,155.0,10.0,195.0,0.7098,1575287,0.006130
3065,155.0,10.0,191.9,0.7097,1575747,0.011019
3066,185.0,12.0,192.8,0.7096,1576257,0.018234
3067,180.0,11.0,194.0,0.7095,1576721,0.007819
3068,135.0,9.0,194.5,0.7094,1577089,0.028433
3069,465.0,28.0,197.6,0.7093,1578240,0.173673
3070,65.0,6.0,193.9,0.7093,1578547,0.004273
3071,155.0,10.0,193.9,0.7092,1578967,0.005599
3072,90.0,7.0,192.7,0.7091,1579256,0.002977
3073,150.0,10.0,192.1,0.7090,1579696,0.141894
3074,145.0,10.0,191.1,0.7089,1580210,0.178547
3075,130.0,8.0,189.2,0.7088,1580657,0.011891
3076,210.0,12.0,187.2,0.7087,1581169,0.011014
3077,105.0,8.0,186.4,0.7086,1581609,0.014272
3078,210.0,12.0,186.7,0.7085,1582131,0.011304
3079,210.0,12.0,186.9,0.7084,1582597,0.006655
3080,125.0,8.0,185.8,0.7083,1583012,0.158166
3081,150.0,10.0,185.4,0.7082,1583432,0.016825
3082,195.0,13.0,186.8,0.7081,1583914,0.004933
3083,155.0,10.0,186.2,0.7080,1584454,0.150683
3084,210.0,12.0,186.1,0.7079,1584913,0.011316
3085,315.0,18.0,188.7,0.7078,1585620,0.009510
3086,420.0,24.0,191.1,0.7077,1586531,0.011225
3087,140.0,9.0,189.6,0.7076,1587026,0.010735
3088,95.0,9.0,188.8,0.7075,1587338,0.008047
3089,375.0,24.0,189.8,0.7075,1588307,0.005279
3090,85.0,8.0,188.4,0.7074,1588726,0.010412
3091,160.0,10.0,187.7,0.7073,1589213,0.003175
3092,105.0,8.0,186.1,0.7072,1589526,0.006164
3093,125.0,9.0,185.2,0.7071,1589806,0.007835
3094,120.0,8.0,184.7,0.7070,1590194,0.015029
3095,420.0,24.0,186.4,0.7069,1591154,0.009978
3096,155.0,10.0,186.9,0.7068,1592014,0.162059
3097,285.0,17.0,188.9,0.7067,1592828,0.010078
3098,240.0,15.0,190.2,0.7066,1593439,0.005238
3099,80.0,7.0,189.6,0.7065,1593729,0.008145
3100,180.0,11.0,190.8,0.7064,1594097,0.015792
3101,125.0,9.0,190.4,0.7063,1594431,0.007454
3102,180.0,11.0,190.1,0.7062,1594871,0.014647
3103,165.0,10.0,189.7,0.7061,1595287,0.005004
3104,55.0,5.0,187.4,0.7060,1595565,0.008171
3105,180.0,11.0,188.2,0.7059,1596071,0.006518
3106,50.0,4.0,186.8,0.7058,1596379,0.011103
3107,250.0,16.0,184.2,0.7057,1596902,0.005440
3108,80.0,7.0,183.2,0.7057,1597377,0.007313
3109,180.0,11.0,182.6,0.7056,1597753,0.006616
3110,130.0,10.0,181.8,0.7055,1598294,0.005845
3111,225.0,14.0,182.5,0.7054,1598894,0.166761
3112,65.0,6.0,182.7,0.7053,1599207,0.132304
3113,235.0,14.0,182.9,0.7052,1599822,0.007815
3114,260.0,16.0,183.2,0.7051,1600424,0.175670
3115,180.0,11.0,182.9,0.7050,1600793,0.005490
3116,210.0,12.0,182.7,0.7049,1601398,0.005186
3117,205.0,13.0,182.8,0.7048,1602045,0.019954
3118,125.0,9.0,183.6,0.7047,1602497,0.005104
3119,210.0,12.0,184.7,0.7046,1603006,0.174478
3120,220.0,13.0,185.5,0.7045,1603610,0.129519
3121,145.0,9.0,183.0,0.7044,1604067,0.199054
3122,210.0,12.0,182.7,0.7043,1604549,0.003593
3123,210.0,12.0,183.9,0.7042,1605038,0.009516
3124,225.0,14.0,184.6,0.7041,1605629,0.008483
3125,105.0,8.0,182.1,0.7040,1605984,0.011214
3126,195.0,13.0,181.9,0.7039,1606549,0.018062
3127,70.0,6.0,180.0,0.7039,1606838,0.002663
3128,235.0,14.0,180.8,0.7038,1607375,0.013977
3129,125.0,9.0,181.4,0.7037,1607792,0.007665
3130,255.0,15.0,182.6,0.7036,1608450,0.130278
3131,155.0,10.0,182.1,0.7035,1608894,0.006550
3132,290.0,18.0,181.3,0.7034,1609849,0.009270
3133,210.0,12.0,181.6,0.7033,1610384,0.035161
3134,45.0,5.0,180.8,0.7032,1610772,0.008143
3135,120.0,8.0,181.2,0.7031,1611057,0.009515
3136,155.0,10.0,181.7,0.7030,1611568,0.005895
3137,205.0,14.0,181.5,0.7029,1612180,0.007667
3138,290.0,17.0,182.2,0.7028,1612818,0.004297
3139,150.0,10.0,182.5,0.7027,1613387,0.015629
3140,135.0,9.0,182.4,0.7026,1613829,0.022919
3141,155.0,10.0,178.8,0.7025,1614344,0.007416
3142,95.0,7.0,177.4,0.7024,1614700,0.007503
3143,180.0,11.0,178.4,0.7023,1615148,0.006026
3144,210.0,12.0,177.8,0.7022,1615700,0.009545
3145,210.0,12.0,178.5,0.7021,1616145,0.233256
3146,550.0,23.0,179.6,0.7021,1617033,0.014810
3147,210.0,12.0,180.3,0.7020,1617636,0.005548
3148,230.0,15.0,180.8,0.7019,1618222,0.015483
3149,290.0,18.0,182.8,0.7018,1619029,0.014679
3150,180.0,11.0,183.1,0.7017,1619448,0.011892
3151,140.0,9.0,183.1,0.7016,1619970,0.006616
3152,210.0,12.0,184.3,0.7015,1620493,0.003935
3153,240.0,15.0,184.6,0.7014,1621015,0.010892
3154,65.0,6.0,182.8,0.7013,1621309,0.011664
3155,125.0,10.0,181.9,0.7012,1621742,0.010696
3156,155.0,10.0,181.7,0.7011,1622246,0.007239
3157,215.0,13.0,183.2,0.7010,1622811,0.010525
3158,75.0,6.0,182.2,0.7009,1623187,0.005663
3159,135.0,9.0,182.2,0.7008,1623565,0.007238
3160,150.0,11.0,181.8,0.7007,1623963,0.005400
3161,125.0,9.0,179.5,0.7006,1624252,0.185256
3162,65.0,6.0,178.6,0.7005,1624527,0.007398
3163,380.0,25.0,181.3,0.7004,1625443,0.131803
3164,155.0,10.0,181.3,0.7003,1625957,0.003553
3165,100.0,8.0,180.8,0.7003,1626247,0.007378
3166,185.0,13.0,180.8,0.7002,1626783,0.004566
3167,155.0,10.0,180.5,0.7001,1627264,0.017222
3168,155.0,10.0,180.7,0.7000,1627775,0.132586
3169,155.0,10.0,177.6,0.6999,1628307,0.006688
3170,475.0,30.0,181.7,0.6998,1629305,0.010141
3171,210.0,12.0,182.2,0.6997,1629853,0.035237
3172,140.0,10.0,182.8,0.6996,1630316,0.012274
3173,210.0,12.0,183.3,0.6995,1630857,0.005430
3174,210.0,12.0,184.0,0.6994,1631425,0.006430
3175,305.0,21.0,185.8,0.6993,1632041,0.007493
3176,105.0,8.0,184.7,0.6992,1632470,0.012234
3177,320.0,20.0,186.8,0.6991,1633307,0.019463
3178,210.0,12.0,186.8,0.6990,1633780,0.008422
3179,55.0,5.0,185.3,0.6989,1634093,0.014157
3180,150.0,11.0,185.6,0.6988,1634705,0.006361
3181,45.0,5.0,184.5,0.6987,1635001,0.014072
3182,210.0,12.0,184.7,0.6986,1635592,0.005749
3183,210.0,12.0,185.2,0.6985,1636127,0.014607
3184,480.0,30.0,187.9,0.6985,1637029,0.007725
3185,135.0,9.0,186.1,0.6984,1637397,0.007070
3186,55.0,6.0,182.4,0.6983,1637698,0.005776
3187,210.0,12.0,183.2,0.6982,1638197,0.244344
3188,50.0,6.0,182.7,0.6981,1638651,0.114557
3189,180.0,11.0,180.8,0.6980,1639197,0.009300
3190,225.0,14.0,182.2,0.6979,1639754,0.009321
3191,180.0,11.0,182.3,0.6978,1640164,0.006368
3192,185.0,13.0,183.2,0.6977,1640693,0.006762
3193,180.0,11.0,183.7,0.6976,1641281,0.009151
3194,165.0,10.0,184.2,0.6975,1641745,0.010763
3195,50.0,4.0,180.4,0.6974,1642138,0.010298
3196,150.0,9.0,180.4,0.6973,1642561,0.014190
3197,280.0,17.0,180.3,0.6972,1643153,0.159374
3198,210.0,12.0,180.1,0.6971,1643684,0.007654
3199,295.0,18.0,182.2,0.6970,1644525,0.004222
3200,65.0,6.0,181.1,0.6969,1644929,0.016107
3201,255.0,16.0,182.3,0.6968,1645524,0.006519
3202,190.0,11.0,182.4,0.6967,1646052,0.007907
3203,80.0,7.0,181.6,0.6967,1646446,0.108078
3204,155.0,10.0,182.6,0.6966,1646848,0.013879
3205,75.0,5.0,181.6,0.6965,1647137,0.005130
3206,225.0,14.0,183.3,0.6964,1647738,0.007249
3207,100.0,8.0,181.8,0.6963,1648151,0.008856
3208,75.0,7.0,181.8,0.6962,1648794,0.013731
3209,105.0,6.0,181.0,0.6961,1649168,0.005712
3210,315.0,18.0,182.8,0.6960,1649834,0.012237
3211,215.0,13.0,182.8,0.6959,1650398,0.007780
3212,185.0,13.0,183.9,0.6958,1650789,0.015102
3213,155.0,10.0,183.2,0.6957,1651220,0.016206
3214,110.0,10.0,181.7,0.6956,1651762,0.015464
3215,155.0,10.0,181.4,0.6955,1652256,0.007247
3216,120.0,8.0,180.5,0.6954,1652654,0.011106
3217,180.0,11.0,180.2,0.6953,1653091,0.013410
3218,80.0,7.0,179.8,0.6952,1653386,0.009036
3219,210.0,12.0,179.8,0.6951,1653816,0.002237
3220,155.0,10.0,179.2,0.6950,1654194,0.004535
3221,110.0,8.0,178.8,0.6949,1654562,0.010403
3222,210.0,12.0,178.8,0.6949,1655163,0.014626
3223,260.0,16.0,179.3,0.6948,1655772,0.012687
3224,180.0,11.0,178.8,0.6947,1656206,0.004863
3225,120.0,8.0,179.0,0.6946,1656606,0.126551
3226,735.0,23.0,184.4,0.6945,1657325,0.011764
3227,130.0,9.0,185.0,0.6944,1657746,0.142984
3228,650.0,30.0,189.2,0.6943,1658737,0.011456
3229,235.0,14.0,190.2,0.6942,1659384,0.006271
3230,235.0,17.0,190.1,0.6941,1660049,0.007857
3231,200.0,14.0,190.5,0.6940,1660642,0.011786
3232,30.0,4.0,187.9,0.6939,1661015,0.014767
3233,105.0,8.0,186.8,0.6938,1661318,0.159787
3234,35.0,5.0,186.8,0.6937,1661676,0.010259
3235,80.0,7.0,186.3,0.6936,1661978,0.008658
3236,275.0,18.0,187.6,0.6935,1662587,0.013093
3237,215.0,13.0,187.7,0.6934,1663168,0.012969
3238,395.0,17.0,188.7,0.6933,1663892,0.008167
3239,210.0,12.0,189.3,0.6932,1664447,0.006864
3240,135.0,9.0,189.3,0.6931,1664903,0.007241
3241,70.0,7.0,188.4,0.6931,1665373,0.022425
3242,210.0,12.0,189.6,0.6930,1665863,0.004670
3243,200.0,14.0,189.8,0.6929,1666579,0.191745
3244,105.0,8.0,188.8,0.6928,1666941,0.004122
3245,315.0,24.0,189.8,0.6927,1667654,0.020398
3246,180.0,11.0,186.1,0.6926,1668097,0.007501
3247,125.0,9.0,185.2,0.6925,1668388,0.008567
3248,210.0,12.0,185.1,0.6924,1669010,0.005237
3249,75.0,5.0,182.9,0.6923,1669384,0.005221
3250,185.0,12.0,182.9,0.6922,1669889,0.005860
3251,185.0,12.0,183.4,0.6921,1670467,0.006591
3252,150.0,10.0,182.8,0.6920,1670810,0.196305
3253,300.0,19.0,183.4,0.6919,1671454,0.010056
3254,155.0,10.0,184.3,0.6918,1672039,0.160445
3255,140.0,10.0,184.4,0.6917,1672601,0.003393
3256,295.0,19.0,185.8,0.6916,1673266,0.020013
3257,75.0,6.0,184.4,0.6915,1673673,0.014139
3258,65.0,6.0,184.3,0.6914,1673977,0.002570
3259,155.0,10.0,184.6,0.6913,1674305,0.013753
3260,195.0,13.0,185.0,0.6913,1674793,0.012658
3261,210.0,12.0,185.8,0.6912,1675310,0.005376
3262,225.0,14.0,187.4,0.6911,1675770,0.006811
3263,175.0,12.0,185.4,0.6910,1676303,0.137281
3264,180.0,11.0,185.7,0.6909,1676756,0.006813
3265,150.0,10.0,186.2,0.6908,1677188,0.004650
3266,315.0,20.0,187.4,0.6907,1678024,0.016991
3267,170.0,12.0,187.6,0.6906,1678541,0.007865
3268,80.0,9.0,186.8,0.6905,1679111,0.011825
3269,445.0,17.0,189.8,0.6904,1679969,0.006418
3270,90.0,7.0,185.9,0.6903,1680354,0.016654
3271,445.0,18.0,188.2,0.6902,1681021,0.137397
3272,410.0,13.0,190.9,0.6901,1681561,0.009716
3273,440.0,18.0,193.2,0.6900,1682398,0.012419
3274,240.0,15.0,193.6,0.6899,1683040,0.011200
3275,180.0,11.0,192.3,0.6898,1683552,0.002494
3276,85.0,7.0,192.1,0.6897,1684004,0.011485
3277,285.0,17.0,191.8,0.6896,1684845,0.006239
3278,260.0,17.0,192.2,0.6895,1685396,0.004084
3279,135.0,9.0,193.1,0.6895,1685867,0.005254
3280,180.0,11.0,193.3,0.6894,1686245,0.008375
3281,255.0,18.0,195.4,0.6893,1686830,0.004973
3282,425.0,15.0,197.6,0.6892,1687509,0.157016
3283,285.0,17.0,198.3,0.6891,1688309,0.007779
3284,460.0,18.0,198.2,0.6890,1689115,0.012967
3285,230.0,15.0,199.1,0.6889,1689594,0.005964
3286,150.0,13.0,200.1,0.6888,1690204,0.006374
3287,260.0,16.0,200.6,0.6887,1690936,0.011738
3288,210.0,12.0,202.2,0.6886,1691572,0.005888
3289,60.0,5.0,200.9,0.6885,1691828,0.020281
3290,110.0,8.0,199.8,0.6884,1692210,0.009985
3291,345.0,20.0,201.4,0.6883,1692920,0.011139
3292,230.0,18.0,201.9,0.6882,1693587,0.014460
3293,110.0,9.0,201.2,0.6881,1694080,0.013908
3294,210.0,12.0,201.7,0.6880,1694611,0.012924
3295,155.0,10.0,202.7,0.6879,1695127,0.180111
3296,210.0,12.0,203.3,0.6878,1695641,0.003254
3297,445.0,28.0,204.9,0.6877,1696640,0.139232
3298,45.0,5.0,203.3,0.6877,1696997,0.005154
3299,370.0,23.0,204.1,0.6876,1697693,0.007160
3300,500.0,28.0,208.4,0.6875,1698667,0.008709
3301,240.0,15.0,208.2,0.6874,1699247,0.009220
3302,125.0,9.0,207.6,0.6873,1699609,0.006501
3303,225.0,14.0,209.1,0.6872,1700274,0.013298
3304,100.0,8.0,208.5,0.6871,1700560,0.006052
3305,245.0,15.0,210.2,0.6870,1701208,0.012499
3306,210.0,12.0,210.1,0.6869,1701752,0.009712
3307,180.0,11.0,210.8,0.6868,1702272,0.012855
3308,225.0,14.0,212.3,0.6867,1702922,0.027493
3309,95.0,7.0,212.2,0.6866,1703309,0.009310
3310,245.0,14.0,211.6,0.6865,1703957,0.005161
3311,180.0,11.0,211.2,0.6864,1704437,0.006601
3312,240.0,15.0,211.8,0.6863,1705059,0.013971
3313,105.0,8.0,211.2,0.6862,1705440,0.007728
3314,210.0,12.0,212.2,0.6861,1705986,0.006681
3315,180.0,11.0,212.5,0.6860,1706485,0.010604
3316,125.0,9.0,212.6,0.6859,1707013,0.010398
3317,105.0,8.0,211.8,0.6859,1707456,0.007794
3318,210.0,12.0,213.1,0.6858,1707938,0.005930
3319,155.0,11.0,212.6,0.6857,1708353,0.004833
3320,515.0,19.0,216.2,0.6856,1709363,0.128221
3321,180.0,11.0,216.8,0.6855,1709779,0.005958
3322,125.0,9.0,216.0,0.6854,1710204,0.007350
3323,210.0,12.0,215.5,0.6853,1710751,0.143529
3324,430.0,16.0,218.0,0.6852,1711340,0.010186
3325,170.0,12.0,218.5,0.6851,1711994,0.003527
3326,345.0,20.0,214.6,0.6850,1712644,0.013002
3327,385.0,24.0,217.2,0.6849,1713364,0.013655
3328,255.0,15.0,213.2,0.6848,1713876,0.010045
3329,185.0,11.0,212.7,0.6847,1714247,0.014865
3330,135.0,9.0,211.7,0.6846,1714765,0.005766
3331,210.0,12.0,211.8,0.6845,1715288,0.008426
3332,235.0,16.0,213.8,0.6844,1715948,0.013023
3333,225.0,14.0,215.1,0.6843,1716597,0.010253
3334,135.0,9.0,216.1,0.6842,1717049,0.007021
3335,210.0,12.0,217.3,0.6841,1717574,0.005047
3336,180.0,11.0,216.4,0.6841,1717962,0.006589
3337,180.0,11.0,216.1,0.6840,1718451,0.008913
3338,505.0,20.0,217.2,0.6839,1719196,0.005130
3339,530.0,21.0,220.3,0.6838,1719902,0.004624
3340,425.0,15.0,223.2,0.6837,1720564,0.012632
3341,150.0,10.0,224.1,0.6836,1720966,0.008505
3342,110.0,8.0,223.1,0.6835,1721265,0.009228
3343,265.0,17.0,223.7,0.6834,1721998,0.010155
3344,185.0,12.0,224.5,0.6833,1722539,0.007135
3345,240.0,13.0,223.8,0.6832,1723163,0.004099
3346,180.0,11.0,223.8,0.6831,1723652,0.007801
3347,210.0,12.0,224.6,0.6830,1724163,0.003483
3348,330.0,20.0,225.8,0.6829,1724794,0.006187
3349,210.0,12.0,227.2,0.6828,1725402,0.348677
3350,80.0,7.0,226.1,0.6827,1725803,0.043934
3351,165.0,11.0,225.9,0.6826,1726315,0.174743
3352,170.0,12.0,226.1,0.6825,1726917,0.004587
3353,375.0,24.0,226.8,0.6824,1727683,0.007035
3354,200.0,14.0,227.3,0.6823,1728155,0.004944
3355,195.0,13.0,227.8,0.6823,1728754,0.008231
3356,215.0,13.0,227.1,0.6822,1729854,0.007137
3357,80.0,7.0,227.1,0.6821,1730144,0.011090
3358,425.0,27.0,230.7,0.6820,1731192,0.018695
3359,155.0,10.0,230.7,0.6819,1731681,0.007144
3360,135.0,9.0,230.1,0.6818,1732117,0.175338
3361,155.0,10.0,229.6,0.6817,1732506,0.011025
3362,60.0,6.0,227.9,0.6816,1732852,0.010649
3363,230.0,15.0,228.4,0.6815,1733427,0.008252
3364,220.0,13.0,228.8,0.6814,1734030,0.010584
3365,210.0,12.0,229.4,0.6813,1734566,0.025484
3366,80.0,7.0,227.1,0.6812,1734921,0.170760
3367,180.0,11.0,227.2,0.6811,1735350,0.011933
3368,155.0,10.0,227.9,0.6810,1735752,0.007319
3369,530.0,21.0,228.8,0.6809,1736442,0.009484
3370,215.0,13.0,230.1,0.6808,1737041,0.004937
3371,265.0,18.0,228.2,0.6807,1737786,0.005998
3372,210.0,12.0,226.2,0.6806,1738303,0.020607
3373,210.0,12.0,223.9,0.6805,1738960,0.014399
3374,210.0,12.0,223.7,0.6805,1739445,0.008794
3375,265.0,16.0,224.5,0.6804,1739997,0.007927
3376,210.0,12.0,225.8,0.6803,1740492,0.013321
3377,315.0,18.0,226.1,0.6802,1741201,0.006795
3378,170.0,12.0,225.2,0.6801,1741892,0.019469
3379,155.0,12.0,225.3,0.6800,1742444,0.007097
3380,180.0,11.0,225.3,0.6799,1742827,0.014263
3381,230.0,15.0,225.1,0.6798,1743568,0.005989
3382,140.0,9.0,222.2,0.6797,1744079,0.008549
3383,115.0,8.0,220.6,0.6796,1744444,0.005823
3384,115.0,10.0,217.1,0.6795,1744998,0.015722
3385,65.0,6.0,215.4,0.6794,1745440,0.154344
3386,155.0,10.0,215.5,0.6793,1745894,0.011055
3387,155.0,10.0,214.4,0.6792,1746323,0.012529
3388,155.0,10.0,213.9,0.6791,1746765,0.003234
3389,215.0,13.0,215.4,0.6790,1747414,0.006629
3390,135.0,9.0,215.7,0.6789,1747847,0.005483
3391,60.0,5.0,212.8,0.6788,1748298,0.006744
3392,150.0,9.0,212.1,0.6787,1748733,0.015219
3393,80.0,7.0,211.8,0.6787,1749016,0.013230
3394,185.0,12.0,211.5,0.6786,1749489,0.136956
3395,120.0,8.0,211.2,0.6785,1749883,0.005634
3396,215.0,13.0,211.2,0.6784,1750393,0.010042
3397,45.0,5.0,207.2,0.6783,1750761,0.010411
3398,210.0,12.0,208.8,0.6782,1751323,0.174543
3399,330.0,21.0,208.4,0.6781,1752073,0.010568
3400,75.0,6.0,204.2,0.6780,1752374,0.010498
3401,340.0,22.0,205.2,0.6779,1753138,0.009083
3402,135.0,9.0,205.3,0.6778,1753523,0.009545
3403,180.0,11.0,204.8,0.6777,1754028,0.167354
3404,210.0,12.0,205.9,0.6776,1754537,0.010719
3405,180.0,11.0,205.3,0.6775,1755078,0.184439
3406,240.0,15.0,205.6,0.6774,1755698,0.008835
3407,210.0,12.0,205.9,0.6773,1756313,0.009796
3408,255.0,16.0,206.2,0.6772,1756950,0.009542
3409,165.0,12.0,206.9,0.6771,1757551,0.005747
3410,380.0,12.0,208.2,0.6770,1758073,0.005980
3411,210.0,12.0,208.6,0.6769,1758583,0.004433
3412,225.0,14.0,208.4,0.6769,1759214,0.004500
3413,110.0,8.0,208.4,0.6768,1759511,0.007026
3414,80.0,7.0,207.2,0.6767,1759814,0.002685
3415,215.0,13.0,207.5,0.6766,1760309,0.015941
3416,65.0,6.0,206.9,0.6765,1760725,0.013420
3417,195.0,13.0,207.8,0.6764,1761213,0.006311
3418,125.0,9.0,206.9,0.6763,1761685,0.007630
3419,270.0,18.0,208.1,0.6762,1762445,0.011306
3420,155.0,10.0,204.5,0.6761,1762927,0.024351
3421,180.0,11.0,204.5,0.6760,1763398,0.007769
3422,135.0,9.0,204.6,0.6759,1763912,0.004917
3423,180.0,14.0,204.3,0.6758,1764519,0.007315
3424,630.0,27.0,206.3,0.6757,1765456,0.006239
3425,260.0,16.0,207.2,0.6756,1766032,0.005009
3426,70.0,6.0,204.4,0.6755,1766456,0.007639
3427,140.0,9.0,202.0,0.6754,1766887,0.009753
3428,210.0,12.0,201.6,0.6753,1767526,0.007281
3429,210.0,12.0,201.8,0.6752,1767963,0.005763
3430,180.0,11.0,202.2,0.6751,1768493,0.179864
3431,270.0,17.0,202.8,0.6751,1769124,0.029974
3432,210.0,14.0,202.6,0.6750,1769709,0.168179
3433,240.0,15.0,202.8,0.6749,1770272,0.015357
3434,210.0,12.0,203.5,0.6748,1770805,0.007957
3435,305.0,20.0,204.4,0.6747,1771524,0.162813
3436,360.0,23.0,206.2,0.6746,1772274,0.170925
3437,240.0,15.0,206.8,0.6745,1772846,0.004552
3438,90.0,7.0,202.7,0.6744,1773264,0.017560
3439,180.0,11.0,199.2,0.6743,1773701,0.013409
3440,180.0,11.0,196.8,0.6742,1774163,0.008417
3441,155.0,10.0,196.8,0.6741,1774673,0.010917
3442,210.0,12.0,197.8,0.6740,1775207,0.009864
3443,135.0,9.0,196.5,0.6739,1775845,0.006602
3444,195.0,13.0,196.6,0.6738,1776418,0.156811
3445,155.0,10.0,195.8,0.6737,1776738,0.167410
3446,125.0,9.0,195.2,0.6736,1777147,0.018940
3447,125.0,9.0,194.3,0.6735,1777514,0.146059
3448,345.0,23.0,194.5,0.6734,1778555,0.008450
3449,105.0,8.0,193.4,0.6733,1778850,0.009197
3450,135.0,9.0,194.0,0.6733,1779319,0.007210
3451,135.0,9.0,193.7,0.6732,1779813,0.008692
3452,135.0,9.0,193.3,0.6731,1780242,0.012926
3453,155.0,10.0,191.2,0.6730,1780609,0.005764
3454,225.0,14.0,191.4,0.6729,1781224,0.166708
3455,160.0,10.0,191.1,0.6728,1781743,0.005323
3456,135.0,9.0,190.2,0.6727,1782274,0.007975
3457,230.0,15.0,191.8,0.6726,1782974,0.156605
3458,295.0,20.0,190.4,0.6725,1783959,0.009743
3459,265.0,17.0,191.6,0.6724,1784631,0.007133
3460,210.0,12.0,192.3,0.6723,1785112,0.007929
3461,570.0,25.0,196.4,0.6722,1785854,0.017285
3462,260.0,16.0,198.4,0.6721,1786500,0.008379
3463,525.0,32.0,201.4,0.6720,1787618,0.008536
3464,180.0,14.0,201.0,0.6719,1788181,0.009171
3465,40.0,4.0,199.3,0.6718,1788443,0.136980
3466,300.0,19.0,201.5,0.6717,1789073,0.005805
3467,270.0,18.0,202.4,0.6716,1789777,0.024618
3468,240.0,15.0,203.2,0.6715,1790349,0.007654
3469,150.0,9.0,199.4,0.6715,1790720,0.012087
3470,145.0,12.0,198.8,0.6714,1791218,0.004415
3471,175.0,12.0,197.8,0.6713,1791788,0.011817
3472,210.0,12.0,197.8,0.6712,1792279,0.003048
3473,185.0,12.0,197.6,0.6711,1792782,0.267769
3474,155.0,10.0,197.1,0.6710,1793175,0.013548
3475,215.0,13.0,196.6,0.6709,1793784,0.007087
3476,210.0,12.0,196.6,0.6708,1794217,0.007368
3477,320.0,19.0,196.6,0.6707,1794893,0.003731
3478,215.0,13.0,197.1,0.6706,1795560,0.006801
3479,375.0,23.0,199.2,0.6705,1796512,0.005509
3480,225.0,14.0,199.7,0.6704,1797121,0.154508
3481,105.0,8.0,198.4,0.6703,1797525,0.011322
3482,550.0,22.0,202.6,0.6702,1798509,0.009081
3483,240.0,16.0,203.8,0.6701,1799259,0.007570
3484,135.0,9.0,204.0,0.6700,1799643,0.007911
3485,395.0,25.0,207.3,0.6699,1800381,0.007695
3486,80.0,6.0,206.6,0.6698,1800678,0.010106
3487,180.0,11.0,206.8,0.6697,1801238,0.008302
3488,370.0,22.0,208.9,0.6697,1802025,0.271548
3489,260.0,16.0,209.4,0.6696,1802741,0.010496
3490,155.0,10.0,209.6,0.6695,1803144,0.003543
3491,315.0,18.0,212.2,0.6694,1803865,0.005557
3492,210.0,12.0,212.8,0.6693,1804416,0.014065
3493,35.0,4.0,212.3,0.6692,1804701,0.006867
3494,135.0,9.0,211.8,0.6691,1805172,0.007340
3495,240.0,15.0,213.0,0.6690,1805784,0.005454
3496,210.0,12.0,212.9,0.6689,1806326,0.021798
3497,210.0,12.0,214.6,0.6688,1806865,0.011563
3498,255.0,16.0,215.1,0.6687,1807475,0.005249
3499,90.0,7.0,212.7,0.6686,1807827,0.005122
3500,645.0,26.0,218.3,0.6685,1808801,0.009939
3501,80.0,7.0,215.8,0.6684,1809312,0.009594
3502,170.0,14.0,216.1,0.6683,1809997,0.156312
3503,80.0,7.0,215.1,0.6682,1810389,0.006256
3504,220.0,15.0,215.2,0.6681,1811090,0.010158
3505,240.0,15.0,215.8,0.6680,1811751,0.009628
3506,225.0,14.0,215.7,0.6679,1812394,0.006089
3507,210.0,12.0,215.7,0.6679,1812970,0.007204
3508,135.0,9.0,214.4,0.6678,1813257,0.011409
3509,180.0,11.0,214.6,0.6677,1813780,0.010328
3510,110.0,9.0,211.9,0.6676,1814264,0.006492
3511,235.0,16.0,212.2,0.6675,1814980,0.003667
3512,270.0,16.0,212.6,0.6674,1815852,0.005917
3513,395.0,14.0,215.4,0.6673,1816536,0.013050
3514,60.0,6.0,215.2,0.6672,1816834,0.008496
3515,105.0,8.0,214.2,0.6671,1817135,0.002973
3516,150.0,10.0,215.0,0.6670,1817638,0.009477
3517,110.0,11.0,214.2,0.6669,1818169,0.006619
3518,300.0,19.0,215.9,0.6668,1818943,0.009555
3519,125.0,9.0,214.4,0.6667,1819323,0.009432
3520,260.0,16.0,215.5,0.6666,1820173,0.014913
3521,180.0,11.0,215.5,0.6665,1820626,0.006399
3522,630.0,29.0,220.4,0.6664,1821650,0.009590
3523,230.0,17.0,220.9,0.6663,1822289,0.165487
3524,110.0,8.0,215.8,0.6662,1822647,0.005423
3525,155.0,10.0,214.7,0.6661,1823144,0.014365
3526,210.0,12.0,216.1,0.6661,1823734,0.006369
3527,195.0,13.0,216.7,0.6660,1824213,0.004858
3528,210.0,12.0,216.7,0.6659,1824688,0.007709
3529,135.0,9.0,215.9,0.6658,1825156,0.006687
3530,210.0,12.0,216.2,0.6657,1825637,0.009781
3531,145.0,10.0,214.9,0.6656,1826101,0.032357
3532,105.0,8.0,213.9,0.6655,1826496,0.013622
3533,240.0,15.0,213.9,0.6654,1827132,0.045583
3534,315.0,20.0,214.9,0.6653,1827991,0.005097
3535,210.0,12.0,214.0,0.6652,1828451,0.162024
3536,285.0,20.0,213.2,0.6651,1829199,0.007191
3537,160.0,11.0,212.4,0.6650,1829762,0.167434
3538,255.0,17.0,214.1,0.6649,1830549,0.012427
3539,135.0,9.0,213.7,0.6648,1830938,0.144228
3540,135.0,9.0,213.2,0.6647,1831316,0.149864
3541,210.0,12.0,213.8,0.6646,1831825,0.009304
3542,225.0,16.0,213.9,0.6645,1832512,0.005836
3543,180.0,11.0,214.3,0.6644,1832945,0.012910
3544,45.0,5.0,212.8,0.6643,1833241,0.012418
3545,340.0,12.0,214.7,0.6643,1833903,0.006247
3546,320.0,21.0,216.7,0.6642,1834639,0.029962
3547,310.0,20.0,218.5,0.6641,1835223,0.011133
3548,135.0,9.0,216.4,0.6640,1835684,0.011912
3549,315.0,20.0,218.5,0.6639,1836390,0.007713
3550,135.0,9.0,218.5,0.6638,1836767,0.004001
3551,335.0,21.0,220.5,0.6637,1837725,0.189915
3552,185.0,12.0,221.0,0.6636,1838158,0.003929
3553,240.0,14.0,221.8,0.6635,1838824,0.133159
3554,135.0,9.0,220.9,0.6634,1839183,0.159586
3555,30.0,4.0,219.7,0.6633,1839570,0.024065
3556,155.0,10.0,219.8,0.6632,1840056,0.013749
3557,440.0,28.0,221.9,0.6631,1841222,0.006244
3558,210.0,12.0,221.1,0.6630,1841757,0.011388
3559,180.0,11.0,220.2,0.6629,1842290,0.018008
3560,270.0,17.0,220.8,0.6628,1843024,0.004423
3561,125.0,9.0,216.4,0.6627,1843369,0.007386
3562,35.0,4.0,214.2,0.6626,1843623,0.005222
3563,155.0,10.0,210.4,0.6625,1843979,0.017705
3564,240.0,15.0,211.1,0.6625,1844611,0.003812
3565,225.0,14.0,212.9,0.6624,1845145,0.004559
3566,215.0,13.0,212.1,0.6623,1845801,0.004221
3567,295.0,20.0,212.3,0.6622,1846554,0.006331
3568,325.0,19.0,213.2,0.6621,1847346,0.006343
3569,80.0,7.0,212.4,0.6620,1847632,0.005453
3570,125.0,9.0,212.2,0.6619,1847951,0.003370
3571,410.0,13.0,214.6,0.6618,1848563,0.007161
3572,125.0,9.0,213.8,0.6617,1849163,0.014662
3573,135.0,9.0,213.2,0.6616,1849590,0.005612
3574,225.0,14.0,213.9,0.6615,1850291,0.010907
3575,180.0,11.0,213.6,0.6614,1850705,0.014201
3576,205.0,14.0,213.6,0.6613,1851270,0.115992
3577,210.0,12.0,212.4,0.6612,1851886,0.004702
3578,215.0,13.0,212.4,0.6611,1852460,0.012356
3579,210.0,12.0,210.8,0.6610,1852968,0.012658
3580,305.0,19.0,211.6,0.6609,1853896,0.007683
3581,215.0,13.0,212.7,0.6608,1854464,0.004900
3582,215.0,13.0,209.3,0.6607,1854978,0.006717
3583,180.0,11.0,208.8,0.6607,1855474,0.004601
3584,490.0,20.0,212.3,0.6606,1856261,0.016517
3585,210.0,12.0,210.4,0.6605,1856736,0.009953
3586,165.0,10.0,211.3,0.6604,1857148,0.005507
3587,60.0,6.0,210.1,0.6603,1857434,0.010329
3588,500.0,22.0,211.4,0.6602,1858043,0.024229
3589,410.0,13.0,212.9,0.6601,1858632,0.006159
3590,285.0,17.0,214.2,0.6600,1859229,0.140812
3591,150.0,11.0,212.6,0.6599,1859802,0.008260
3592,225.0,14.0,212.7,0.6598,1860370,0.019967
3593,210.0,12.0,214.4,0.6597,1860848,0.024362
3594,110.0,7.0,214.2,0.6596,1861221,0.007248
3595,125.0,9.0,213.1,0.6595,1861762,0.005214
3596,190.0,13.0,212.8,0.6594,1862255,0.189199
3597,240.0,15.0,213.2,0.6593,1862742,0.007977
3598,105.0,8.0,211.7,0.6592,1863057,0.005542
3599,215.0,16.0,212.9,0.6591,1863718,0.147416
3600,365.0,22.0,210.1,0.6590,1864452,0.010785
3601,80.0,5.0,210.1,0.6589,1864766,0.007380
3602,105.0,9.0,209.4,0.6589,1865242,0.005582
3603,410.0,13.0,212.8,0.6588,1865875,0.163720
3604,245.0,15.0,213.0,0.6587,1866493,0.007931
3605,155.0,10.0,212.2,0.6586,1866897,0.004928
3606,155.0,10.0,211.4,0.6585,1867398,0.004194
3607,265.0,16.0,212.0,0.6584,1868053,0.004315
3608,360.0,14.0,214.2,0.6583,1868574,0.006869
3609,130.0,9.0,213.8,0.6582,1868899,0.164826
3610,200.0,17.0,214.7,0.6581,1869536,0.162663
3611,200.0,12.0,214.3,0.6580,1870103,0.018489
3612,150.0,10.0,213.1,0.6579,1870486,0.008988
3613,415.0,14.0,213.3,0.6578,1871460,0.006932
3614,225.0,14.0,214.9,0.6577,1872087,0.014039
3615,55.0,5.0,214.4,0.6576,1872374,0.157493
3616,80.0,7.0,213.8,0.6575,1872774,0.006263
3617,110.0,7.0,213.8,0.6574,1873151,0.005037
3618,165.0,12.0,212.4,0.6573,1873911,0.005964
3619,265.0,17.0,213.8,0.6572,1874561,0.004410
3620,50.0,5.0,211.7,0.6571,1874963,0.004107
3621,120.0,8.0,211.1,0.6571,1875563,0.004893
3622,290.0,18.0,207.7,0.6570,1876276,0.009224
3623,285.0,18.0,208.2,0.6569,1877032,0.005792
3624,255.0,15.0,209.7,0.6568,1877723,0.008169
3625,180.0,11.0,209.9,0.6567,1878203,0.009306
3626,45.0,5.0,208.3,0.6566,1878694,0.018391
3627,210.0,12.0,208.4,0.6565,1879215,0.123189
3628,150.0,10.0,207.8,0.6564,1879667,0.004178
3629,210.0,12.0,208.6,0.6563,1880210,0.147748
3630,215.0,16.0,208.7,0.6562,1881034,0.020751
3631,90.0,7.0,208.1,0.6561,1881447,0.012850
3632,260.0,16.0,209.7,0.6560,1882112,0.006472
3633,155.0,10.0,208.8,0.6559,1882512,0.011397
3634,225.0,14.0,207.9,0.6558,1883084,0.006933
3635,155.0,10.0,207.3,0.6557,1883671,0.004252
3636,210.0,12.0,206.6,0.6556,1884263,0.006966
3637,175.0,12.0,206.8,0.6555,1884752,0.008754
3638,85.0,7.0,205.1,0.6554,1885083,0.005078
3639,135.0,9.0,205.1,0.6553,1885452,0.006454
3640,270.0,17.0,206.4,0.6553,1886272,0.006560
3641,110.0,8.0,205.4,0.6552,1886744,0.005725
3642,285.0,17.0,206.0,0.6551,1887549,0.008181
3643,115.0,8.0,205.3,0.6550,1888020,0.004823
3644,105.0,8.0,205.9,0.6549,1888411,0.005308
3645,390.0,23.0,206.4,0.6548,1889238,0.006185
3646,105.0,8.0,204.3,0.6547,1889593,0.006626
3647,125.0,9.0,202.4,0.6546,1890028,0.005409
3648,155.0,10.0,202.7,0.6545,1890398,0.010654
3649,210.0,12.0,201.6,0.6544,1890952,0.155608
3650,240.0,15.0,202.7,0.6543,1891496,0.009420
3651,225.0,14.0,201.6,0.6542,1892050,0.023864
3652,125.0,9.0,200.9,0.6541,1892656,0.010851
3653,100.0,8.0,199.6,0.6540,1893019,0.006803
3654,180.0,11.0,200.0,0.6539,1893443,0.012750
3655,265.0,17.0,202.3,0.6538,1894092,0.013546
3656,180.0,11.0,202.6,0.6537,1894563,0.006216
3657,240.0,15.0,200.6,0.6536,1895058,0.009323
3658,425.0,15.0,202.8,0.6535,1896166,0.004555
3659,140.0,8.0,202.3,0.6535,1896586,0.007718
3660,185.0,12.0,201.5,0.6534,1897112,0.004322
3661,185.0,12.0,202.1,0.6533,1897599,0.007430
3662,210.0,12.0,203.8,0.6532,1898093,0.005524
3663,120.0,8.0,203.5,0.6531,1898522,0.015642
3664,155.0,10.0,202.7,0.6530,1899034,0.003914
3665,185.0,12.0,202.2,0.6529,1899667,0.156842
3666,400.0,25.0,204.1,0.6528,1900569,0.027991
3667,60.0,6.0,201.8,0.6527,1900889,0.007980
3668,100.0,8.0,199.5,0.6526,1901170,0.012510
3669,155.0,10.0,200.2,0.6525,1901644,0.010495
3670,90.0,7.0,199.9,0.6524,1901920,0.010614
3671,105.0,8.0,196.8,0.6523,1902320,0.122272
3672,175.0,11.0,197.3,0.6522,1902916,0.006236
3673,230.0,13.0,198.3,0.6521,1903533,0.010182
3674,300.0,19.0,199.1,0.6520,1904363,0.007446
3675,230.0,14.0,199.6,0.6519,1904961,0.009166
3676,245.0,17.0,199.9,0.6518,1905508,0.163263
3677,420.0,24.0,202.1,0.6517,1906457,0.007241
3678,130.0,9.0,201.2,0.6517,1906951,0.002981
3679,210.0,12.0,201.2,0.6516,1907450,0.007731
3680,185.0,11.0,200.0,0.6515,1907950,0.003489
3681,65.0,6.0,198.5,0.6514,1908317,0.006323
3682,390.0,23.0,200.2,0.6513,1909238,0.009143
3683,120.0,8.0,199.7,0.6512,1909645,0.006240
3684,315.0,21.0,197.9,0.6511,1910499,0.010534
3685,225.0,14.0,198.1,0.6510,1911171,0.005947
3686,125.0,9.0,197.7,0.6509,1911657,0.011153
3687,240.0,14.0,199.4,0.6508,1912261,0.119736
3688,355.0,11.0,198.0,0.6507,1912905,0.011201
3689,215.0,13.0,196.1,0.6506,1913510,0.008330
3690,505.0,20.0,198.2,0.6505,1914525,0.316899
3691,215.0,13.0,198.9,0.6504,1915243,0.119640
3692,210.0,12.0,198.8,0.6503,1915804,0.018805
3693,100.0,8.0,197.7,0.6502,1916087,0.008943
3694,210.0,12.0,198.7,0.6501,1916570,0.004277
3695,125.0,9.0,198.7,0.6500,1917125,0.008326
3696,215.0,13.0,198.9,0.6499,1917835,0.008363
3697,205.0,14.0,198.6,0.6499,1918479,0.005653
3698,285.0,20.0,200.3,0.6498,1919751,0.150910
3699,155.0,10.0,199.8,0.6497,1920173,0.005981
3700,180.0,11.0,197.9,0.6496,1920647,0.005497
3701,125.0,9.0,198.3,0.6495,1921037,0.006629
3702,210.0,12.0,199.4,0.6494,1921536,0.011769
3703,60.0,6.0,195.9,0.6493,1921923,0.022419
3704,180.0,11.0,195.2,0.6492,1922396,0.007259
3705,285.0,17.0,196.6,0.6491,1923177,0.005427
3706,180.0,11.0,196.8,0.6490,1923721,0.022620
3707,215.0,13.0,196.3,0.6489,1924382,0.162386
3708,225.0,14.0,194.9,0.6488,1924933,0.004268
3709,315.0,18.0,196.8,0.6487,1925793,0.004979
3710,225.0,15.0,197.1,0.6486,1926287,0.151523
3711,135.0,9.0,196.4,0.6485,1926815,0.110733
3712,210.0,12.0,197.0,0.6484,1927336,0.014253
3713,60.0,5.0,193.4,0.6483,1927635,0.005989
3714,260.0,17.0,193.8,0.6482,1928351,0.014041
3715,130.0,9.0,194.6,0.6481,1928747,0.009233
3716,235.0,15.0,196.1,0.6481,1929455,0.006869
3717,105.0,8.0,196.1,0.6480,1929878,0.145600
3718,280.0,19.0,197.2,0.6479,1930644,0.009556
3719,180.0,11.0,196.3,0.6478,1931117,0.007754
3720,395.0,24.0,199.8,0.6477,1931862,0.005671
3721,425.0,25.0,202.8,0.6476,1932709,0.016882
3722,240.0,15.0,202.3,0.6475,1933334,0.005536
3723,60.0,6.0,200.1,0.6474,1933716,0.013564
3724,210.0,12.0,199.7,0.6473,1934285,0.007107
3725,155.0,10.0,199.4,0.6472,1934783,0.007234
3726,215.0,13.0,201.1,0.6471,1935403,0.004853
3727,170.0,13.0,200.7,0.6470,1936054,0.003278
3728,290.0,18.0,202.1,0.6469,1936756,0.007557
3729,225.0,14.0,202.2,0.6468,1937451,0.007497
3730,65.0,6.0,200.8,0.6467,1937758,0.004324
3731,185.0,12.0,201.7,0.6466,1938276,0.004298
3732,225.0,14.0,201.3,0.6465,1938870,0.011445
3733,215.0,13.0,201.9,0.6464,1939556,0.003476
3734,120.0,8.0,200.9,0.6463,1939858,0.002336
3735,210.0,12.0,201.4,0.6463,1940433,0.005515
3736,210.0,12.0,201.4,0.6462,1941026,0.012595
3737,260.0,16.0,202.3,0.6461,1941649,0.009238
3738,475.0,28.0,206.2,0.6460,1942608,0.006733
3739,190.0,11.0,206.8,0.6459,1943054,0.005341
3740,290.0,19.0,206.9,0.6458,1943712,0.011112
3741,180.0,11.0,207.7,0.6457,1944047,0.144990
3742,465.0,28.0,209.4,0.6456,1945076,0.007359
3743,245.0,16.0,210.8,0.6455,1945795,0.015204
3744,80.0,7.0,210.5,0.6454,1946151,0.005393
3745,215.0,13.0,208.8,0.6453,1946756,0.016195
3746,155.0,10.0,209.2,0.6452,1947317,0.008853
3747,130.0,9.0,209.3,0.6451,1947703,0.008662
3748,335.0,19.0,211.1,0.6450,1948533,0.006653
3749,225.0,14.0,211.2,0.6449,1949160,0.016655
3750,130.0,10.0,210.2,0.6448,1949598,0.004519
3751,210.0,12.0,210.0,0.6447,1950071,0.005199
3752,120.0,8.0,209.9,0.6446,1950349,0.020043
3753,105.0,8.0,210.0,0.6445,1950642,0.006886
3754,175.0,12.0,209.9,0.6445,1951287,0.019081
3755,265.0,16.0,209.9,0.6444,1951933,0.016731
3756,180.0,11.0,209.9,0.6443,1952340,0.008263
3757,240.0,15.0,209.9,0.6442,1952950,0.011586
3758,165.0,10.0,207.3,0.6441,1953424,0.006660
3759,210.0,12.0,208.1,0.6440,1953989,0.004245
3760,240.0,15.0,208.6,0.6439,1954544,0.122892
3761,215.0,13.0,208.9,0.6438,1955135,0.005641
3762,180.0,11.0,208.6,0.6437,1955650,0.161368
3763,80.0,6.0,208.2,0.6436,1955955,0.005855
3764,210.0,12.0,208.8,0.6435,1956468,0.145936
3765,210.0,12.0,209.0,0.6434,1957017,0.008771
3766,210.0,12.0,207.1,0.6433,1957633,0.002645
3767,265.0,17.0,209.2,0.6432,1958420,0.003760
3768,240.0,15.0,210.6,0.6431,1958964,0.004224
3769,210.0,12.0,211.1,0.6430,1959441,0.006016
3770,105.0,8.0,211.2,0.6429,1959985,0.003872
3771,315.0,20.0,213.3,0.6428,1960643,0.009210
3772,165.0,10.0,213.2,0.6427,1961017,0.017788
3773,820.0,26.0,219.2,0.6427,1962062,0.008685
3774,240.0,16.0,218.6,0.6426,1962685,0.239182
3775,65.0,6.0,216.9,0.6425,1963200,0.014242
3776,440.0,16.0,218.8,0.6424,1964067,0.014107
3777,245.0,14.0,217.1,0.6423,1964652,0.010665
3778,150.0,11.0,217.3,0.6422,1965222,0.011091
3779,285.0,17.0,218.1,0.6421,1965709,0.008098
3780,100.0,8.0,217.2,0.6420,1966071,0.007712
3781,265.0,17.0,219.2,0.6419,1966821,0.013555
3782,210.0,12.0,217.4,0.6418,1967193,0.005540
3783,105.0,8.0,217.2,0.6417,1967601,0.007546
3784,215.0,13.0,216.2,0.6416,1968121,0.011700
3785,290.0,17.0,216.9,0.6415,1968698,0.008292
3786,180.0,11.0,217.4,0.6414,1969114,0.008866
3787,150.0,9.0,216.6,0.6413,1969596,0.120621
3788,265.0,16.0,215.7,0.6412,1970347,0.010968
3789,105.0,8.0,214.6,0.6411,1970715,0.006255
3790,175.0,13.0,211.2,0.6410,1971339,0.006654
3791,235.0,14.0,211.4,0.6409,1972033,0.011126
3792,210.0,12.0,211.4,0.6409,1972508,0.025488
3793,210.0,12.0,212.6,0.6408,1973001,0.005534
3794,255.0,17.0,213.0,0.6407,1973737,0.010012
3795,180.0,11.0,213.6,0.6406,1974146,0.004743
3796,155.0,10.0,212.9,0.6405,1974591,0.008864
3797,415.0,14.0,215.1,0.6404,1975196,0.007704
3798,180.0,12.0,214.0,0.6403,1975709,0.003984
3799,270.0,19.0,215.2,0.6402,1976370,0.007799
3800,280.0,16.0,216.2,0.6401,1977047,0.005807
3801,85.0,8.0,215.8,0.6400,1977404,0.007879
3802,410.0,13.0,217.8,0.6399,1978021,0.008910
3803,160.0,10.0,218.8,0.6398,1978496,0.003709
3804,215.0,13.0,219.1,0.6397,1979087,0.006433
3805,165.0,10.0,217.9,0.6396,1979600,0.011934
3806,105.0,8.0,217.2,0.6395,1979960,0.006716
3807,180.0,11.0,216.8,0.6394,1980440,0.010336
3808,210.0,12.0,216.7,0.6393,1981386,0.007605
3809,215.0,13.0,215.7,0.6392,1981984,0.005973
3810,285.0,18.0,216.2,0.6391,1982667,0.007348
3811,80.0,7.0,215.7,0.6391,1982958,0.155022
3812,275.0,17.0,216.3,0.6390,1983679,0.010011
3813,210.0,12.0,217.8,0.6389,1984214,0.004782
3814,210.0,12.0,217.3,0.6388,1984814,0.026139
3815,155.0,10.0,217.6,0.6387,1985327,0.007543
3816,380.0,12.0,219.1,0.6386,1985879,0.012134
3817,210.0,12.0,220.1,0.6385,1986356,0.004041
3818,260.0,16.0,219.9,0.6384,1987002,0.132069
3819,45.0,5.0,218.6,0.6383,1987293,0.005311
3820,325.0,21.0,217.8,0.6382,1988123,0.003947
3821,555.0,33.0,219.2,0.6381,1989374,0.010579
3822,315.0,18.0,219.9,0.6380,1990146,0.011607
3823,120.0,8.0,220.5,0.6379,1990557,0.004112
3824,20.0,3.0,218.6,0.6378,1990965,0.011693
3825,105.0,6.0,218.1,0.6377,1991276,0.006716
3826,180.0,11.0,217.8,0.6376,1991694,0.005984
3827,155.0,10.0,217.6,0.6375,1992077,0.004166
3828,330.0,20.0,218.0,0.6374,1993016,0.023847
3829,210.0,12.0,217.8,0.6373,1993488,0.009869
3830,220.0,13.0,219.4,0.6373,1994073,0.003835
3831,330.0,20.0,220.8,0.6372,1994754,0.009616
3832,200.0,14.0,220.6,0.6371,1995448,0.006229
3833,180.0,11.0,220.2,0.6370,1995924,0.004659
3834,180.0,11.0,220.8,0.6369,1996336,0.004339
3835,150.0,9.0,220.2,0.6368,1996804,0.019459
3836,210.0,12.0,220.2,0.6367,1997182,0.007404
3837,180.0,11.0,219.4,0.6366,1997652,0.011105
3838,210.0,12.0,216.8,0.6365,1998135,0.123030
3839,210.0,12.0,217.0,0.6364,1998660,0.005052
3840,165.0,10.0,215.8,0.6363,1999195,0.006285
3841,155.0,10.0,215.5,0.6362,1999602,0.007911
3842,65.0,6.0,211.5,0.6361,1999902,0.007065
3843,60.0,6.0,209.7,0.6360,2000198,0.005281
3844,180.0,11.0,210.7,0.6359,2000610,0.005468
3845,235.0,16.0,210.8,0.6358,2001310,0.016192
3846,340.0,20.0,212.7,0.6357,2002066,0.009965
3847,320.0,19.0,214.6,0.6356,2002735,0.004684
3848,215.0,13.0,213.4,0.6355,2003305,0.003570
3849,335.0,21.0,214.5,0.6355,2003913,0.147490
3850,215.0,13.0,215.3,0.6354,2004502,0.007309
3851,240.0,15.0,215.7,0.6353,2005110,0.006262
3852,185.0,12.0,216.3,0.6352,2005703,0.005784
3853,225.0,14.0,217.5,0.6351,2006300,0.150878
3854,215.0,13.0,217.9,0.6350,2006824,0.003536
3855,255.0,15.0,217.8,0.6349,2007405,0.019108
3856,240.0,15.0,218.4,0.6348,2007931,0.005738
3857,180.0,13.0,217.8,0.6347,2008447,0.006207
3858,180.0,11.0,217.9,0.6346,2008928,0.005505
3859,180.0,11.0,217.7,0.6345,2009288,0.004748
3860,170.0,12.0,216.9,0.6344,2009879,0.010765
3861,425.0,15.0,219.1,0.6343,2010522,0.018671
3862,240.0,17.0,219.7,0.6342,2011223,0.138896
3863,210.0,12.0,220.9,0.6341,2011762,0.005753
3864,135.0,9.0,220.2,0.6340,2012134,0.007938
3865,155.0,10.0,219.7,0.6339,2012545,0.006776
3866,210.0,12.0,219.7,0.6338,2013070,0.011574
3867,265.0,17.0,219.7,0.6337,2013748,0.151559
3868,210.0,12.0,219.3,0.6337,2014253,0.010928
3869,210.0,12.0,219.3,0.6336,2014895,0.010896
3870,160.0,10.0,219.9,0.6335,2015268,0.014174
3871,130.0,10.0,218.1,0.6334,2015886,0.006338
3872,335.0,21.0,219.8,0.6333,2016561,0.005505
3873,215.0,13.0,213.7,0.6332,2017205,0.008586
3874,285.0,17.0,214.2,0.6331,2018012,0.010245
3875,270.0,16.0,216.2,0.6330,2018623,0.005742
3876,260.0,16.0,214.4,0.6329,2019250,0.005713
3877,590.0,24.0,217.8,0.6328,2020309,0.009063
3878,265.0,14.0,219.0,0.6327,2020949,0.008397
3879,210.0,12.0,218.2,0.6326,2021527,0.008459
3880,180.0,11.0,219.1,0.6325,2022108,0.006137
3881,60.0,6.0,217.0,0.6324,2022444,0.150708
3882,155.0,10.0,216.4,0.6323,2023001,0.007188
3883,450.0,16.0,219.9,0.6322,2023626,0.007492
3884,210.0,12.0,219.8,0.6321,2024182,0.142938
3885,100.0,8.0,217.9,0.6320,2024552,0.006287
3886,360.0,22.0,219.8,0.6319,2025548,0.004830
3887,245.0,14.0,220.7,0.6319,2026112,0.013540
3888,180.0,11.0,219.8,0.6318,2026445,0.008015
3889,155.0,10.0,220.3,0.6317,2026990,0.013328
3890,350.0,23.0,222.1,0.6316,2027825,0.004492
3891,65.0,6.0,220.4,0.6315,2028208,0.145157
3892,275.0,18.0,221.1,0.6314,2029080,0.009179
3893,165.0,12.0,220.6,0.6313,2029563,0.127051
3894,210.0,12.0,220.2,0.6312,2030150,0.006119
3895,210.0,12.0,220.4,0.6311,2030692,0.007546
3896,345.0,21.0,222.3,0.6310,2031378,0.123012
3897,210.0,12.0,220.3,0.6309,2031934,0.011769
3898,210.0,12.0,220.6,0.6308,2032461,0.162259
3899,215.0,13.0,220.1,0.6307,2033066,0.010084
3900,260.0,16.0,219.8,0.6306,2033682,0.007769
3901,305.0,19.0,222.1,0.6305,2034329,0.005538
3902,215.0,13.0,220.1,0.6304,2034935,0.006536
3903,370.0,25.0,222.2,0.6303,2035832,0.008021
3904,45.0,5.0,220.5,0.6302,2036177,0.010732
3905,415.0,14.0,223.0,0.6301,2036794,0.007316
3906,555.0,23.0,227.5,0.6301,2037846,0.012361
3907,265.0,17.0,228.3,0.6300,2038522,0.017418
3908,165.0,10.0,227.9,0.6299,2039093,0.006398
3909,230.0,13.0,228.1,0.6298,2039643,0.006680
3910,80.0,7.0,226.0,0.6297,2040048,0.018288
3911,180.0,11.0,227.0,0.6296,2040470,0.012769
3912,185.0,11.0,226.1,0.6295,2040972,0.114550
3913,210.0,12.0,226.1,0.6294,2041503,0.007981
3914,155.0,10.0,225.6,0.6293,2041974,0.006243
3915,180.0,11.0,225.8,0.6292,2042531,0.004826
3916,125.0,9.0,223.2,0.6291,2042835,0.013427
3917,180.0,11.0,222.9,0.6290,2043272,0.005668
3918,425.0,15.0,224.6,0.6289,2043883,0.010365
3919,255.0,17.0,226.7,0.6288,2044572,0.004706
3920,275.0,17.0,226.2,0.6287,2045236,0.158348
3921,360.0,23.0,224.2,0.6286,2046197,0.008621
3922,240.0,15.0,223.5,0.6285,2046832,0.003763
3923,110.0,8.0,223.4,0.6284,2047292,0.005495
3924,340.0,21.0,226.6,0.6283,2048003,0.005343
3925,315.0,19.0,228.7,0.6283,2048787,0.004915
3926,105.0,8.0,227.9,0.6282,2049163,0.005933
3927,210.0,12.0,228.5,0.6281,2049691,0.004984
3928,210.0,12.0,227.3,0.6280,2050177,0.012438
3929,210.0,12.0,227.3,0.6279,2050579,0.007256
3930,240.0,15.0,227.5,0.6278,2051230,0.013376
3931,480.0,30.0,229.0,0.6277,2052157,0.005044
3932,285.0,17.0,229.8,0.6276,2053021,0.008411
3933,245.0,14.0,230.5,0.6275,2053674,0.009896
3934,365.0,22.0,232.3,0.6274,2054408,0.006439
3935,210.0,12.0,232.9,0.6273,2054929,0.010593
3936,135.0,11.0,232.2,0.6272,2055418,0.010538
3937,245.0,16.0,232.8,0.6271,2056135,0.010833
3938,135.0,9.0,232.1,0.6270,2056424,0.010168
3939,210.0,12.0,232.1,0.6269,2056787,0.005902
3940,210.0,12.0,232.6,0.6268,2057328,0.011761
3941,180.0,11.0,232.8,0.6267,2057861,0.005894
3942,520.0,22.0,237.3,0.6266,2058689,0.006150
3943,105.0,9.0,237.8,0.6265,2059286,0.006129
3944,340.0,22.0,239.4,0.6265,2060010,0.010225
3945,265.0,16.0,239.7,0.6264,2060688,0.006668
3946,475.0,19.0,241.1,0.6263,2061350,0.006661
3947,125.0,9.0,239.1,0.6262,2061681,0.014653
3948,210.0,12.0,239.1,0.6261,2062344,0.009979
3949,180.0,11.0,237.5,0.6260,2062949,0.020150
3950,215.0,13.0,237.5,0.6259,2063577,0.006679
3951,155.0,10.0,236.7,0.6258,2063995,0.184815
3952,210.0,12.0,236.9,0.6257,2064376,0.007210
3953,215.0,13.0,236.8,0.6256,2065027,0.006536
3954,365.0,24.0,238.3,0.6255,2065797,0.010060
3955,225.0,14.0,238.0,0.6254,2066460,0.148814
3956,135.0,9.0,236.9,0.6253,2066888,0.137439
3957,185.0,11.0,237.0,0.6252,2067412,0.007158
3958,390.0,23.0,239.1,0.6251,2068328,0.004411
3959,120.0,8.0,238.5,0.6250,2068821,0.007631
3960,180.0,11.0,238.6,0.6249,2069222,0.005459
3961,205.0,14.0,236.4,0.6248,2069705,0.009984
3962,210.0,12.0,236.1,0.6247,2070244,0.021013
3963,35.0,4.0,234.3,0.6247,2070636,0.107981
3964,135.0,9.0,234.3,0.6246,2070993,0.015434
3965,195.0,13.0,234.8,0.6245,2071548,0.007970
3966,380.0,12.0,236.4,0.6244,2072101,0.008897
3967,115.0,8.0,234.9,0.6243,2072609,0.007319
3968,125.0,9.0,234.1,0.6242,2072998,0.017094
3969,415.0,14.0,236.2,0.6241,2073634,0.010896
3970,180.0,11.0,236.3,0.6240,2074045,0.140328
3971,240.0,14.0,237.4,0.6239,2074635,0.012126
3972,210.0,12.0,236.2,0.6238,2075181,0.005883
3973,180.0,11.0,235.8,0.6237,2075660,0.006151
3974,105.0,8.0,234.1,0.6236,2076041,0.002909
3975,155.0,10.0,232.9,0.6235,2076416,0.267919
3976,155.0,12.0,231.8,0.6234,2077055,0.010165
3977,135.0,9.0,227.3,0.6233,2077595,0.007324
3978,460.0,17.0,229.2,0.6232,2078315,0.009491
3979,105.0,8.0,228.2,0.6231,2078596,0.006672
3980,185.0,11.0,228.2,0.6230,2079178,0.011280
3981,250.0,15.0,230.2,0.6229,2079747,0.004509
3982,80.0,7.0,229.4,0.6229,2080079,0.008334
3983,180.0,11.0,226.7,0.6228,2080452,0.008411
3984,110.0,7.0,225.7,0.6227,2080900,0.006695
3985,155.0,10.0,226.2,0.6226,2081384,0.007286
3986,65.0,6.0,223.3,0.6225,2081784,0.003107
3987,180.0,11.0,222.7,0.6224,2082293,0.003456
3988,345.0,23.0,224.3,0.6223,2083224,0.005325
3989,530.0,31.0,228.1,0.6222,2084199,0.004384
3990,230.0,15.0,226.8,0.6221,2084832,0.004691
3991,180.0,11.0,228.0,0.6220,2085308,0.009895
3992,210.0,12.0,227.3,0.6219,2085792,0.006990
3993,230.0,15.0,228.0,0.6218,2086406,0.002978
3994,180.0,11.0,227.7,0.6217,2086898,0.005340
3995,240.0,15.0,228.0,0.6216,2087491,0.148057
3996,215.0,13.0,226.7,0.6215,2088069,0.004626
3997,180.0,11.0,226.4,0.6214,2088493,0.006337
3998,210.0,12.0,226.4,0.6213,2089134,0.009268
3999,100.0,8.0,225.2,0.6212,2089449,0.005148
4000,225.0,14.0,224.9,0.6211,2090104,0.007066
4001,80.0,7.0,222.7,0.6211,2090435,0.004067
4002,80.0,7.0,221.3,0.6210,2090733,0.008625
4003,210.0,12.0,219.7,0.6209,2091201,0.164414
4004,210.0,12.0,221.3,0.6208,2091780,0.011112
4005,80.0,6.0,218.0,0.6207,2092080,0.005218
4006,565.0,24.0,218.1,0.6206,2092927,0.006767
4007,360.0,22.0,219.1,0.6205,2093560,0.004933
4008,210.0,12.0,219.5,0.6204,2094080,0.004982
4009,285.0,19.0,220.1,0.6203,2095066,0.007385
4010,80.0,7.0,220.1,0.6202,2095342,0.008845
4011,135.0,9.0,219.6,0.6201,2095786,0.006825
4012,105.0,8.0,218.8,0.6200,2096177,0.004962
4013,200.0,15.0,218.7,0.6199,2096814,0.004225
4014,285.0,17.0,220.0,0.6198,2097503,0.003133
4015,410.0,13.0,222.3,0.6197,2098081,0.008278
4016,155.0,10.0,222.6,0.6196,2098564,0.144395
4017,285.0,17.0,223.7,0.6195,2099208,0.005832
4018,240.0,17.0,221.8,0.6194,2099896,0.005644
4019,125.0,9.0,220.5,0.6193,2100294,0.011425
4020,225.0,14.0,220.0,0.6193,2100923,0.006390
4021,30.0,4.0,216.7,0.6192,2101221,0.004833
4022,210.0,12.0,216.4,0.6191,2101798,0.008706
4023,240.0,15.0,217.7,0.6190,2102424,0.006635
4024,180.0,11.0,216.1,0.6189,2102925,0.007820
4025,225.0,16.0,215.2,0.6188,2103595,0.013746
4026,85.0,6.0,215.0,0.6187,2103957,0.008694
4027,135.0,9.0,214.2,0.6186,2104314,0.147539
4028,415.0,27.0,216.3,0.6185,2105315,0.005776
4029,135.0,9.0,215.6,0.6184,2105802,0.006773
4030,225.0,13.0,215.4,0.6183,2106377,0.007852
4031,520.0,21.0,215.8,0.6182,2107215,0.009572
4032,220.0,18.0,215.2,0.6181,2108033,0.006028
4033,210.0,12.0,214.8,0.6180,2108544,0.005437
4034,105.0,8.0,212.2,0.6179,2109074,0.004048
4035,180.0,11.0,211.9,0.6178,2109649,0.009266
4036,105.0,8.0,211.6,0.6177,2109979,0.007686
4037,200.0,15.0,211.2,0.6176,2110633,0.007858
4038,225.0,14.0,212.1,0.6175,2111207,0.009157
4039,135.0,9.0,211.3,0.6175,2111560,0.007074
4040,180.0,11.0,211.0,0.6174,2111958,0.004951
4041,180.0,11.0,211.0,0.6173,2112476,0.006886
4042,225.0,14.0,208.1,0.6172,2113044,0.008262
4043,180.0,11.0,208.8,0.6171,2113511,0.010228
4044,135.0,9.0,206.8,0.6170,2113886,0.013922
4045,185.0,11.0,205.9,0.6169,2114423,0.012482
4046,140.0,10.0,202.6,0.6168,2114855,0.008770
4047,525.0,21.0,206.6,0.6167,2115593,0.005511
4048,180.0,11.0,206.3,0.6166,2115990,0.005420
4049,215.0,13.0,206.7,0.6165,2116573,0.021597
4050,340.0,24.0,207.9,0.6164,2117410,0.006897
4051,135.0,9.0,207.7,0.6163,2117847,0.007594
4052,155.0,10.0,207.2,0.6162,2118328,0.005694
4053,320.0,21.0,208.2,0.6161,2119173,0.132887
4054,355.0,11.0,208.1,0.6160,2119681,0.014169
4055,195.0,13.0,207.8,0.6159,2120316,0.007334
4056,125.0,9.0,207.7,0.6158,2120798,0.018000
4057,225.0,14.0,208.1,0.6157,2121321,0.006301
4058,135.0,9.0,205.6,0.6157,2121757,0.007269
4059,425.0,15.0,208.6,0.6156,2122384,0.147035
4060,180.0,11.0,208.6,0.6155,2122803,0.009032
4061,210.0,12.0,208.7,0.6154,2123355,0.122606
4062,180.0,11.0,208.3,0.6153,2123741,0.005830
4063,330.0,20.0,211.3,0.6152,2124573,0.007161
4064,210.0,12.0,212.1,0.6151,2125065,0.006669
4065,225.0,14.0,212.3,0.6150,2125568,0.003827
4066,125.0,9.0,209.8,0.6149,2125979,0.005238
4067,180.0,11.0,210.4,0.6148,2126473,0.004405
4068,240.0,15.0,211.6,0.6147,2127099,0.006125
4069,185.0,13.0,209.3,0.6146,2127747,0.007869
4070,390.0,23.0,211.4,0.6145,2128625,0.004453
4071,210.0,12.0,211.1,0.6144,2129106,0.009069
4072,155.0,10.0,210.6,0.6143,2129516,0.007704
4073,155.0,10.0,210.3,0.6142,2129892,0.004435
4074,180.0,11.0,211.1,0.6141,2130415,0.004859
4075,265.0,20.0,212.2,0.6140,2131255,0.009609
4076,225.0,14.0,212.8,0.6139,2131915,0.013590
4077,180.0,11.0,213.3,0.6139,2132399,0.004481
4078,155.0,10.0,210.2,0.6138,2132785,0.007451
4079,185.0,11.0,211.1,0.6137,2133191,0.017092
4080,210.0,12.0,211.3,0.6136,2133658,0.006166
4081,165.0,10.0,210.4,0.6135,2134048,0.131103
4082,180.0,11.0,211.4,0.6134,2134539,0.009555
4083,155.0,10.0,211.2,0.6133,2134934,0.010015
4084,210.0,12.0,212.2,0.6132,2135443,0.129901
4085,255.0,16.0,213.2,0.6131,2136102,0.012933
4086,235.0,14.0,214.9,0.6130,2136732,0.005722
4087,120.0,8.0,214.3,0.6129,2137123,0.006662
4088,180.0,11.0,212.7,0.6128,2137559,0.004821
4089,485.0,18.0,212.2,0.6127,2138228,0.003199
4090,135.0,9.0,211.2,0.6126,2138680,0.008007
4091,125.0,9.0,210.7,0.6125,2139092,0.007806
4092,240.0,14.0,211.0,0.6124,2139690,0.107636
4093,355.0,11.0,212.2,0.6123,2140284,0.007652
4094,160.0,11.0,212.1,0.6122,2140800,0.015861
4095,80.0,7.0,210.4,0.6121,2141087,0.009212
4096,155.0,10.0,209.8,0.6121,2141592,0.124467
4097,50.0,5.0,208.6,0.6120,2141889,0.005068
4098,135.0,9.0,207.8,0.6119,2142223,0.005444
4099,180.0,11.0,208.6,0.6118,2142696,0.007724
4100,210.0,12.0,208.4,0.6117,2143256,0.008080
4101,225.0,14.0,209.9,0.6116,2143977,0.007313
4102,100.0,8.0,210.1,0.6115,2144267,0.007661
4103,135.0,9.0,209.3,0.6114,2144742,0.013281
4104,100.0,8.0,208.2,0.6113,2145034,0.006148
4105,165.0,10.0,209.1,0.6112,2145495,0.012080
4106,80.0,7.0,204.2,0.6111,2146006,0.011220
4107,225.0,14.0,202.9,0.6110,2146683,0.013983
4108,180.0,11.0,202.6,0.6109,2147163,0.143510
4109,210.0,12.0,201.8,0.6108,2147619,0.005486
4110,120.0,8.0,202.2,0.6107,2148128,0.003519
4111,65.0,6.0,201.6,0.6106,2148423,0.006675
4112,240.0,15.0,202.9,0.6105,2149009,0.005039
4113,170.0,10.0,202.6,0.6104,2149516,0.022269
4114,200.0,15.0,201.8,0.6103,2150239,0.154867
4115,215.0,13.0,199.8,0.6103,2150874,0.008920
4116,155.0,10.0,199.8,0.6102,2151406,0.006805
4117,425.0,15.0,201.2,0.6101,2152049,0.007110
4118,205.0,14.0,200.8,0.6100,2152635,0.006426
4119,180.0,11.0,201.4,0.6099,2153112,0.005737
4120,180.0,11.0,200.9,0.6098,2153589,0.008421
4121,80.0,7.0,201.4,0.6097,2153985,0.005546
4122,570.0,23.0,205.1,0.6096,2154706,0.008184
4123,135.0,9.0,204.0,0.6095,2155167,0.007145
4124,155.0,10.0,203.8,0.6094,2155715,0.004465
4125,270.0,17.0,204.2,0.6093,2156367,0.004005
4126,240.0,15.0,205.8,0.6092,2156949,0.011579
4127,105.0,8.0,205.4,0.6091,2157285,0.004775
4128,50.0,4.0,201.8,0.6090,2157741,0.002466
4129,135.0,9.0,201.8,0.6089,2158210,0.003412
4130,215.0,17.0,201.7,0.6088,2158733,0.281734
4131,455.0,16.0,201.1,0.6087,2159362,0.004835
4132,380.0,12.0,202.7,0.6086,2159925,0.004107
4133,210.0,12.0,202.7,0.6085,2160526,0.007160
4134,155.0,10.0,203.2,0.6085,2160899,0.007576
4135,180.0,11.0,203.2,0.6084,2161343,0.011290
4136,190.0,14.0,204.0,0.6083,2161953,0.004696
4137,210.0,12.0,204.1,0.6082,2162413,0.003987
4138,150.0,10.0,203.3,0.6081,2162859,0.013817
4139,130.0,10.0,203.3,0.6080,2163489,0.142914
4140,360.0,22.0,205.1,0.6079,2164271,0.007780
4141,210.0,12.0,205.4,0.6078,2164725,0.004386
4142,140.0,9.0,204.6,0.6077,2165117,0.015330
4143,225.0,14.0,205.0,0.6076,2165595,0.008207
4144,315.0,18.0,206.8,0.6075,2166304,0.005462
4145,235.0,13.0,207.3,0.6074,2166874,0.003371
4146,210.0,12.0,208.0,0.6073,2167356,0.003888
4147,280.0,18.0,205.6,0.6072,2167991,0.002745
4148,185.0,13.0,205.6,0.6071,2168625,0.003996
4149,240.0,15.0,205.8,0.6070,2169284,0.182155
4150,240.0,15.0,204.8,0.6069,2169763,0.006919
4151,285.0,17.0,206.3,0.6068,2170424,0.009939
4152,260.0,16.0,207.4,0.6067,2171082,0.099262
4153,375.0,22.0,207.9,0.6067,2171829,0.008087
4154,210.0,12.0,206.5,0.6066,2172333,0.008698
4155,210.0,12.0,206.7,0.6065,2172710,0.007879
4156,260.0,16.0,208.0,0.6064,2173437,0.017417
4157,225.0,14.0,208.0,0.6063,2174033,0.007039
4158,255.0,16.0,209.2,0.6062,2174759,0.006166
4159,185.0,11.0,206.8,0.6061,2175333,0.005978
4160,465.0,18.0,209.7,0.6060,2176016,0.009079
4161,535.0,21.0,212.9,0.6059,2176852,0.013621
4162,225.0,14.0,213.3,0.6058,2177459,0.004147
4163,240.0,14.0,212.4,0.6057,2177999,0.004960
4164,125.0,9.0,211.6,0.6056,2178333,0.003212
4165,80.0,7.0,210.2,0.6055,2178621,0.002616
4166,285.0,17.0,211.8,0.6054,2179277,0.005488
4167,210.0,12.0,212.1,0.6053,2179665,0.096752
4168,425.0,15.0,213.9,0.6052,2180471,0.008964
4169,210.0,12.0,214.2,0.6051,2180917,0.013407
4170,320.0,20.0,213.4,0.6050,2181669,0.004026
4171,180.0,11.0,213.2,0.6049,2182169,0.008441
4172,210.0,12.0,213.7,0.6049,2182692,0.006018
4173,210.0,12.0,214.2,0.6048,2183323,0.006589
4174,185.0,11.0,214.3,0.6047,2183781,0.005276
4175,245.0,15.0,214.1,0.6046,2184364,0.126265
4176,415.0,14.0,216.0,0.6045,2184982,0.002392
4177,610.0,25.0,220.3,0.6044,2185855,0.005721
4178,105.0,8.0,219.8,0.6043,2186304,0.003915
4179,410.0,13.0,222.1,0.6042,2186904,0.006666
4180,135.0,9.0,221.3,0.6041,2187253,0.008770
4181,210.0,12.0,221.8,0.6040,2187865,0.103547
4182,180.0,11.0,221.8,0.6039,2188286,0.005591
4183,155.0,10.0,221.8,0.6038,2188796,0.004109
4184,210.0,12.0,221.8,0.6037,2189371,0.155576
4185,465.0,17.0,223.8,0.6036,2190027,0.011708
4186,95.0,7.0,222.4,0.6035,2190515,0.005396
4187,410.0,13.0,225.3,0.6034,2191168,0.006268
4188,365.0,22.0,227.2,0.6033,2192212,0.005475
4189,210.0,12.0,224.4,0.6032,2192695,0.005040
4190,180.0,11.0,224.9,0.6031,2193212,0.006121
4191,180.0,11.0,225.4,0.6031,2193714,0.006706
4192,315.0,18.0,226.2,0.6030,2194627,0.006729
4193,550.0,24.0,228.2,0.6029,2195340,0.029397
4194,125.0,9.0,227.8,0.6028,2195830,0.004542
4195,65.0,6.0,227.7,0.6027,2196120,0.003966
4196,245.0,16.0,228.6,0.6026,2196872,0.005848
4197,260.0,16.0,230.7,0.6025,2197703,0.017401
4198,180.0,11.0,231.1,0.6024,2198116,0.005786
4199,135.0,9.0,230.7,0.6023,2198616,0.005951
4200,160.0,10.0,230.2,0.6022,2199125,0.006865
4201,545.0,24.0,233.3,0.6021,2199927,0.017538
4202,210.0,12.0,234.4,0.6020,2200424,0.021493
4203,260.0,16.0,235.7,0.6019,2201100,0.008497
4204,240.0,15.0,237.1,0.6018,2201714,0.005014
4205,195.0,13.0,237.4,0.6017,2202292,0.008691
4206,485.0,18.0,241.4,0.6016,2202975,0.007659
4207,160.0,11.0,240.8,0.6015,2203643,0.006550
4208,155.0,10.0,240.6,0.6014,2204139,0.009865
4209,460.0,17.0,243.1,0.6013,2204847,0.131599
4210,260.0,16.0,244.4,0.6013,2205392,0.008337
4211,360.0,23.0,247.4,0.6012,2206138,0.009452
4212,150.0,10.0,246.5,0.6011,2206558,0.005667
4213,235.0,15.0,247.2,0.6010,2207197,0.008666
4214,80.0,7.0,245.9,0.6009,2207477,0.006189
4215,225.0,14.0,246.1,0.6008,2208011,0.007613
4216,240.0,15.0,246.9,0.6007,2208598,0.004432
4217,410.0,13.0,246.8,0.6006,2209195,0.010434
4218,210.0,12.0,246.8,0.6005,2209701,0.130640
4219,265.0,19.0,247.7,0.6004,2210302,0.121660
4220,180.0,11.0,247.7,0.6003,2211132,0.004661
4221,240.0,15.0,249.2,0.6002,2211654,0.005602
4222,245.0,14.0,246.0,0.6001,2212238,0.005328
4223,155.0,10.0,246.2,0.6000,2212705,0.003958
4224,460.0,17.0,249.2,0.5999,2213357,0.007170
4225,415.0,14.0,250.7,0.5998,2214110,0.005012
4226,225.0,15.0,250.6,0.5997,2214857,0.003480
4227,260.0,16.0,252.1,0.5996,2215509,0.009448
4228,125.0,9.0,252.8,0.5995,2215803,0.123830
4229,140.0,10.0,252.9,0.5995,2216253,0.003598
4230,80.0,7.0,251.6,0.5994,2216582,0.002871
4231,250.0,19.0,249.5,0.5993,2217145,0.007536
4232,125.0,9.0,246.9,0.5992,2217443,0.114511
4233,310.0,11.0,247.9,0.5991,2218133,0.005147
4234,185.0,12.0,248.2,0.5990,2218601,0.008399
4235,180.0,11.0,248.2,0.5989,2218989,0.006438
4236,255.0,17.0,248.9,0.5988,2219582,0.006466
4237,135.0,9.0,248.2,0.5987,2219967,0.006718
4238,135.0,9.0,248.0,0.5986,2220364,0.010281
4239,215.0,13.0,248.8,0.5985,2220917,0.125478
4240,530.0,21.0,250.6,0.5984,2221691,0.004294
4241,155.0,10.0,250.0,0.5983,2222308,0.123735
4242,210.0,12.0,250.7,0.5982,2222887,0.003795
4243,435.0,14.0,252.8,0.5981,2223493,0.004644
4244,375.0,23.0,253.4,0.5980,2224388,0.005643
4245,165.0,10.0,252.7,0.5979,2224903,0.020921
4246,165.0,10.0,252.2,0.5978,2225301,0.005309
4247,180.0,11.0,251.2,0.5977,2225681,0.005186
4248,180.0,11.0,251.2,0.5977,2226230,0.013254
4249,180.0,11.0,250.6,0.5976,2226671,0.133636
4250,210.0,12.0,250.3,0.5975,2227226,0.121058
4251,65.0,6.0,248.1,0.5974,2227522,0.003439
4252,90.0,7.0,246.4,0.5973,2227811,0.006661
4253,245.0,15.0,245.1,0.5972,2228513,0.006023
4254,210.0,12.0,245.1,0.5971,2228916,0.006108
4255,410.0,13.0,247.1,0.5970,2229526,0.011669
4256,180.0,11.0,246.3,0.5969,2230074,0.012610
4257,125.0,9.0,245.3,0.5968,2230543,0.005226
4258,345.0,22.0,246.2,0.5967,2231329,0.007476
4259,270.0,16.0,247.1,0.5966,2231938,0.010609
4260,135.0,12.0,243.8,0.5965,2232400,0.006000
4261,460.0,20.0,243.0,0.5964,2233214,0.013395
4262,215.0,13.0,242.9,0.5963,2233816,0.006264
4263,150.0,11.0,242.0,0.5962,2234403,0.004923
4264,155.0,10.0,242.3,0.5961,2234864,0.129639
4265,125.0,9.0,242.8,0.5960,2235229,0.004109
4266,210.0,12.0,242.0,0.5959,2235769,0.002983
4267,220.0,13.0,242.1,0.5959,2236289,0.005440
4268,180.0,11.0,239.7,0.5958,2236690,0.009864
4269,155.0,10.0,239.1,0.5957,2237159,0.006270
4270,285.0,17.0,238.8,0.5956,2237795,0.008745
4271,80.0,6.0,237.8,0.5955,2238162,0.009968
4272,210.0,12.0,237.8,0.5954,2238678,0.009083
4273,180.0,11.0,237.4,0.5953,2239153,0.004466
4274,350.0,23.0,239.1,0.5952,2240060,0.012991
4275,210.0,12.0,238.8,0.5951,2240603,0.005435
4276,225.0,14.0,236.8,0.5950,2241177,0.006736
4277,260.0,16.0,233.3,0.5949,2241733,0.003695
4278,195.0,13.0,234.2,0.5948,2242512,0.108791
4279,180.0,11.0,231.9,0.5947,2243036,0.010603
4280,370.0,24.0,234.3,0.5946,2243892,0.008683
4281,185.0,13.0,234.1,0.5945,2244472,0.005058
4282,165.0,10.0,233.9,0.5944,2244965,0.005931
4283,185.0,13.0,234.2,0.5943,2245584,0.004785
4284,310.0,18.0,235.2,0.5942,2246153,0.096657
4285,15.0,2.0,230.7,0.5941,2246434,0.008112
4286,55.0,5.0,230.3,0.5941,2246886,0.004432
4287,260.0,17.0,228.8,0.5940,2247584,0.155510
4288,210.0,12.0,227.2,0.5939,2248186,0.114981
4289,215.0,13.0,227.3,0.5938,2248731,0.003259
4290,150.0,11.0,227.0,0.5937,2249287,0.010634
4291,165.0,13.0,226.8,0.5936,2249950,0.005881
4292,490.0,18.0,228.6,0.5935,2250627,0.123550
4293,140.0,10.0,224.5,0.5934,2251030,0.024008
4294,155.0,10.0,224.8,0.5933,2251526,0.006289
4295,395.0,25.0,228.1,0.5932,2252396,0.006197
4296,210.0,12.0,227.8,0.5931,2252942,0.008792
4297,210.0,12.0,227.2,0.5930,2253378,0.004197
4298,210.0,12.0,227.6,0.5929,2253864,0.006006
4299,240.0,15.0,228.6,0.5928,2254473,0.007424
4300,210.0,12.0,229.1,0.5927,2254974,0.007584
4301,285.0,17.0,226.5,0.5926,2255574,0.007227
4302,365.0,22.0,228.1,0.5925,2256260,0.005580
4303,420.0,16.0,229.7,0.5924,2256908,0.010595
4304,105.0,8.0,228.3,0.5923,2257350,0.004567
4305,105.0,8.0,227.4,0.5923,2257857,0.005211
4306,375.0,23.0,226.3,0.5922,2258650,0.008672
4307,110.0,7.0,225.8,0.5921,2259165,0.006698
4308,100.0,8.0,225.2,0.5920,2259447,0.154105
4309,415.0,14.0,224.8,0.5919,2259978,0.003877
4310,455.0,20.0,226.8,0.5918,2260826,0.014866
4311,130.0,9.0,224.4,0.5917,2261274,0.012029
4312,240.0,15.0,225.3,0.5916,2261895,0.012185
4313,235.0,16.0,225.3,0.5915,2262672,0.003925
4314,180.0,11.0,226.3,0.5914,2263155,0.007950
4315,200.0,12.0,226.1,0.5913,2263673,0.006534
4316,180.0,11.0,225.5,0.5912,2264056,0.007070
4317,135.0,9.0,222.8,0.5911,2264488,0.138015
4318,155.0,10.0,222.2,0.5910,2264933,0.004023
4319,125.0,9.0,220.8,0.5909,2265272,0.005633
4320,265.0,16.0,221.7,0.5908,2265916,0.007714
4321,380.0,24.0,223.1,0.5907,2266656,0.013740
4322,210.0,12.0,222.7,0.5906,2267189,0.002686
4323,275.0,18.0,223.9,0.5905,2267912,0.004557
4324,105.0,8.0,220.3,0.5905,2268200,0.006639
4325,155.0,10.0,217.8,0.5904,2268559,0.004784
4326,150.0,10.0,217.0,0.5903,2268979,0.139808
4327,235.0,14.0,216.8,0.5902,2269577,0.003436
4328,210.0,12.0,217.6,0.5901,2270117,0.008335
4329,60.0,6.0,216.8,0.5900,2270411,0.005660
4330,210.0,12.0,218.1,0.5899,2270853,0.007719
4331,165.0,14.0,217.2,0.5898,2271551,0.190685
4332,485.0,18.0,220.8,0.5897,2272189,0.126005
4333,120.0,8.0,218.9,0.5896,2272520,0.008392
4334,210.0,12.0,219.2,0.5895,2272958,0.004541
4335,460.0,17.0,222.0,0.5894,2273603,0.009135
4336,155.0,10.0,221.0,0.5893,2274056,0.128580
4337,180.0,11.0,221.4,0.5892,2274546,0.006772
4338,425.0,15.0,224.3,0.5891,2275139,0.012126
4339,210.0,12.0,224.3,0.5890,2275691,0.008402
4340,275.0,19.0,221.8,0.5889,2276417,0.012009
4341,150.0,10.0,221.7,0.5888,2276751,0.009018
4342,125.0,9.0,220.8,0.5887,2277143,0.095461
4343,525.0,31.0,221.8,0.5887,2278315,0.003207
4344,210.0,12.0,220.1,0.5886,2278842,0.095390
4345,210.0,12.0,220.6,0.5885,2279410,0.007307
4346,210.0,12.0,221.0,0.5884,2279924,0.003668
4347,180.0,11.0,221.0,0.5883,2280343,0.013650
4348,250.0,15.0,221.7,0.5882,2280977,0.008744
4349,310.0,19.0,223.0,0.5881,2281667,0.007531
4350,155.0,10.0,222.4,0.5880,2282049,0.013058
4351,270.0,16.0,224.5,0.5879,2282652,0.123491
4352,155.0,10.0,225.2,0.5878,2283037,0.006627
4353,215.0,13.0,224.8,0.5877,2283567,0.005523
4354,135.0,9.0,224.1,0.5876,2284032,0.144393
4355,155.0,10.0,221.6,0.5875,2284392,0.041627
4356,110.0,8.0,220.8,0.5874,2284807,0.008078
4357,210.0,12.0,221.7,0.5873,2285252,0.007345
4358,270.0,20.0,220.9,0.5872,2286028,0.020555
4359,505.0,21.0,223.3,0.5871,2286783,0.009992
4360,180.0,11.0,223.8,0.5870,2287202,0.005883
4361,215.0,13.0,221.3,0.5869,2287672,0.006748
4362,210.0,12.0,221.2,0.5869,2288056,0.009223
4363,155.0,10.0,221.3,0.5868,2288559,0.009077
4364,595.0,24.0,225.7,0.5867,2289517,0.014126
4365,225.0,14.0,226.7,0.5866,2290112,0.014720
4366,80.0,7.0,225.4,0.5865,2290405,0.138402
4367,215.0,15.0,225.3,0.5864,2290952,0.004456
4368,180.0,11.0,225.3,0.5863,2291444,0.008688
4369,135.0,9.0,225.2,0.5862,2291817,0.003846
4370,210.0,12.0,224.4,0.5861,2292277,0.008982
4371,180.0,11.0,225.4,0.5860,2292821,0.010314
4372,180.0,14.0,225.1,0.5859,2293239,0.006268
4373,45.0,5.0,223.8,0.5858,2293529,0.018144
4374,135.0,9.0,221.6,0.5857,2293970,0.005740
4375,480.0,18.0,224.3,0.5856,2294586,0.008130
4376,210.0,12.0,224.2,0.5855,2295111,0.010522
4377,320.0,21.0,224.8,0.5854,2295894,0.007120
4378,120.0,8.0,224.0,0.5853,2296380,0.007713
4379,180.0,11.0,224.0,0.5852,2296841,0.007360
4380,240.0,15.0,222.7,0.5851,2297500,0.003551
4381,260.0,16.0,223.4,0.5851,2298219,0.007507
4382,50.0,4.0,222.3,0.5850,2298600,0.008009
4383,150.0,10.0,221.9,0.5849,2299036,0.010658
4384,195.0,12.0,220.8,0.5848,2299467,0.003888
4385,110.0,7.0,221.8,0.5847,2299854,0.007964
4386,215.0,13.0,223.3,0.5846,2300466,0.008839
4387,260.0,16.0,223.3,0.5845,2301231,0.013689
4388,225.0,14.0,223.5,0.5844,2301803,0.017613
4389,185.0,11.0,223.2,0.5843,2302303,0.006232
4390,155.0,10.0,223.2,0.5842,2302760,0.003895
4391,415.0,14.0,225.8,0.5841,2303351,0.007129
4392,210.0,12.0,222.9,0.5840,2303844,0.007917
4393,210.0,12.0,223.7,0.5839,2304353,0.006950
4394,180.0,11.0,223.9,0.5838,2304726,0.007764
4395,210.0,12.0,222.1,0.5837,2305319,0.015950
4396,285.0,17.0,222.8,0.5836,2306000,0.004016
4397,410.0,13.0,224.8,0.5835,2306628,0.008619
4398,120.0,8.0,223.9,0.5834,2306930,0.183533
4399,240.0,15.0,223.9,0.5833,2307672,0.010346
4400,430.0,15.0,226.1,0.5833,2308251,0.011283
4401,205.0,15.0,225.3,0.5832,2308933,0.003108
4402,215.0,13.0,223.8,0.5831,2309556,0.007295
4403,245.0,15.0,222.1,0.5830,2310204,0.006378
4404,90.0,7.0,221.9,0.5829,2310668,0.011065
4405,210.0,12.0,222.9,0.5828,2311244,0.006761
4406,415.0,14.0,223.3,0.5827,2311859,0.010014
4407,165.0,13.0,223.9,0.5826,2312380,0.003238
4408,265.0,16.0,225.6,0.5825,2313047,0.017146
4409,445.0,15.0,225.8,0.5824,2313743,0.004757
4410,260.0,16.0,223.9,0.5823,2314438,0.005715
4411,350.0,21.0,226.1,0.5822,2315317,0.010370
4412,210.0,12.0,225.8,0.5821,2315909,0.004532
4413,320.0,20.0,226.7,0.5820,2316653,0.005709
4414,305.0,21.0,227.9,0.5819,2317290,0.008407
4415,120.0,8.0,227.1,0.5818,2317807,0.005376
4416,210.0,12.0,227.4,0.5817,2318330,0.141541
4417,30.0,4.0,226.3,0.5816,2318686,0.005560
4418,320.0,20.0,228.0,0.5815,2319434,0.017227
4419,210.0,12.0,228.8,0.5815,2320016,0.005705
4420,45.0,5.0,226.7,0.5814,2320387,0.006958
4421,180.0,11.0,224.7,0.5813,2320991,0.008141
4422,165.0,10.0,224.2,0.5812,2321389,0.006166
4423,395.0,24.0,225.4,0.5811,2322163,0.099419
4424,395.0,23.0,228.3,0.5810,2322989,0.004647
4425,155.0,10.0,228.3,0.5809,2323277,0.007712
4426,105.0,8.0,227.8,0.5808,2323703,0.003479
4427,180.0,11.0,227.3,0.5807,2324252,0.008394
4428,155.0,10.0,226.8,0.5806,2324727,0.013269
4429,215.0,13.0,228.3,0.5805,2325361,0.019397
4430,240.0,15.0,228.6,0.5804,2326063,0.128036
4431,315.0,18.0,230.1,0.5803,2326761,0.007775
4432,615.0,15.0,231.4,0.5802,2327614,0.009111
4433,290.0,18.0,233.1,0.5801,2328202,0.005623
4434,120.0,8.0,232.2,0.5800,2328504,0.005854
4435,125.0,9.0,228.8,0.5799,2328789,0.146473
4436,270.0,18.0,230.0,0.5798,2329419,0.004246
4437,220.0,14.0,230.4,0.5797,2330061,0.007183
4438,210.0,12.0,228.2,0.5797,2330574,0.008861
4439,100.0,8.0,227.2,0.5796,2330895,0.007218
4440,150.0,10.0,225.9,0.5795,2331399,0.011688
4441,240.0,15.0,226.8,0.5794,2332047,0.006265
4442,155.0,10.0,227.1,0.5793,2332527,0.005303
4443,125.0,9.0,223.1,0.5792,2332985,0.004027
4444,260.0,16.0,223.6,0.5791,2333649,0.011538
4445,180.0,11.0,223.3,0.5790,2334142,0.097901
4446,520.0,20.0,226.4,0.5789,2334906,0.126663
4447,215.0,13.0,226.8,0.5788,2335483,0.008410
4448,155.0,10.0,225.8,0.5787,2336008,0.004703
4449,255.0,17.0,225.2,0.5786,2336617,0.007657
4450,225.0,14.0,225.9,0.5785,2337173,0.006257
4451,165.0,12.0,224.9,0.5784,2337715,0.010874
4452,240.0,15.0,225.8,0.5783,2338328,0.008435
4453,285.0,20.0,226.4,0.5782,2338974,0.007642
4454,135.0,9.0,226.4,0.5781,2339380,0.007375
4455,215.0,13.0,227.1,0.5780,2339919,0.006305
4456,215.0,13.0,228.1,0.5779,2340452,0.151341
4457,210.0,12.0,228.1,0.5779,2341055,0.005837
4458,240.0,15.0,227.8,0.5778,2341633,0.049273
4459,395.0,24.0,226.7,0.5777,2342392,0.008574
4460,210.0,12.0,227.0,0.5776,2342966,0.008071
4461,250.0,15.0,227.3,0.5775,2343583,0.007204
4462,315.0,20.0,228.4,0.5774,2344286,0.134822
4463,210.0,12.0,228.9,0.5773,2344707,0.008222
4464,210.0,12.0,225.1,0.5772,2345202,0.004228
4465,225.0,14.0,225.1,0.5771,2345747,0.008734
4466,405.0,25.0,228.3,0.5770,2346610,0.005456
4467,345.0,20.0,229.7,0.5769,2347372,0.017898
4468,135.0,9.0,229.2,0.5768,2347844,0.007999
4469,225.0,14.0,230.1,0.5767,2348488,0.019822
4470,260.0,16.0,230.6,0.5766,2349091,0.003677
4471,600.0,35.0,234.8,0.5765,2349981,0.002930
4472,210.0,12.0,235.1,0.5764,2350498,0.002955
4473,45.0,5.0,235.1,0.5763,2350747,0.005282
4474,150.0,10.0,235.2,0.5762,2351209,0.013627
4475,330.0,21.0,233.8,0.5761,2351947,0.013178
4476,180.0,11.0,233.4,0.5761,2352408,0.006027
4477,180.0,11.0,232.1,0.5760,2352825,0.004339
4478,210.0,12.0,232.9,0.5759,2353316,0.005805
4479,215.0,13.0,233.3,0.5758,2353925,0.004334
4480,205.0,13.0,232.9,0.5757,2354448,0.003949
4481,215.0,13.0,232.5,0.5756,2355033,0.005382
4482,180.0,11.0,233.8,0.5755,2355492,0.003967
4483,435.0,26.0,236.7,0.5754,2356507,0.007930
4484,120.0,8.0,235.9,0.5753,2357013,0.006276
4485,255.0,17.0,237.3,0.5752,2357604,0.005934
4486,210.0,12.0,237.3,0.5751,2358154,0.015311
4487,210.0,12.0,236.8,0.5750,2358775,0.004056
4488,100.0,8.0,235.6,0.5749,2359193,0.006600
4489,225.0,14.0,235.9,0.5748,2359697,0.007166
4490,275.0,18.0,237.2,0.5747,2360541,0.009131
4491,445.0,27.0,237.4,0.5746,2361621,0.012715
4492,155.0,10.0,236.9,0.5745,2362000,0.005504
4493,225.0,14.0,237.1,0.5744,2362615,0.009735
4494,225.0,14.0,237.5,0.5743,2363254,0.008398
4495,185.0,12.0,237.2,0.5743,2363889,0.008398
4496,210.0,12.0,236.5,0.5742,2364482,0.007129
4497,150.0,10.0,233.9,0.5741,2364908,0.008050
4498,315.0,20.0,235.8,0.5740,2365579,0.005368
4499,410.0,13.0,237.6,0.5739,2366201,0.005040
4500,100.0,8.0,234.2,0.5738,2366568,0.113404
4501,245.0,19.0,234.7,0.5737,2367217,0.002871
4502,135.0,9.0,233.8,0.5736,2367633,0.004024
4503,595.0,26.0,237.3,0.5735,2368522,0.014563
4504,300.0,19.0,239.4,0.5734,2369244,0.004231
4505,245.0,17.0,239.8,0.5733,2369826,0.013199
4506,295.0,19.0,238.6,0.5732,2370484,0.011770
4507,120.0,11.0,238.2,0.5731,2370970,0.007536
4508,680.0,29.0,242.3,0.5730,2372052,0.005364
4509,210.0,12.0,239.9,0.5729,2372549,0.040155
4510,390.0,23.0,241.2,0.5728,2373393,0.005475
4511,315.0,18.0,240.9,0.5727,2374071,0.005974
4512,135.0,9.0,240.2,0.5726,2374504,0.006757
4513,315.0,21.0,240.1,0.5725,2375236,0.006743
4514,210.0,12.0,239.2,0.5725,2375749,0.011425
4515,210.0,12.0,240.1,0.5724,2376270,0.011122
4516,210.0,12.0,240.1,0.5723,2376813,0.008022
4517,180.0,11.0,241.6,0.5722,2377275,0.010127
4518,325.0,22.0,241.6,0.5721,2378042,0.004042
4519,290.0,18.0,242.4,0.5720,2378744,0.004804
4520,185.0,12.0,243.8,0.5719,2379288,0.115217
4521,425.0,15.0,246.2,0.5718,2380134,0.018541
4522,285.0,17.0,247.4,0.5717,2380683,0.007170
4523,330.0,19.0,246.8,0.5716,2381610,0.019044
4524,420.0,24.0,247.1,0.5715,2382595,0.007573
4525,155.0,10.0,247.1,0.5714,2383003,0.131627
4526,210.0,12.0,248.1,0.5713,2383470,0.007326
4527,155.0,10.0,247.8,0.5712,2383862,0.005479
4528,315.0,20.0,249.4,0.5711,2384593,0.004003
4529,500.0,20.0,252.3,0.5710,2385324,0.008049
4530,180.0,11.0,251.7,0.5709,2385827,0.012242
4531,240.0,15.0,250.9,0.5708,2386490,0.003948
4532,180.0,11.0,246.6,0.5707,2386979,0.010799
4533,180.0,11.0,245.5,0.5707,2387468,0.005587
4534,285.0,17.0,247.2,0.5706,2388108,0.008032
4535,155.0,10.0,247.4,0.5705,2388588,0.002472
4536,215.0,13.0,246.9,0.5704,2389143,0.005456
4537,220.0,13.0,246.9,0.5703,2389869,0.003799
4538,345.0,24.0,248.2,0.5702,2390596,0.011358
4539,250.0,16.0,249.8,0.5701,2391163,0.005055
4540,285.0,19.0,251.1,0.5700,2391902,0.004675
4541,210.0,12.0,250.8,0.5699,2392523,0.004046
4542,275.0,17.0,252.0,0.5698,2393237,0.004798
4543,225.0,14.0,253.0,0.5697,2393833,0.005186
4544,105.0,8.0,251.4,0.5696,2394229,0.122938
4545,290.0,17.0,252.6,0.5695,2394869,0.011577
4546,155.0,10.0,248.9,0.5694,2395339,0.068757
4547,245.0,16.0,249.2,0.5693,2395847,0.115436
4548,250.0,14.0,250.2,0.5692,2396537,0.005851
4549,210.0,12.0,249.7,0.5691,2396995,0.003770
4550,375.0,22.0,251.2,0.5690,2397730,0.007925
4551,215.0,13.0,251.7,0.5689,2398341,0.004415
4552,210.0,15.0,251.4,0.5689,2398889,0.013145
4553,265.0,17.0,251.2,0.5688,2399647,0.002004
4554,210.0,12.0,251.9,0.5687,2400029,0.012516
4555,210.0,13.0,251.9,0.5686,2400522,0.007763
4556,370.0,24.0,253.4,0.5685,2401450,0.004212
4557,105.0,8.0,252.4,0.5684,2401804,0.009132
4558,290.0,17.0,252.9,0.5683,2402520,0.010741
4559,395.0,24.0,252.9,0.5682,2403363,0.005587
4560,180.0,11.0,252.6,0.5681,2403806,0.004059
4561,240.0,15.0,252.5,0.5680,2404532,0.006992
4562,155.0,10.0,250.9,0.5679,2404985,0.119793
4563,215.0,16.0,250.9,0.5678,2405837,0.006869
4564,355.0,23.0,252.4,0.5677,2406607,0.005300
4565,190.0,11.0,252.1,0.5676,2407075,0.013292
4566,400.0,25.0,252.0,0.5675,2407813,0.004758
4567,340.0,24.0,251.9,0.5674,2408719,0.008343
4568,170.0,13.0,252.3,0.5673,2409189,0.007586
4569,265.0,16.0,252.7,0.5672,2409913,0.098030
4570,125.0,9.0,251.3,0.5671,2410351,0.006004
4571,135.0,11.0,246.7,0.5671,2411020,0.019724
4572,180.0,11.0,246.4,0.5670,2411434,0.009515
4573,155.0,10.0,247.5,0.5669,2411806,0.006965
4574,330.0,20.0,249.3,0.5668,2412423,0.011470
4575,380.0,12.0,249.8,0.5667,2413142,0.003278
4576,210.0,12.0,250.1,0.5666,2413607,0.009633
4577,210.0,12.0,250.4,0.5665,2414059,0.046280
4578,835.0,28.0,256.6,0.5664,2415210,0.007557
4579,210.0,12.0,256.6,0.5663,2415698,0.006657
4580,230.0,15.0,256.9,0.5662,2416232,0.023277
4581,275.0,19.0,257.4,0.5661,2417021,0.007291
4582,210.0,12.0,257.8,0.5660,2417521,0.004704
4583,225.0,14.0,255.7,0.5659,2418064,0.010505
4584,110.0,8.0,255.6,0.5658,2418357,0.003659
4585,210.0,12.0,255.1,0.5657,2418851,0.006887
4586,240.0,15.0,255.4,0.5656,2419471,0.006241
4587,275.0,18.0,256.1,0.5655,2420266,0.007694
4588,215.0,13.0,257.2,0.5654,2420736,0.005482
4589,200.0,14.0,256.9,0.5653,2421266,0.008195
4590,480.0,20.0,259.0,0.5653,2422056,0.012924
4591,155.0,10.0,256.1,0.5652,2422469,0.005367
4592,160.0,10.0,256.1,0.5651,2422975,0.004790
4593,135.0,9.0,255.2,0.5650,2423353,0.003571
4594,210.0,12.0,255.1,0.5649,2423901,0.006390
4595,210.0,12.0,255.3,0.5648,2424276,0.023679
4596,210.0,12.0,255.3,0.5647,2424821,0.003749
4597,215.0,13.0,256.0,0.5646,2425339,0.007992
4598,300.0,19.0,255.8,0.5645,2426002,0.004708
4599,415.0,17.0,255.9,0.5644,2426871,0.004213
4600,210.0,12.0,257.0,0.5643,2427347,0.016663
4601,265.0,17.0,257.2,0.5642,2427988,0.012432
4602,215.0,13.0,258.0,0.5641,2428473,0.091419
4603,120.0,8.0,253.2,0.5640,2428933,0.004686
4604,155.0,10.0,251.8,0.5639,2429367,0.009583
4605,210.0,12.0,251.4,0.5638,2429830,0.012692
4606,260.0,16.0,251.1,0.5637,2430399,0.004337
4607,210.0,12.0,252.0,0.5636,2430893,0.006316
4608,250.0,19.0,247.7,0.5635,2431552,0.007379
4609,240.0,15.0,248.0,0.5635,2432512,0.120692
4610,240.0,15.0,246.5,0.5634,2433074,0.006566
4611,210.0,12.0,245.4,0.5633,2433507,0.009078
4612,475.0,23.0,248.8,0.5632,2434155,0.122061
4613,395.0,25.0,249.7,0.5631,2434946,0.010084
4614,210.0,12.0,249.7,0.5630,2435488,0.011010
4615,210.0,12.0,249.7,0.5629,2435914,0.004260
4616,105.0,8.0,248.6,0.5628,2436202,0.014987
4617,135.0,9.0,248.2,0.5627,2436728,0.014385
4618,180.0,11.0,246.7,0.5626,2437168,0.007371
4619,120.0,8.0,245.0,0.5625,2437641,0.006347
4620,205.0,14.0,245.2,0.5624,2438108,0.003848
4621,420.0,24.0,245.2,0.5623,2438954,0.005274
4622,410.0,25.0,246.4,0.5622,2439967,0.008313
4623,180.0,12.0,244.9,0.5621,2440437,0.006205
4624,150.0,10.0,242.2,0.5620,2440833,0.119055
4625,245.0,18.0,243.1,0.5619,2441473,0.142697
4626,125.0,9.0,242.2,0.5618,2441744,0.017555
4627,210.0,12.0,242.8,0.5617,2442239,0.005044
4628,375.0,23.0,243.4,0.5617,2443087,0.004400
4629,130.0,9.0,239.7,0.5616,2443460,0.007308
4630,180.0,11.0,239.7,0.5615,2443919,0.008713
4631,225.0,14.0,239.6,0.5614,2444509,0.006905
4632,230.0,15.0,240.1,0.5613,2445102,0.121656
4633,435.0,27.0,242.6,0.5612,2445748,0.005894
4634,265.0,17.0,242.4,0.5611,2446361,0.011134
4635,165.0,11.0,242.5,0.5610,2446807,0.012873
4636,320.0,22.0,243.6,0.5609,2447532,0.006108
4637,210.0,12.0,243.4,0.5608,2448090,0.010026
4638,585.0,34.0,245.8,0.5607,2449334,0.010351
4639,240.0,15.0,245.8,0.5606,2449929,0.007665
4640,295.0,21.0,245.8,0.5605,2450701,0.007711
4641,155.0,10.0,245.3,0.5604,2451142,0.012207
4642,285.0,19.0,245.4,0.5603,2451917,0.006198
4643,380.0,25.0,246.9,0.5602,2452589,0.009009
4644,215.0,13.0,248.1,0.5601,2453273,0.010467
4645,200.0,14.0,247.2,0.5600,2453763,0.004332
4646,390.0,26.0,249.5,0.5599,2454904,0.099271
4647,265.0,18.0,249.7,0.5599,2455637,0.009883
4648,335.0,22.0,250.6,0.5598,2456381,0.003804
4649,240.0,15.0,250.8,0.5597,2457016,0.004169
4650,155.0,10.0,248.7,0.5596,2457414,0.008453
4651,175.0,13.0,248.2,0.5595,2457928,0.003353
4652,210.0,14.0,248.2,0.5594,2458483,0.007801
4653,105.0,8.0,246.7,0.5593,2458784,0.003288
4654,80.0,7.0,245.3,0.5592,2459084,0.149101
4655,215.0,13.0,245.4,0.5591,2459598,0.004745
4656,215.0,16.0,243.8,0.5590,2460187,0.123922
4657,130.0,12.0,244.1,0.5589,2460813,0.011431
4658,205.0,14.0,243.2,0.5588,2461306,0.005258
4659,345.0,23.0,242.8,0.5587,2462175,0.011235
4660,195.0,13.0,242.9,0.5586,2462682,0.014611
4661,125.0,9.0,241.8,0.5585,2463076,0.005538
4662,230.0,13.0,242.5,0.5584,2463701,0.006501
4663,180.0,11.0,242.2,0.5583,2464144,0.006995
4664,155.0,10.0,240.2,0.5582,2464637,0.010043
4665,225.0,14.0,240.5,0.5581,2465255,0.017548
4666,210.0,12.0,238.6,0.5581,2465694,0.004523
4667,130.0,9.0,236.5,0.5580,2466066,0.011856
4668,310.0,19.0,237.9,0.5579,2466844,0.009103
4669,210.0,12.0,237.3,0.5578,2467488,0.010375
4670,210.0,12.0,238.2,0.5577,2468015,0.005646
4671,100.0,8.0,237.8,0.5576,2468399,0.007078
4672,240.0,17.0,238.4,0.5575,2469113,0.004558
4673,210.0,12.0,239.0,0.5574,2469711,0.011632
4674,210.0,12.0,237.8,0.5573,2470209,0.016284
4675,270.0,19.0,236.7,0.5572,2471092,0.013249
4676,230.0,15.0,236.9,0.5571,2471632,0.005416
4677,215.0,16.0,236.9,0.5570,2472473,0.005014
4678,225.0,14.0,230.8,0.5569,2473099,0.019714
4679,210.0,12.0,230.8,0.5568,2473592,0.004669
4680,210.0,12.0,230.7,0.5567,2474060,0.008433
4681,240.0,15.0,230.3,0.5566,2474676,0.007038
4682,235.0,16.0,230.6,0.5565,2475221,0.010106
4683,205.0,14.0,230.3,0.5564,2475710,0.005229
4684,210.0,12.0,231.3,0.5563,2476262,0.010011
4685,240.0,15.0,231.7,0.5563,2476776,0.006910
4686,185.0,12.0,231.1,0.5562,2477330,0.008061
4687,210.0,12.0,230.4,0.5561,2477884,0.025943
4688,210.0,12.0,230.4,0.5560,2478390,0.005235
4689,135.0,9.0,229.8,0.5559,2478848,0.005199
4690,135.0,9.0,226.3,0.5558,2479259,0.007674
4691,180.0,11.0,226.6,0.5557,2479746,0.011941
4692,180.0,11.0,226.8,0.5556,2480124,0.009137
4693,215.0,13.0,227.6,0.5555,2480761,0.008067
4694,425.0,25.0,229.7,0.5554,2481692,0.004852
4695,575.0,25.0,233.3,0.5553,2482457,0.011945
4696,340.0,21.0,234.7,0.5552,2483202,0.010803
4697,215.0,13.0,234.7,0.5551,2483777,0.013433
4698,235.0,15.0,234.0,0.5550,2484309,0.005603
4699,165.0,10.0,231.5,0.5549,2484705,0.015576
4700,945.0,34.0,238.8,0.5548,2485695,0.004697
4701,215.0,13.0,238.3,0.5547,2486261,0.006130
4702,205.0,14.0,238.2,0.5546,2486761,0.006393
4703,180.0,11.0,238.8,0.5545,2487123,0.004454
4704,180.0,11.0,239.1,0.5545,2487608,0.008244
4705,315.0,18.0,240.2,0.5544,2488188,0.009589
4706,425.0,15.0,241.8,0.5543,2488728,0.005900
4707,415.0,14.0,243.8,0.5542,2489288,0.005133
4708,330.0,20.0,244.7,0.5541,2490057,0.004124
4709,385.0,26.0,246.1,0.5540,2490785,0.011007
4710,180.0,12.0,245.5,0.5539,2491367,0.016144
4711,40.0,3.0,243.8,0.5538,2491693,0.006911
4712,225.0,14.0,241.3,0.5537,2492203,0.008192
4713,215.0,13.0,239.5,0.5536,2492899,0.142083
4714,140.0,9.0,238.8,0.5535,2493385,0.006453
4715,400.0,15.0,240.7,0.5534,2493992,0.006696
4716,300.0,19.0,242.7,0.5533,2494750,0.008391
4717,225.0,14.0,243.6,0.5532,2495287,0.006129
4718,165.0,10.0,243.4,0.5531,2495737,0.005145
4719,280.0,19.0,245.0,0.5530,2496453,0.012078
4720,215.0,13.0,245.1,0.5529,2497035,0.003326
4721,105.0,8.0,241.9,0.5528,2497320,0.114389
4722,80.0,6.0,238.7,0.5527,2497729,0.009405
4723,180.0,11.0,238.7,0.5527,2498177,0.006901
4724,285.0,17.0,240.0,0.5526,2498732,0.007055
4725,325.0,20.0,240.8,0.5525,2499538,0.014269
4726,210.0,12.0,241.7,0.5524,2499952,0.003549
4727,380.0,12.0,243.3,0.5523,2500554,0.006591
4728,465.0,17.0,244.2,0.5522,2501240,0.005627
4729,185.0,11.0,244.8,0.5521,2501795,0.206800
4730,180.0,11.0,244.8,0.5520,2502262,0.006863
4731,285.0,17.0,245.4,0.5519,2502816,0.004241
4732,325.0,22.0,246.3,0.5518,2503506,0.010217
4733,210.0,12.0,244.1,0.5517,2504156,0.010153
4734,155.0,10.0,243.0,0.5516,2504562,0.010470
4735,210.0,12.0,243.4,0.5515,2505102,0.002804
4736,90.0,8.0,241.2,0.5514,2505614,0.009163
4737,315.0,21.0,242.2,0.5513,2506329,0.011642
4738,670.0,29.0,243.1,0.5512,2507213,0.002897
4739,150.0,10.0,242.2,0.5511,2507602,0.006054
4740,345.0,23.0,242.7,0.5510,2508344,0.005551
4741,235.0,18.0,243.4,0.5509,2509059,0.008644
4742,210.0,12.0,242.7,0.5509,2509484,0.008105
4743,125.0,9.0,240.2,0.5508,2509770,0.120731
4744,150.0,10.0,239.5,0.5507,2510162,0.007050
4745,210.0,12.0,239.6,0.5506,2510713,0.007369
4746,285.0,17.0,238.6,0.5505,2511264,0.008165
4747,210.0,12.0,238.0,0.5504,2511801,0.116643
4748,155.0,10.0,236.2,0.5503,2512257,0.003356
4749,210.0,12.0,235.9,0.5502,2512797,0.089990
4750,100.0,8.0,235.3,0.5501,2513279,0.115431
4751,155.0,10.0,235.2,0.5500,2513679,0.020878
4752,210.0,12.0,235.2,0.5499,2514158,0.007684
4753,135.0,9.0,235.4,0.5498,2514538,0.006033
4754,360.0,23.0,238.2,0.5497,2515161,0.009381
4755,250.0,15.0,238.6,0.5496,2515798,0.007569
4756,155.0,10.0,238.0,0.5495,2516193,0.008824
4757,180.0,11.0,238.5,0.5494,2516604,0.006071
4758,155.0,10.0,238.0,0.5493,2517019,0.010664
4759,210.0,12.0,236.7,0.5492,2517502,0.005419
4760,515.0,21.0,239.8,0.5491,2518230,0.081864
4761,340.0,22.0,242.0,0.5491,2518809,0.003639
4762,215.0,13.0,241.8,0.5490,2519410,0.007225
4763,155.0,10.0,241.6,0.5489,2519788,0.005074
4764,290.0,17.0,242.9,0.5488,2520366,0.004706
4765,260.0,14.0,243.3,0.5487,2520925,0.005252
4766,210.0,12.0,243.3,0.5486,2521413,0.012019
4767,180.0,11.0,243.8,0.5485,2521784,0.150857
4768,125.0,9.0,241.9,0.5484,2522139,0.011858
4769,240.0,13.0,242.2,0.5483,2522666,0.039152
4770,180.0,11.0,241.9,0.5482,2523001,0.006180
4771,155.0,10.0,242.5,0.5481,2523383,0.004544
4772,305.0,21.0,243.2,0.5480,2524118,0.011324
4773,235.0,14.0,243.4,0.5479,2524664,0.016607
4774,135.0,9.0,242.7,0.5478,2525052,0.122866
4775,745.0,34.0,247.4,0.5477,2526178,0.007386
4776,210.0,12.0,247.2,0.5476,2526768,0.006425
4777,430.0,16.0,249.3,0.5475,2527541,0.005373
4778,375.0,26.0,250.8,0.5474,2528164,0.126411
4779,150.0,9.0,250.2,0.5473,2528631,0.004402
4780,215.0,13.0,250.3,0.5473,2529127,0.005230
4781,225.0,14.0,250.2,0.5472,2529750,0.003966
4782,460.0,17.0,252.4,0.5471,2530482,0.009732
4783,240.0,14.0,252.8,0.5470,2531106,0.008576
4784,230.0,15.0,252.9,0.5469,2531837,0.005429
4785,215.0,13.0,252.7,0.5468,2532454,0.009978
4786,340.0,23.0,254.2,0.5467,2533142,0.005974
4787,445.0,18.0,256.6,0.5466,2533868,0.004654
4788,295.0,20.0,257.4,0.5465,2534445,0.002981
4789,300.0,19.0,259.1,0.5464,2535183,0.010109
4790,225.0,14.0,260.0,0.5463,2535689,0.007803
4791,315.0,18.0,261.4,0.5462,2536344,0.007582
4792,60.0,6.0,260.1,0.5461,2536731,0.002391
4793,120.0,8.0,259.2,0.5460,2537138,0.012766
4794,220.0,15.0,257.1,0.5459,2537693,0.003747
4795,240.0,15.0,253.8,0.5458,2538269,0.006049
4796,135.0,9.0,251.8,0.5457,2538700,0.009388
4797,150.0,10.0,251.1,0.5456,2539078,0.160590
4798,175.0,15.0,250.5,0.5455,2539598,0.011607
4799,500.0,22.0,253.8,0.5455,2540371,0.008565
4800,160.0,12.0,246.0,0.5454,2540846,0.019239
4801,210.0,12.0,245.9,0.5453,2541455,0.006083
4802,355.0,21.0,247.4,0.5452,2542166,0.009977
4803,245.0,16.0,248.1,0.5451,2542779,0.004866
4804,215.0,13.0,248.4,0.5450,2543402,0.010252
4805,180.0,11.0,247.1,0.5449,2543912,0.003763
4806,265.0,17.0,245.5,0.5448,2544526,0.138616
4807,185.0,11.0,243.2,0.5447,2544896,0.004494
4808,495.0,29.0,244.8,0.5446,2545776,0.004208
4809,770.0,35.0,248.7,0.5445,2546810,0.011036
4810,100.0,8.0,247.9,0.5444,2547101,0.106207
4811,475.0,20.0,252.2,0.5443,2547846,0.003967
4812,185.0,11.0,251.8,0.5442,2548418,0.005224
4813,230.0,16.0,252.0,0.5441,2549082,0.006190
4814,80.0,6.0,251.4,0.5440,2549452,0.008676
4815,210.0,12.0,249.5,0.5439,2549916,0.007423
4816,215.0,13.0,248.7,0.5438,2550480,0.102929
4817,385.0,23.0,250.2,0.5437,2551240,0.118603
4818,330.0,10.0,251.9,0.5437,2551786,0.117729
4819,155.0,10.0,250.7,0.5436,2552079,0.008761
4820,210.0,12.0,250.6,0.5435,2552517,0.009755
4821,345.0,21.0,253.0,0.5434,2553367,0.009193
4822,180.0,11.0,254.0,0.5433,2553812,0.007491
4823,340.0,22.0,255.6,0.5432,2554466,0.016670
4824,255.0,14.0,255.3,0.5431,2554991,0.010183
4825,240.0,15.0,254.4,0.5430,2555885,0.008666
4826,210.0,14.0,254.4,0.5429,2556384,0.019435
4827,330.0,23.0,253.9,0.5428,2557156,0.007796
4828,180.0,11.0,251.1,0.5427,2557647,0.109375
4829,440.0,15.0,253.7,0.5426,2558696,0.008202
4830,45.0,5.0,252.3,0.5425,2558989,0.088082
4831,180.0,11.0,251.2,0.5424,2559468,0.002446
4832,80.0,7.0,248.8,0.5423,2559759,0.007505
4833,485.0,19.0,251.6,0.5422,2560477,0.009579
4834,440.0,16.0,254.4,0.5421,2561051,0.114966
4835,255.0,17.0,254.8,0.5420,2561626,0.012799
4836,415.0,26.0,258.1,0.5419,2562551,0.017190
4837,260.0,18.0,257.6,0.5419,2563370,0.006213
4838,180.0,11.0,252.7,0.5418,2563891,0.004594
4839,165.0,14.0,252.8,0.5417,2564530,0.004406
4840,275.0,18.0,252.1,0.5416,2565012,0.004417
4841,165.0,10.0,251.4,0.5415,2565433,0.006098
4842,265.0,16.0,251.9,0.5414,2566033,0.008646
4843,280.0,17.0,253.5,0.5413,2566697,0.010781
4844,215.0,13.0,254.2,0.5412,2567184,0.006734
4845,180.0,11.0,253.8,0.5411,2567606,0.008613
4846,220.0,16.0,253.2,0.5410,2568178,0.002807
4847,155.0,10.0,252.7,0.5409,2568582,0.006560
4848,225.0,14.0,253.3,0.5408,2569306,0.128279
4849,150.0,11.0,252.8,0.5407,2569781,0.242614
4850,155.0,10.0,253.3,0.5406,2570196,0.025002
4851,210.0,12.0,253.8,0.5405,2570692,0.005010
4852,290.0,21.0,254.7,0.5404,2571446,0.110744
4853,155.0,10.0,254.8,0.5403,2571810,0.004430
4854,160.0,10.0,252.8,0.5402,2572306,0.009675
4855,500.0,31.0,255.3,0.5401,2573156,0.007005
4856,260.0,16.0,256.4,0.5401,2573741,0.005537
4857,620.0,27.0,260.8,0.5400,2574569,0.010154
4858,380.0,26.0,263.1,0.5399,2575317,0.008304
4859,210.0,12.0,263.1,0.5398,2575966,0.005918
4860,180.0,11.0,259.7,0.5397,2576341,0.138443
4861,325.0,20.0,259.6,0.5396,2577023,0.007116
4862,260.0,16.0,260.0,0.5395,2577507,0.009752
4863,275.0,18.0,261.2,0.5394,2578059,0.005938
4864,125.0,9.0,259.6,0.5393,2578433,0.010995
4865,125.0,8.0,258.2,0.5392,2578838,0.005590
4866,125.0,9.0,257.4,0.5391,2579201,0.008467
4867,180.0,11.0,257.4,0.5390,2579646,0.009312
4868,155.0,10.0,257.6,0.5389,2580195,0.005729
4869,245.0,16.0,257.7,0.5388,2580729,0.005011
4870,735.0,23.0,263.2,0.5387,2581408,0.006364
4871,95.0,9.0,262.6,0.5386,2581904,0.007321
4872,230.0,18.0,261.9,0.5385,2582533,0.005180
4873,525.0,24.0,264.8,0.5384,2583307,0.112463
4874,120.0,8.0,264.6,0.5383,2583722,0.006583
4875,210.0,12.0,259.3,0.5383,2584114,0.006310
4876,205.0,14.0,259.2,0.5382,2584688,0.008211
4877,90.0,7.0,255.8,0.5381,2585121,0.110723
4878,225.0,14.0,254.3,0.5380,2585775,0.008652
4879,185.0,12.0,254.7,0.5379,2586272,0.005855
4880,175.0,11.0,254.3,0.5378,2586756,0.118364
4881,215.0,13.0,254.2,0.5377,2587258,0.004741
4882,275.0,18.0,252.3,0.5376,2588001,0.006843
4883,240.0,15.0,252.3,0.5375,2588539,0.006434
4884,105.0,8.0,251.1,0.5374,2588919,0.007012
4885,215.0,13.0,251.1,0.5373,2589366,0.008841
4886,155.0,10.0,249.2,0.5372,2589821,0.117851
4887,210.0,12.0,246.9,0.5371,2590353,0.008455
4888,210.0,12.0,246.1,0.5370,2590783,0.004454
4889,215.0,13.0,245.2,0.5369,2591254,0.006612
4890,210.0,12.0,245.1,0.5368,2591718,0.006058
4891,390.0,24.0,245.8,0.5367,2592615,0.011988
4892,210.0,12.0,247.3,0.5366,2593130,0.086858
4893,100.0,8.0,247.1,0.5365,2593598,0.004790
4894,340.0,22.0,248.3,0.5365,2594338,0.004111
4895,185.0,13.0,247.8,0.5364,2594816,0.088131
4896,520.0,21.0,251.6,0.5363,2595573,0.005701
4897,505.0,23.0,255.2,0.5362,2596180,0.007999
4898,150.0,11.0,254.9,0.5361,2596776,0.018815
4899,435.0,27.0,254.2,0.5360,2597695,0.007290
4900,240.0,15.0,255.1,0.5359,2598317,0.020432
4901,185.0,12.0,254.8,0.5358,2598780,0.013392
4902,235.0,13.0,253.6,0.5357,2599370,0.003108
4903,225.0,14.0,253.4,0.5356,2600055,0.196664
4904,215.0,13.0,253.4,0.5355,2600581,0.006643
4905,155.0,10.0,253.2,0.5354,2600988,0.007733
4906,210.0,12.0,252.6,0.5353,2601486,0.112444
4907,180.0,11.0,252.6,0.5352,2601922,0.007127
4908,165.0,10.0,249.2,0.5351,2602292,0.006360
4909,320.0,19.0,244.8,0.5350,2603061,0.009921
4910,160.0,11.0,245.3,0.5349,2603536,0.006715
4911,210.0,12.0,242.7,0.5348,2603977,0.003166
4912,135.0,9.0,242.2,0.5347,2604342,0.014991
4913,50.0,4.0,240.4,0.5347,2604614,0.009626
4914,440.0,27.0,244.0,0.5346,2605671,0.004277
4915,465.0,17.0,246.6,0.5345,2606406,0.003851
4916,155.0,10.0,245.9,0.5344,2606829,0.005164
4917,155.0,10.0,243.7,0.5343,2607288,0.011686
4918,210.0,12.0,242.4,0.5342,2607726,0.003271
4919,210.0,12.0,243.0,0.5341,2608265,0.009885
4920,515.0,22.0,246.1,0.5340,2608958,0.005867
4921,215.0,13.0,244.8,0.5339,2609473,0.006968
4922,125.0,9.0,244.2,0.5338,2609830,0.004900
4923,180.0,11.0,242.6,0.5337,2610220,0.036544
4924,330.0,21.0,243.3,0.5336,2611045,0.008246
4925,240.0,15.0,243.3,0.5335,2611685,0.007949
4926,415.0,14.0,245.4,0.5334,2612251,0.004989
4927,210.0,12.0,244.2,0.5333,2612733,0.002510
4928,430.0,26.0,246.7,0.5332,2613668,0.009700
4929,435.0,28.0,246.7,0.5331,2614429,0.005609
4930,390.0,27.0,250.1,0.5330,2615182,0.008355
4931,370.0,26.0,252.0,0.5329,2615962,0.005250
4932,260.0,16.0,253.8,0.5329,2616512,0.006074
4933,120.0,8.0,250.2,0.5328,2616933,0.002247
4934,45.0,5.0,246.2,0.5327,2617222,0.112714
4935,225.0,14.0,245.9,0.5326,2617713,0.002531
4936,210.0,12.0,243.8,0.5325,2618190,0.006309
4937,315.0,18.0,244.4,0.5324,2618896,0.009971
4938,210.0,12.0,244.7,0.5323,2619463,0.005706
4939,210.0,12.0,245.2,0.5322,2619997,0.011049
4940,125.0,9.0,243.7,0.5321,2620419,0.008935
4941,305.0,20.0,245.1,0.5320,2621086,0.007467
4942,215.0,13.0,244.6,0.5319,2621619,0.029910
4943,225.0,14.0,244.0,0.5318,2622206,0.007310
4944,210.0,12.0,243.9,0.5317,2622711,0.008022
4945,85.0,7.0,243.0,0.5316,2623002,0.010786
4946,200.0,16.0,242.8,0.5315,2623736,0.005835
4947,135.0,9.0,242.6,0.5314,2624109,0.006042
4948,420.0,15.0,244.6,0.5313,2624786,0.125697
4949,300.0,19.0,246.1,0.5312,2625553,0.005815
4950,395.0,25.0,248.4,0.5311,2626384,0.009519
4951,235.0,15.0,248.7,0.5311,2626895,0.008366
4952,210.0,12.0,247.9,0.5310,2627313,0.006004
4953,65.0,6.0,247.0,0.5309,2627609,0.005532
4954,45.0,5.0,245.8,0.5308,2627900,0.007380
4955,240.0,16.0,243.2,0.5307,2628500,0.003211
4956,210.0,12.0,242.8,0.5306,2629132,0.005784
4957,155.0,10.0,238.1,0.5305,2629511,0.003485
4958,245.0,17.0,236.8,0.5304,2630075,0.005582
4959,255.0,17.0,237.2,0.5303,2630643,0.005820
4960,230.0,14.0,237.7,0.5302,2631180,0.005039
4961,170.0,12.0,236.2,0.5301,2631769,0.005344
4962,680.0,30.0,240.3,0.5300,2632763,0.007013
4963,225.0,14.0,239.8,0.5299,2633436,0.018908
4964,240.0,17.0,241.0,0.5298,2633982,0.007874
4965,125.0,8.0,241.0,0.5297,2634320,0.015046
4966,210.0,12.0,241.8,0.5296,2634724,0.010343
4967,210.0,12.0,242.2,0.5295,2635235,0.008179
4968,535.0,22.0,245.9,0.5294,2636061,0.131492
4969,60.0,6.0,244.1,0.5293,2636349,0.006606
4970,140.0,9.0,238.2,0.5293,2636813,0.006017
4971,410.0,13.0,241.3,0.5292,2637512,0.168999
4972,35.0,4.0,239.3,0.5291,2637809,0.005475
4973,210.0,12.0,236.2,0.5290,2638301,0.009200
4974,125.0,9.0,236.2,0.5289,2638654,0.005486
4975,155.0,11.0,235.7,0.5288,2639161,0.008511
4976,155.0,10.0,235.2,0.5287,2639588,0.138599
4977,410.0,13.0,238.4,0.5286,2640218,0.004941
4978,210.0,12.0,238.2,0.5285,2640699,0.018391
4979,155.0,10.0,237.9,0.5284,2641219,0.007497
4980,180.0,11.0,238.0,0.5283,2641756,0.020435
4981,260.0,16.0,238.4,0.5282,2642301,0.008692
4982,210.0,12.0,237.8,0.5281,2642816,0.002389
4983,260.0,16.0,238.0,0.5280,2643404,0.004798
4984,275.0,20.0,239.7,0.5279,2644033,0.128592
4985,220.0,14.0,239.8,0.5278,2644757,0.005485
4986,240.0,13.0,240.6,0.5277,2645375,0.006347
4987,245.0,16.0,240.9,0.5276,2645915,0.123314
4988,240.0,15.0,241.2,0.5275,2646394,0.005027
4989,580.0,23.0,244.9,0.5275,2647261,0.004307
4990,405.0,27.0,246.8,0.5274,2648175,0.105773
4991,285.0,17.0,245.8,0.5273,2648824,0.005614
4992,800.0,36.0,251.7,0.5272,2649836,0.010235
4993,240.0,15.0,253.1,0.5271,2650398,0.003837
4994,180.0,11.0,251.5,0.5270,2650900,0.008189
4995,475.0,29.0,254.4,0.5269,2651977,0.010301
4996,230.0,15.0,251.5,0.5268,2652470,0.006444
4997,245.0,16.0,248.9,0.5267,2653205,0.010272
4998,210.0,12.0,249.5,0.5266,2653749,0.002934
4999,155.0,10.0,246.7,0.5265,2654194,0.144214
5000,180.0,11.0,246.1,0.5264,2654616,0.026544
5001,210.0,12.0,246.3,0.5263,2655052,0.004862
5002,105.0,8.0,245.1,0.5262,2655341,0.011149
5003,210.0,12.0,244.9,0.5261,2655933,0.005341
5004,135.0,9.0,244.1,0.5260,2656408,0.004415
5005,105.0,8.0,243.6,0.5259,2656702,0.033484
5006,210.0,12.0,243.6,0.5258,2657302,0.008051
5007,205.0,12.0,243.8,0.5257,2657842,0.014034
5008,245.0,16.0,244.7,0.5257,2658578,0.118493
5009,455.0,29.0,246.0,0.5256,2659545,0.006417
5010,300.0,19.0,247.4,0.5255,2660329,0.096478
5011,180.0,11.0,247.1,0.5254,2660854,0.008206
5012,285.0,17.0,248.6,0.5253,2661522,0.005956
5013,295.0,19.0,251.1,0.5252,2662290,0.011791
5014,215.0,13.0,248.8,0.5251,2662902,0.005049
5015,75.0,8.0,244.9,0.5250,2663376,0.008984
5016,215.0,14.0,245.5,0.5249,2664031,0.006314
5017,155.0,10.0,245.5,0.5248,2664412,0.004286
5018,65.0,7.0,244.1,0.5247,2664704,0.005291
5019,160.0,11.0,243.6,0.5246,2665249,0.010766
5020,155.0,10.0,239.9,0.5245,2665607,0.013476
5021,150.0,10.0,239.3,0.5244,2665962,0.097678
5022,230.0,14.0,240.3,0.5243,2666538,0.009038
5023,295.0,19.0,241.5,0.5242,2667116,0.012913
5024,210.0,12.0,240.3,0.5241,2667677,0.005473
5025,210.0,12.0,240.0,0.5240,2668144,0.009126
5026,290.0,19.0,238.8,0.5239,2668785,0.015280
5027,555.0,22.0,242.2,0.5239,2669542,0.089565
5028,285.0,17.0,240.8,0.5238,2670153,0.012454
5029,180.0,11.0,238.2,0.5237,2670641,0.005750
5030,210.0,12.0,236.4,0.5236,2671271,0.136924
5031,210.0,12.0,234.8,0.5235,2671861,0.008741
5032,235.0,14.0,234.6,0.5234,2672573,0.009720
5033,455.0,20.0,237.9,0.5233,2673251,0.004044
5034,225.0,14.0,239.7,0.5232,2673864,0.007203
5035,180.0,11.0,239.2,0.5231,2674289,0.011390
5036,185.0,13.0,239.0,0.5230,2674806,0.130650
5037,375.0,24.0,239.6,0.5229,2675509,0.006667
5038,180.0,11.0,239.3,0.5228,2675870,0.005987
5039,210.0,12.0,239.3,0.5227,2676384,0.018361
5040,620.0,28.0,244.2,0.5226,2677455,0.005098
5041,375.0,16.0,244.9,0.5225,2677955,0.011948
5042,255.0,17.0,245.3,0.5224,2678583,0.009562
5043,120.0,8.0,244.3,0.5223,2679005,0.008490
5044,180.0,16.0,244.0,0.5222,2679641,0.009867
5045,155.0,10.0,244.7,0.5221,2680130,0.005423
5046,385.0,25.0,246.6,0.5221,2680760,0.004755
5047,180.0,11.0,247.0,0.5220,2681227,0.011038
5048,65.0,6.0,243.4,0.5219,2681501,0.005723
5049,175.0,14.0,242.2,0.5218,2681969,0.007474
5050,260.0,16.0,240.8,0.5217,2682608,0.005925
5051,235.0,16.0,240.8,0.5216,2683211,0.010711
5052,280.0,17.0,241.6,0.5215,2683879,0.006817
5053,290.0,19.0,243.8,0.5214,2684459,0.086352
5054,210.0,12.0,245.4,0.5213,2684971,0.003781
5055,505.0,30.0,248.1,0.5212,2685916,0.026234
5056,580.0,26.0,251.8,0.5211,2686791,0.005543
5057,100.0,8.0,251.2,0.5210,2687088,0.007123
5058,215.0,13.0,250.9,0.5209,2687682,0.228615
5059,135.0,9.0,249.8,0.5208,2688139,0.003815
5060,210.0,12.0,249.6,0.5207,2688553,0.014141
5061,155.0,10.0,249.4,0.5206,2688847,0.023256
5062,370.0,24.0,246.3,0.5205,2689682,0.008327
5063,70.0,5.0,244.8,0.5204,2689990,0.003788
5064,575.0,26.0,248.1,0.5203,2690979,0.115651
5065,325.0,21.0,250.1,0.5203,2691739,0.005479
5066,135.0,9.0,249.3,0.5202,2692256,0.006719
5067,235.0,16.0,249.6,0.5201,2692812,0.005052
5068,170.0,12.0,245.9,0.5200,2693289,0.014945
5069,385.0,16.0,249.2,0.5199,2693850,0.009308
5070,270.0,18.0,250.5,0.5198,2694449,0.004969
5071,315.0,20.0,249.6,0.5197,2695114,0.011102
5072,205.0,14.0,251.2,0.5196,2695586,0.013902
5073,180.0,11.0,250.9,0.5195,2696170,0.091973
5074,215.0,13.0,251.8,0.5194,2696704,0.005798
5075,410.0,27.0,254.4,0.5193,2697606,0.008022
5076,190.0,14.0,254.8,0.5192,2698273,0.002669
5077,280.0,18.0,253.4,0.5191,2698801,0.005814
5078,215.0,14.0,253.5,0.5190,2699338,0.007234
5079,1075.0,56.0,262.7,0.5189,2700738,0.005409
5080,285.0,17.0,263.8,0.5188,2701546,0.004454
5081,210.0,12.0,263.2,0.5187,2702074,0.011191
5082,255.0,19.0,263.7,0.5186,2702801,0.004299
5083,275.0,21.0,263.9,0.5185,2703569,0.007632
5084,220.0,14.0,263.3,0.5185,2704152,0.006141
5085,125.0,9.0,262.4,0.5184,2704450,0.006984
5086,210.0,12.0,262.1,0.5183,2704862,0.012185
5087,90.0,7.0,260.5,0.5182,2705144,0.006927
5088,170.0,12.0,259.8,0.5181,2705658,0.142797
5089,365.0,22.0,257.6,0.5180,2706457,0.014493
5090,265.0,19.0,256.2,0.5179,2707137,0.007929
5091,235.0,14.0,255.8,0.5178,2707739,0.007460
5092,140.0,9.0,249.2,0.5177,2708117,0.005650
5093,250.0,15.0,249.2,0.5176,2708703,0.129792
5094,185.0,12.0,249.3,0.5175,2709174,0.009205
5095,180.0,11.0,246.3,0.5174,2709700,0.134965
5096,210.0,12.0,246.2,0.5173,2710207,0.004289
5097,60.0,5.0,244.3,0.5172,2710599,0.007911
5098,195.0,13.0,244.2,0.5171,2711257,0.008217
5099,155.0,10.0,244.2,0.5170,2711552,0.009200
5100,210.0,12.0,244.4,0.5169,2712043,0.017227
5101,155.0,10.0,243.9,0.5168,2712404,0.006553
5102,155.0,10.0,244.4,0.5167,2712871,0.004610
5103,260.0,16.0,244.9,0.5167,2713448,0.007664
5104,155.0,10.0,245.1,0.5166,2713921,0.004180
5105,675.0,30.0,250.8,0.5165,2714875,0.005196
5106,440.0,19.0,253.1,0.5164,2715563,0.008784
5107,315.0,21.0,254.2,0.5163,2716194,0.026915
5108,540.0,24.0,257.1,0.5162,2716889,0.004870
5109,300.0,19.0,255.6,0.5161,2717538,0.004730
5110,220.0,18.0,254.8,0.5160,2718163,0.005120
5111,265.0,19.0,255.7,0.5159,2719132,0.008209
5112,90.0,7.0,253.7,0.5158,2719497,0.006989
5113,125.0,9.0,252.0,0.5157,2719791,0.005554
5114,155.0,10.0,251.4,0.5156,2720246,0.116192
5115,240.0,15.0,253.1,0.5155,2720762,0.007460
5116,180.0,11.0,252.7,0.5154,2721302,0.004345
5117,210.0,12.0,253.2,0.5153,2721807,0.005450
5118,240.0,16.0,255.0,0.5152,2722351,0.004653
5119,240.0,15.0,255.8,0.5151,2723043,0.004004
5120,155.0,10.0,255.8,0.5150,2723459,0.008794
5121,310.0,19.0,257.4,0.5149,2724069,0.016431
5122,240.0,17.0,257.5,0.5149,2724595,0.008880
5123,180.0,11.0,256.4,0.5148,2725063,0.006835
5124,215.0,13.0,256.4,0.5147,2725674,0.009921
5125,35.0,4.0,254.7,0.5146,2725943,0.007066
5126,355.0,23.0,255.3,0.5145,2726740,0.007662
5127,325.0,20.0,253.0,0.5144,2727481,0.003056
5128,390.0,25.0,254.1,0.5143,2728282,0.007583
5129,210.0,12.0,254.3,0.5142,2728823,0.006104
5130,245.0,16.0,254.7,0.5141,2729414,0.004795
5131,180.0,11.0,254.4,0.5140,2729943,0.006032
5132,180.0,11.0,253.8,0.5139,2730463,0.008583
5133,275.0,19.0,252.1,0.5138,2731220,0.004648
5134,215.0,13.0,251.9,0.5137,2731727,0.005077
5135,225.0,14.0,252.4,0.5136,2732267,0.010888
5136,240.0,15.0,252.9,0.5135,2732909,0.005213
5137,395.0,24.0,253.2,0.5134,2733829,0.009802
5138,415.0,26.0,255.5,0.5133,2734693,0.003872
5139,560.0,23.0,259.0,0.5132,2735642,0.006360
5140,290.0,19.0,255.7,0.5131,2736272,0.003585
5141,215.0,13.0,254.1,0.5131,2736835,0.005099
5142,135.0,9.0,252.9,0.5130,2737272,0.137869
5143,230.0,15.0,254.0,0.5129,2737895,0.005886
5144,110.0,8.0,253.3,0.5128,2738286,0.209256
5145,255.0,16.0,254.3,0.5127,2738952,0.005604
5146,210.0,12.0,252.6,0.5126,2739422,0.004013
5147,205.0,13.0,252.8,0.5125,2739892,0.189032
5148,225.0,14.0,254.4,0.5124,2740430,0.016578
5149,245.0,16.0,255.1,0.5123,2740924,0.014458
5150,180.0,11.0,254.3,0.5122,2741309,0.005114
5151,275.0,18.0,254.7,0.5121,2742012,0.116829
5152,465.0,28.0,256.6,0.5120,2742818,0.008778
5153,155.0,10.0,255.2,0.5119,2743195,0.006442
5154,260.0,17.0,255.7,0.5118,2743758,0.007803
5155,215.0,13.0,252.8,0.5117,2744320,0.081637
5156,185.0,13.0,248.8,0.5116,2744801,0.003704
5157,185.0,11.0,249.7,0.5115,2745269,0.004936
5158,220.0,13.0,249.8,0.5114,2745882,0.004312
5159,210.0,12.0,250.5,0.5113,2746434,0.007320
5160,215.0,13.0,250.6,0.5113,2746964,0.008017
5161,220.0,16.0,251.2,0.5112,2747487,0.005072
5162,155.0,10.0,249.1,0.5111,2747908,0.004712
5163,460.0,30.0,252.9,0.5110,2748953,0.009899
5164,210.0,12.0,249.3,0.5109,2749509,0.138423
5165,225.0,14.0,248.3,0.5108,2750088,0.009287
5166,210.0,12.0,249.1,0.5107,2750654,0.101208
5167,210.0,12.0,248.8,0.5106,2751153,0.006929
5168,210.0,12.0,249.2,0.5105,2751589,0.009777
5169,210.0,12.0,247.4,0.5104,2752000,0.103143
5170,155.0,10.0,246.3,0.5103,2752464,0.007082
5171,385.0,14.0,247.0,0.5102,2752979,0.006355
5172,180.0,11.0,246.8,0.5101,2753357,0.211608
5173,170.0,13.0,246.7,0.5100,2753876,0.006484
5174,135.0,9.0,245.8,0.5099,2754298,0.113484
5175,210.0,12.0,243.8,0.5098,2754697,0.012268
5176,375.0,24.0,245.7,0.5097,2755481,0.009077
5177,215.0,13.0,245.1,0.5096,2755958,0.005447
5178,225.0,14.0,245.2,0.5095,2756632,0.004089
5179,200.0,14.0,236.4,0.5095,2757153,0.124946
5180,455.0,15.0,238.1,0.5094,2758096,0.005694
5181,280.0,19.0,238.8,0.5093,2758822,0.006531
5182,295.0,19.0,239.2,0.5092,2759415,0.003105
5183,530.0,21.0,241.8,0.5091,2760296,0.030859
5184,210.0,12.0,241.7,0.5090,2760835,0.008075
5185,245.0,15.0,242.8,0.5089,2761447,0.008259
5186,310.0,20.0,243.8,0.5088,2762337,0.005902
5187,155.0,10.0,244.5,0.5087,2762857,0.007108
5188,210.0,12.0,244.9,0.5086,2763416,0.003479
5189,170.0,11.0,242.9,0.5085,2763868,0.006397
5190,45.0,4.0,240.8,0.5084,2764251,0.005160
5191,215.0,16.0,240.6,0.5083,2764888,0.006581
5192,145.0,9.0,240.6,0.5082,2765264,0.131578
5193,300.0,19.0,241.1,0.5081,2765790,0.006617
5194,240.0,15.0,241.7,0.5080,2766302,0.008788
5195,640.0,28.0,246.2,0.5079,2767282,0.116785
5196,155.0,10.0,245.7,0.5078,2767749,0.003548
5197,290.0,19.0,248.0,0.5077,2768463,0.006546
5198,230.0,15.0,248.3,0.5077,2769057,0.003683
5199,135.0,9.0,248.2,0.5076,2769498,0.005861
5200,240.0,14.0,248.4,0.5075,2770155,0.007608
5201,210.0,12.0,249.0,0.5074,2770670,0.010644
5202,210.0,12.0,249.6,0.5073,2771020,0.006813
5203,185.0,11.0,248.8,0.5072,2771531,0.018975
5204,155.0,10.0,248.8,0.5071,2771913,0.008759
5205,175.0,10.0,243.8,0.5070,2772368,0.009155
5206,155.0,10.0,240.9,0.5069,2772737,0.014651
5207,215.0,13.0,239.9,0.5068,2773178,0.004121
5208,210.0,12.0,236.7,0.5067,2773724,0.006053
5209,175.0,13.0,235.4,0.5066,2774209,0.009071
5210,80.0,7.0,234.0,0.5065,2774507,0.009426
5211,455.0,17.0,235.9,0.5064,2775101,0.006521
5212,125.0,9.0,236.2,0.5063,2775392,0.004797
5213,605.0,26.0,241.1,0.5062,2776274,0.010607
5214,400.0,26.0,243.5,0.5061,2777072,0.106349
5215,230.0,14.0,243.4,0.5060,2777681,0.006168
5216,360.0,13.0,245.2,0.5059,2778214,0.012887
5217,190.0,13.0,245.0,0.5059,2778778,0.006815
5218,195.0,13.0,244.6,0.5058,2779317,0.003977
5219,235.0,16.0,244.5,0.5057,2779932,0.007250
5220,450.0,19.0,247.4,0.5056,2780548,0.008286
5221,415.0,16.0,248.5,0.5055,2781156,0.008440
5222,185.0,15.0,247.9,0.5054,2781781,0.007836
5223,260.0,19.0,248.8,0.5053,2782456,0.008243
5224,105.0,8.0,247.7,0.5052,2782807,0.004871
5225,185.0,14.0,249.2,0.5051,2783541,0.002932
5226,210.0,12.0,247.7,0.5050,2784051,0.008720
5227,155.0,10.0,246.0,0.5049,2784533,0.009862
5228,260.0,16.0,244.7,0.5048,2785282,0.006433
5229,375.0,26.0,246.3,0.5047,2786121,0.011839
5230,225.0,14.0,246.2,0.5046,2786743,0.025159
5231,150.0,10.0,245.8,0.5045,2787120,0.009154
5232,260.0,16.0,246.7,0.5044,2787707,0.004847
5233,180.0,11.0,245.7,0.5043,2788200,0.019867
5234,175.0,15.0,245.3,0.5042,2788888,0.008101
5235,240.0,15.0,245.4,0.5041,2789441,0.073416
5236,80.0,7.0,243.8,0.5041,2789873,0.007902
5237,250.0,17.0,242.4,0.5040,2790503,0.007685
5238,695.0,31.0,245.2,0.5039,2791743,0.008602
5239,235.0,16.0,241.9,0.5038,2792375,0.013157
5240,160.0,12.0,240.7,0.5037,2792788,0.008183
5241,235.0,14.0,240.8,0.5036,2793530,0.004104
5242,235.0,16.0,241.8,0.5035,2794187,0.005574
5243,260.0,18.0,242.2,0.5034,2794756,0.080102
5244,250.0,18.0,243.6,0.5033,2795444,0.010716
5245,350.0,23.0,244.5,0.5032,2796096,0.007358
5246,230.0,15.0,244.7,0.5031,2796768,0.003713
5247,255.0,17.0,245.2,0.5030,2797291,0.004928
5248,245.0,17.0,245.4,0.5029,2798017,0.011807
5249,210.0,14.0,245.1,0.5028,2798490,0.009383
5250,380.0,25.0,247.1,0.5027,2799177,0.005712
5251,180.0,11.0,246.1,0.5026,2799704,0.005148
5252,235.0,16.0,243.8,0.5025,2800195,0.111053
5253,105.0,8.0,243.3,0.5024,2800616,0.012561
5254,355.0,24.0,244.2,0.5023,2801397,0.003287
5255,240.0,15.0,244.5,0.5023,2801989,0.004008
5256,230.0,15.0,244.9,0.5022,2802615,0.008090
5257,450.0,28.0,247.6,0.5021,2803614,0.005306
5258,685.0,31.0,252.2,0.5020,2804489,0.250452
5259,380.0,24.0,253.9,0.5019,2805158,0.009538
5260,455.0,19.0,256.4,0.5018,2805931,0.005869
5261,575.0,34.0,259.9,0.5017,2807063,0.005303
5262,725.0,33.0,265.6,0.5016,2808207,0.007874
5263,285.0,17.0,263.9,0.5015,2808820,0.007649
5264,130.0,10.0,263.1,0.5014,2809229,0.004854
5265,210.0,12.0,262.9,0.5013,2809636,0.015926
5266,320.0,22.0,264.0,0.5012,2810377,0.017993
5267,130.0,10.0,263.2,0.5011,2810859,0.007252
5268,245.0,17.0,263.6,0.5010,2811562,0.005561
5269,245.0,17.0,263.9,0.5009,2812102,0.003358
5270,300.0,20.0,265.4,0.5008,2812905,0.006633
5271,425.0,27.0,265.8,0.5007,2813871,0.005813
5272,155.0,12.0,265.5,0.5006,2814369,0.011384
5273,180.0,11.0,265.6,0.5005,2814732,0.017435
5274,180.0,11.0,266.1,0.5005,2815155,0.002734
5275,285.0,19.0,266.8,0.5004,2815811,0.013795
5276,210.0,12.0,265.1,0.5003,2816383,0.010722
5277,365.0,23.0,266.6,0.5002,2817082,0.009358
5278,120.0,8.0,265.6,0.5001,2817479,0.008583
5279,395.0,25.0,267.6,0.5000,2818536,0.106325
5280,80.0,7.0,263.8,0.4999,2818830,0.004697
5281,245.0,14.0,263.4,0.4998,2819458,0.003309
5282,545.0,22.0,265.9,0.4997,2820185,0.005283
5283,475.0,30.0,265.4,0.4996,2821106,0.005774
5284,125.0,9.0,264.6,0.4995,2821525,0.012348
5285,290.0,21.0,265.0,0.4994,2822313,0.007473
5286,365.0,22.0,265.6,0.4993,2822959,0.013057
5287,345.0,21.0,267.4,0.4992,2823669,0.006847
5288,225.0,13.0,267.6,0.4991,2824236,0.004329
5289,260.0,18.0,268.5,0.4990,2824994,0.012803
5290,210.0,12.0,270.1,0.4989,2825546,0.010351
5291,250.0,16.0,270.5,0.4988,2826098,0.009541
5292,270.0,17.0,271.8,0.4987,2826991,0.010341
5293,410.0,25.0,272.9,0.4987,2827598,0.006120
5294,270.0,19.0,273.1,0.4986,2828301,0.005899
5295,295.0,20.0,269.7,0.4985,2828995,0.009102
5296,345.0,23.0,271.6,0.4984,2829756,0.148312
5297,190.0,15.0,270.6,0.4983,2830297,0.028627
5298,185.0,13.0,270.1,0.4982,2830818,0.096966
5299,360.0,24.0,272.4,0.4981,2831565,0.005014
5300,345.0,22.0,273.4,0.4980,2832633,0.005018
5301,160.0,11.0,272.9,0.4979,2833112,0.007463
5302,270.0,19.0,273.6,0.4978,2833862,0.007631
5303,335.0,21.0,275.1,0.4977,2834611,0.006987
5304,215.0,13.0,275.6,0.4976,2835151,0.004905
5305,185.0,12.0,275.8,0.4975,2835707,0.009383
5306,410.0,26.0,278.3,0.4974,2836496,0.014563
5307,170.0,12.0,277.9,0.4973,2836962,0.012499
5308,375.0,23.0,279.5,0.4972,2837675,0.003974
5309,340.0,23.0,281.1,0.4971,2838421,0.007784
5310,290.0,19.0,283.2,0.4970,2838961,0.009256
5311,210.0,12.0,280.8,0.4969,2839467,0.006173
5312,560.0,32.0,285.1,0.4969,2840549,0.007141
5313,210.0,12.0,281.2,0.4968,2841055,0.003998
5314,330.0,22.0,280.5,0.4967,2841848,0.006681
5315,210.0,12.0,280.3,0.4966,2842361,0.006711
5316,270.0,18.0,279.4,0.4965,2842933,0.028042
5317,315.0,18.0,280.6,0.4964,2843600,0.009680
5318,105.0,8.0,279.8,0.4963,2844066,0.010120
5319,215.0,13.0,279.6,0.4962,2844447,0.006689
5320,235.0,14.0,277.4,0.4961,2845046,0.005886
5321,355.0,22.0,276.8,0.4960,2845745,0.006454
5322,225.0,14.0,277.2,0.4959,2846250,0.007998
5323,405.0,27.0,278.6,0.4958,2847241,0.008346
5324,310.0,22.0,280.7,0.4957,2848171,0.006806
5325,190.0,13.0,280.8,0.4956,2848735,0.016043
5326,80.0,7.0,279.4,0.4955,2849076,0.003683
5327,90.0,7.0,278.8,0.4954,2849464,0.046288
5328,210.0,12.0,278.3,0.4953,2850132,0.011040
5329,290.0,21.0,277.4,0.4952,2850882,0.008671
5330,250.0,17.0,277.7,0.4951,2851615,0.004164
5331,105.0,8.0,277.2,0.4951,2851985,0.008145
5332,80.0,7.0,275.4,0.4950,2852287,0.011025
5333,110.0,9.0,274.8,0.4949,2852681,0.008365
5334,555.0,23.0,278.6,0.4948,2853475,0.009849
5335,220.0,16.0,278.4,0.4947,2854123,0.010663
5336,210.0,14.0,279.6,0.4946,2854571,0.004796
5337,235.0,15.0,279.5,0.4945,2855283,0.005845
5338,165.0,13.0,274.2,0.4944,2856053,0.006125
5339,290.0,19.0,274.8,0.4943,2856650,0.104399
5340,435.0,16.0,277.5,0.4942,2857202,0.014299
5341,210.0,12.0,277.2,0.4941,2857700,0.019228
5342,215.0,13.0,277.1,0.4940,2858249,0.007386
5343,440.0,28.0,278.9,0.4939,2859365,0.004192
5344,400.0,26.0,280.4,0.4938,2860275,0.005893
5345,285.0,17.0,279.7,0.4937,2860863,0.007675
5346,95.0,9.0,278.4,0.4936,2861332,0.007818
5347,180.0,11.0,277.6,0.4935,2861883,0.003306
5348,295.0,21.0,278.1,0.4934,2862549,0.008056
5349,460.0,17.0,280.6,0.4933,2863223,0.007407
5350,160.0,13.0,278.4,0.4933,2863851,0.007985
5351,475.0,19.0,281.4,0.4932,2864702,0.005211
5352,215.0,13.0,281.1,0.4931,2865191,0.002761
5353,390.0,24.0,284.0,0.4930,2865950,0.008578
5354,215.0,13.0,282.6,0.4929,2866446,0.006839
5355,595.0,27.0,286.1,0.4928,2867226,0.015313
5356,170.0,11.0,285.6,0.4927,2867702,0.004505
5357,210.0,12.0,283.1,0.4926,2868182,0.004225
5358,390.0,26.0,280.2,0.4925,2869056,0.007160
5359,260.0,18.0,279.0,0.4924,2869609,0.005446
5360,295.0,17.0,277.4,0.4923,2870157,0.012757
5361,380.0,23.0,275.4,0.4922,2870980,0.006664
5362,200.0,14.0,270.2,0.4921,2871611,0.009441
5363,210.0,12.0,269.4,0.4920,2872105,0.006177
5364,340.0,20.0,271.6,0.4919,2872766,0.004948
5365,200.0,14.0,271.4,0.4918,2873369,0.005864
5366,180.0,11.0,270.1,0.4917,2873797,0.005315
5367,105.0,8.0,269.8,0.4916,2874149,0.006857
5368,155.0,10.0,268.9,0.4915,2874518,0.009987
5369,390.0,23.0,270.4,0.4915,2875222,0.006034
5370,185.0,15.0,269.2,0.4914,2875956,0.003944
5371,505.0,21.0,270.0,0.4913,2876515,0.068494
5372,305.0,20.0,271.5,0.4912,2877049,0.004244
5373,490.0,22.0,274.6,0.4911,2877714,0.010689
5374,290.0,22.0,275.7,0.4910,2878440,0.010729
5375,165.0,12.0,274.5,0.4909,2878966,0.006563
5376,210.0,14.0,274.5,0.4908,2879550,0.008427
5377,420.0,27.0,275.1,0.4907,2880443,0.011384
5378,295.0,20.0,276.8,0.4906,2881030,0.006412
5379,280.0,20.0,275.6,0.4905,2881863,0.014126
5380,270.0,18.0,277.6,0.4904,2882515,0.007461
5381,215.0,15.0,277.2,0.4903,2883127,0.017602
5382,170.0,12.0,273.5,0.4902,2883529,0.010163
5383,195.0,13.0,270.7,0.4901,2884150,0.005575
5384,180.0,11.0,271.2,0.4900,2884649,0.006829
5385,155.0,10.0,269.9,0.4899,2885101,0.011888
5386,240.0,15.0,268.6,0.4898,2885607,0.077367
5387,640.0,28.0,271.6,0.4897,2886553,0.005161
5388,125.0,12.0,270.6,0.4897,2887036,0.004754
5389,215.0,13.0,270.1,0.4896,2887558,0.005431
5390,305.0,20.0,271.1,0.4895,2888174,0.012708
5391,65.0,6.0,269.2,0.4894,2888454,0.012094
5392,260.0,18.0,269.1,0.4893,2888980,0.143055
5393,425.0,26.0,269.3,0.4892,2889818,0.014736
5394,215.0,16.0,268.8,0.4891,2890389,0.007193
5395,285.0,17.0,268.6,0.4890,2891128,0.011100
5396,210.0,12.0,267.3,0.4889,2891673,0.017390
5397,80.0,7.0,266.2,0.4888,2892026,0.009186
5398,180.0,11.0,266.1,0.4887,2892428,0.008636
5399,315.0,21.0,265.7,0.4886,2893118,0.006045
5400,180.0,11.0,264.1,0.4885,2893519,0.004889
5401,155.0,10.0,264.0,0.4884,2893929,0.009840
5402,215.0,15.0,263.4,0.4883,2894397,0.004623
5403,355.0,21.0,263.6,0.4882,2895302,0.006292
5404,180.0,11.0,263.3,0.4881,2895756,0.019203
5405,195.0,12.0,263.4,0.4880,2896243,0.005712
5406,215.0,13.0,261.4,0.4879,2896850,0.004497
5407,135.0,9.0,261.1,0.4879,2897316,0.005440
5408,210.0,12.0,259.4,0.4878,2897943,0.008170
5409,350.0,23.0,259.6,0.4877,2898674,0.023196
5410,430.0,27.0,260.9,0.4876,2899379,0.005591
5411,500.0,20.0,263.9,0.4875,2900052,0.228600
5412,565.0,24.0,263.9,0.4874,2900915,0.005032
5413,150.0,10.0,263.3,0.4873,2901358,0.012582
5414,345.0,22.0,263.4,0.4872,2902145,0.011956
5415,245.0,20.0,263.8,0.4871,2902932,0.006104
5416,400.0,24.0,265.1,0.4870,2903649,0.008791
5417,150.0,10.0,263.4,0.4869,2904139,0.006971
5418,245.0,17.0,264.9,0.4868,2904721,0.012353
5419,85.0,7.0,263.6,0.4867,2905058,0.006618
5420,45.0,5.0,261.6,0.4866,2905348,0.015481
5421,120.0,8.0,259.3,0.4865,2905762,0.072229
5422,265.0,19.0,259.7,0.4864,2906536,0.009306
5423,225.0,15.0,257.9,0.4863,2907281,0.007854
5424,530.0,23.0,260.1,0.4862,2908378,0.004123
5425,215.0,15.0,260.4,0.4861,2908905,0.008567
5426,270.0,18.0,262.2,0.4861,2909573,0.010722
5427,180.0,11.0,263.1,0.4860,2910090,0.009054
5428,105.0,8.0,262.1,0.4859,2910374,0.006823
5429,55.0,5.0,259.8,0.4858,2910670,0.011794
5430,215.0,13.0,259.4,0.4857,2911170,0.005295
5431,135.0,9.0,259.7,0.4856,2911560,0.010345
5432,405.0,24.0,262.9,0.4855,2912184,0.007243
5433,215.0,13.0,264.0,0.4854,2912687,0.004828
5434,85.0,7.0,259.3,0.4853,2913040,0.003757
5435,185.0,12.0,258.9,0.4852,2913716,0.006371
5436,225.0,13.0,259.1,0.4851,2914288,0.006783
5437,165.0,14.0,258.4,0.4850,2914820,0.006183
5438,370.0,22.0,260.4,0.4849,2915577,0.016012
5439,125.0,9.0,258.8,0.4848,2916010,0.006081
5440,205.0,14.0,256.5,0.4847,2916629,0.003287
5441,365.0,24.0,258.1,0.4846,2917467,0.071215
5442,215.0,13.0,258.1,0.4845,2918030,0.007811
5443,105.0,8.0,254.7,0.4844,2918411,0.008375
5444,460.0,19.0,255.3,0.4843,2919173,0.127481
5445,65.0,6.0,253.1,0.4843,2919516,0.008550
5446,205.0,14.0,254.2,0.4842,2919996,0.005018
5447,540.0,32.0,257.8,0.4841,2921026,0.007196
5448,155.0,10.0,256.4,0.4840,2921487,0.009459
5449,155.0,10.0,253.3,0.4839,2921904,0.005684
5450,450.0,25.0,256.2,0.4838,2922766,0.016501
5451,410.0,16.0,255.6,0.4837,2923313,0.014675
5452,300.0,20.0,256.4,0.4836,2923899,0.015111
5453,545.0,24.0,258.0,0.4835,2924641,0.004460
5454,255.0,17.0,258.4,0.4834,2925338,0.004583
5455,140.0,8.0,253.8,0.4833,2925767,0.006650
5456,365.0,22.0,255.8,0.4832,2926560,0.006382
5457,140.0,12.0,255.1,0.4831,2926960,0.122164
5458,180.0,11.0,253.0,0.4830,2927383,0.150964
5459,250.0,18.0,252.9,0.4829,2927968,0.005220
5460,270.0,19.0,252.7,0.4828,2928608,0.007066
5461,300.0,19.0,251.8,0.4827,2929249,0.003727
5462,335.0,21.0,253.2,0.4826,2929857,0.004933
5463,170.0,14.0,252.8,0.4825,2930568,0.016710
5464,385.0,25.0,253.2,0.4825,2931319,0.010327
5465,145.0,12.0,252.7,0.4824,2931875,0.009680
5466,630.0,36.0,257.2,0.4823,2933022,0.010345
5467,130.0,9.0,257.4,0.4822,2933440,0.077184
5468,150.0,10.0,257.4,0.4821,2933814,0.008816
5469,355.0,23.0,257.1,0.4820,2934668,0.003852
5470,300.0,19.0,258.2,0.4819,2935296,0.005780
5471,285.0,19.0,256.0,0.4818,2935928,0.004391
5472,120.0,9.0,254.2,0.4817,2936530,0.009101
5473,335.0,21.0,252.6,0.4816,2937124,0.020942
5474,470.0,28.0,254.4,0.4815,2937965,0.003361
5475,290.0,17.0,255.7,0.4814,2938534,0.006393
5476,320.0,21.0,256.8,0.4813,2939182,0.008795
5477,235.0,16.0,254.9,0.4812,2939747,0.005769
5478,255.0,17.0,254.5,0.4811,2940325,0.007325
5479,145.0,9.0,253.2,0.4810,2940719,0.128569
5480,80.0,7.0,251.2,0.4809,2940998,0.148239
5481,150.0,10.0,250.6,0.4808,2941477,0.006999
5482,100.0,8.0,249.9,0.4807,2941760,0.010612
5483,355.0,23.0,251.5,0.4807,2942517,0.015046
5484,175.0,12.0,251.4,0.4806,2943000,0.007742
5485,350.0,23.0,253.4,0.4805,2943949,0.098575
5486,320.0,20.0,254.2,0.4804,2944577,0.006046
5487,380.0,26.0,251.6,0.4803,2945275,0.007885
5488,640.0,28.0,256.8,0.4802,2946283,0.007421
5489,255.0,16.0,257.1,0.4801,2946917,0.007657
5490,385.0,25.0,257.9,0.4800,2947789,0.009985
5491,125.0,9.0,258.6,0.4799,2948184,0.006338
5492,835.0,29.0,264.3,0.4798,2949022,0.003907
5493,345.0,23.0,263.5,0.4797,2949694,0.126992
5494,240.0,15.0,263.8,0.4796,2950192,0.097579
5495,775.0,35.0,268.6,0.4795,2951496,0.009779
5496,540.0,22.0,271.9,0.4794,2952196,0.006809
5497,180.0,11.0,272.9,0.4793,2952606,0.004650
5498,180.0,11.0,272.9,0.4792,2953019,0.008729
5499,80.0,7.0,270.6,0.4791,2953301,0.006276
5500,170.0,12.0,270.5,0.4790,2953760,0.011247
5501,310.0,20.0,272.1,0.4789,2954498,0.004063
5502,155.0,10.0,271.4,0.4789,2954882,0.006004
5503,265.0,19.0,270.6,0.4788,2955533,0.004440
5504,155.0,9.0,270.3,0.4787,2955949,0.005336
5505,190.0,14.0,270.2,0.4786,2956579,0.010497
5506,355.0,23.0,271.6,0.4785,2957243,0.008769
5507,225.0,14.0,272.6,0.4784,2957849,0.008184
5508,235.0,16.0,272.8,0.4783,2958354,0.011182
5509,390.0,25.0,273.2,0.4782,2958982,0.008306
5510,225.0,14.0,271.1,0.4781,2959498,0.004606
5511,360.0,23.0,269.8,0.4780,2960215,0.011461
5512,160.0,12.0,265.7,0.4779,2960691,0.015739
5513,210.0,12.0,266.3,0.4778,2961157,0.003749
5514,290.0,21.0,265.8,0.4777,2961969,0.005614
5515,200.0,15.0,265.3,0.4776,2962470,0.007988
5516,415.0,27.0,265.4,0.4775,2963204,0.002807
5517,270.0,18.0,266.6,0.4774,2963843,0.004361
5518,210.0,14.0,266.3,0.4773,2964398,0.012100
5519,205.0,13.0,267.5,0.4772,2964859,0.007309
5520,130.0,12.0,268.4,0.4771,2965370,0.003695
5521,210.0,12.0,269.2,0.4771,2965982,0.135330
5522,315.0,18.0,269.8,0.4770,2966582,0.004405
5523,630.0,26.0,273.8,0.4769,2967437,0.005971
5524,245.0,16.0,270.9,0.4768,2968091,0.007264
5525,355.0,23.0,272.4,0.4767,2968841,0.002262
5526,310.0,21.0,272.8,0.4766,2969682,0.091865
5527,180.0,11.0,272.8,0.4765,2970102,0.013018
5528,360.0,23.0,275.3,0.4764,2970800,0.011789
5529,345.0,23.0,278.2,0.4763,2971443,0.008303
5530,155.0,10.0,277.6,0.4762,2971815,0.018449
5531,330.0,20.0,279.6,0.4761,2972378,0.010795
5532,240.0,16.0,277.9,0.4760,2972884,0.005419
5533,15.0,2.0,275.9,0.4759,2973160,0.014585
5534,360.0,23.0,278.6,0.4758,2973846,0.009331
5535,210.0,12.0,278.9,0.4757,2974348,0.011146
5536,435.0,16.0,281.0,0.4756,2975115,0.007088
5537,320.0,24.0,282.6,0.4755,2975890,0.003897
5538,390.0,25.0,282.8,0.4754,2976528,0.006794
5539,305.0,20.0,284.6,0.4753,2977106,0.171835
5540,240.0,17.0,284.9,0.4753,2977700,0.006061
5541,250.0,17.0,283.8,0.4752,2978479,0.011397
5542,185.0,14.0,283.4,0.4751,2979013,0.006530
5543,345.0,23.0,285.9,0.4750,2979652,0.003969
5544,165.0,10.0,282.9,0.4749,2980083,0.011445
5545,355.0,25.0,285.8,0.4748,2980886,0.009361
5546,495.0,29.0,288.7,0.4747,2981649,0.017756
5547,495.0,19.0,288.2,0.4746,2982327,0.010520
5548,80.0,7.0,287.5,0.4745,2982796,0.006767
5549,210.0,12.0,288.1,0.4744,2983396,0.011703
5550,135.0,11.0,284.9,0.4743,2983845,0.009255
5551,340.0,23.0,284.2,0.4742,2984504,0.011648
5552,415.0,28.0,285.4,0.4741,2985374,0.006890
5553,485.0,22.0,284.8,0.4740,2986067,0.004745
5554,215.0,13.0,284.4,0.4739,2986609,0.006448
5555,210.0,12.0,285.1,0.4738,2987024,0.006018
5556,215.0,13.0,283.6,0.4737,2987520,0.004674
5557,315.0,21.0,285.3,0.4736,2988297,0.006805
5558,215.0,15.0,285.6,0.4735,2988780,0.011273
5559,225.0,14.0,285.4,0.4735,2989179,0.012681
5560,210.0,12.0,284.8,0.4734,2989670,0.022617
5561,130.0,9.0,283.1,0.4733,2990052,0.010001
5562,455.0,19.0,284.3,0.4732,2990625,0.012161
5563,170.0,13.0,284.3,0.4731,2991054,0.010109
5564,430.0,27.0,284.8,0.4730,2991953,0.012461
5565,305.0,20.0,286.4,0.4729,2992525,0.040189
5566,530.0,32.0,285.4,0.4728,2993514,0.005351
5567,640.0,29.0,290.4,0.4727,2994439,0.007259
5568,225.0,14.0,291.2,0.4726,2994965,0.092152
5569,240.0,16.0,290.1,0.4725,2995601,0.003601
5570,390.0,26.0,290.9,0.4724,2996454,0.006979
5571,395.0,26.0,292.1,0.4723,2997362,0.007685
5572,495.0,19.0,295.8,0.4722,2997904,0.003556
5573,310.0,19.0,295.6,0.4721,2998660,0.005609
5574,140.0,10.0,292.2,0.4720,2999028,0.004600
5575,305.0,22.0,292.4,0.4719,2999698,0.005760
5576,185.0,15.0,291.1,0.4718,3000211,0.004666
5577,135.0,10.0,290.1,0.4717,3000589,0.127593
5578,335.0,20.0,290.9,0.4717,3001222,0.007029
5579,100.0,8.0,290.4,0.4716,3001619,0.007415
5580,185.0,14.0,291.4,0.4715,3002094,0.010400
5581,340.0,22.0,293.4,0.4714,3002895,0.011348
5582,155.0,10.0,293.9,0.4713,3003315,0.018429
5583,315.0,21.0,293.5,0.4712,3003968,0.009012
5584,175.0,13.0,293.5,0.4711,3004464,0.005994
5585,215.0,13.0,292.1,0.4710,3004919,0.091693
5586,200.0,14.0,290.9,0.4709,3005513,0.012604
5587,290.0,19.0,290.1,0.4708,3006068,0.008852
5588,110.0,10.0,284.8,0.4707,3006571,0.007792
5589,200.0,16.0,284.2,0.4706,3007294,0.006462
5590,230.0,15.0,282.6,0.4705,3007894,0.007290
5591,165.0,12.0,283.1,0.4704,3008310,0.008672
5592,310.0,20.0,277.8,0.4703,3009068,0.008537
5593,185.0,12.0,276.2,0.4702,3009472,0.007361
5594,375.0,24.0,277.6,0.4701,3010146,0.007366
5595,345.0,22.0,273.2,0.4700,3010859,0.008724
5596,100.0,8.0,268.9,0.4699,3011282,0.010856
5597,235.0,16.0,269.4,0.4699,3011900,0.006746
5598,515.0,19.0,272.8,0.4698,3012641,0.014124
5599,255.0,16.0,274.5,0.4697,3013281,0.006258
5600,275.0,18.0,275.6,0.4696,3013860,0.013311
5601,335.0,21.0,275.8,0.4695,3014535,0.005584
5602,275.0,18.0,277.0,0.4694,3015063,0.007881
5603,195.0,15.0,276.3,0.4693,3015694,0.023327
5604,305.0,20.0,277.8,0.4692,3016372,0.074525
5605,260.0,17.0,278.5,0.4691,3016825,0.112511
5606,295.0,20.0,277.9,0.4690,3017355,0.012352
5607,270.0,18.0,278.4,0.4689,3017977,0.117987
5608,505.0,30.0,281.1,0.4688,3019040,0.005677
5609,165.0,14.0,278.8,0.4687,3019602,0.005969
5610,155.0,10.0,278.1,0.4686,3019953,0.004381
5611,105.0,8.0,275.6,0.4685,3020224,0.006339
5612,545.0,31.0,279.4,0.4684,3021056,0.021238
5613,135.0,12.0,278.6,0.4683,3021601,0.007177
5614,265.0,17.0,278.4,0.4682,3022287,0.004597
5615,180.0,11.0,278.2,0.4681,3022694,0.007071
5616,305.0,22.0,277.1,0.4681,3023401,0.005270
5617,60.0,6.0,275.0,0.4680,3023780,0.006087
5618,365.0,24.0,276.6,0.4679,3024608,0.011941
5619,240.0,15.0,276.9,0.4678,3025330,0.012266
5620,195.0,14.0,277.6,0.4677,3025834,0.065334
5621,155.0,10.0,277.0,0.4676,3026170,0.008356
5622,380.0,22.0,277.6,0.4675,3026952,0.005510
5623,330.0,21.0,274.6,0.4674,3027623,0.004987
5624,150.0,10.0,273.7,0.4673,3027992,0.008239
5625,125.0,11.0,271.4,0.4672,3028498,0.006542
5626,185.0,12.0,270.1,0.4671,3029088,0.005539
5627,300.0,20.0,271.4,0.4670,3029707,0.005793
5628,190.0,15.0,269.6,0.4669,3030387,0.011816
5629,420.0,25.0,270.4,0.4668,3031055,0.011783
5630,330.0,21.0,272.1,0.4667,3031728,0.009234
5631,150.0,11.0,270.4,0.4666,3032137,0.009133
5632,225.0,17.0,270.2,0.4665,3032680,0.007542
5633,225.0,16.0,272.3,0.4664,3033210,0.006330
5634,155.0,10.0,270.2,0.4663,3033626,0.012444
5635,290.0,20.0,271.1,0.4663,3034445,0.008025
5636,200.0,15.0,268.7,0.4662,3034978,0.008873
5637,180.0,11.0,267.3,0.4661,3035332,0.009966
5638,330.0,21.0,266.7,0.4660,3035947,0.005149
5639,215.0,15.0,265.8,0.4659,3036468,0.012382
5640,70.0,6.0,264.1,0.4658,3036750,0.008935
5641,210.0,17.0,263.7,0.4657,3037365,0.006345
5642,125.0,9.0,263.1,0.4656,3037752,0.009071
5643,380.0,15.0,263.4,0.4655,3038571,0.004311
5644,325.0,22.0,265.1,0.4654,3039229,0.009222
5645,105.0,8.0,262.6,0.4653,3039596,0.004676
5646,295.0,20.0,260.6,0.4652,3040278,0.006972
5647,280.0,19.0,258.4,0.4651,3040937,0.006120
5648,150.0,11.0,259.1,0.4650,3041400,0.004597
5649,245.0,16.0,259.4,0.4649,3041889,0.015065
5650,340.0,22.0,261.5,0.4648,3042603,0.009735
5651,515.0,22.0,263.2,0.4647,3043300,0.092630
5652,200.0,15.0,261.1,0.4646,3043825,0.010822
5653,545.0,23.0,261.7,0.4645,3044596,0.011457
5654,100.0,8.0,260.6,0.4645,3044872,0.101191
5655,95.0,8.0,259.4,0.4644,3045214,0.008663
5656,115.0,10.0,258.4,0.4643,3045647,0.009246
5657,360.0,22.0,258.9,0.4642,3046296,0.007984
5658,130.0,10.0,258.0,0.4641,3046677,0.011015
5659,475.0,19.0,260.5,0.4640,3047383,0.011374
5660,220.0,14.0,260.6,0.4639,3047926,0.013012
5661,215.0,13.0,261.4,0.4638,3048447,0.095338
5662,320.0,19.0,260.1,0.4637,3049118,0.004298
5663,130.0,9.0,259.7,0.4636,3049527,0.007970
5664,295.0,21.0,258.4,0.4635,3050170,0.009116
5665,300.0,21.0,258.3,0.4634,3050868,0.006159
5666,360.0,25.0,256.6,0.4633,3051553,0.008957
5667,305.0,21.0,253.2,0.4632,3052292,0.005725
5668,265.0,17.0,253.7,0.4631,3053135,0.010107
5669,305.0,21.0,254.3,0.4630,3053760,0.011009
5670,140.0,8.0,251.8,0.4629,3054257,0.005989
5671,180.0,13.0,249.7,0.4628,3054742,0.016658
5672,415.0,26.0,248.8,0.4627,3055438,0.004941
5673,105.0,9.0,246.8,0.4627,3055958,0.109969
5674,265.0,18.0,248.1,0.4626,3056597,0.013634
5675,300.0,19.0,248.0,0.4625,3057216,0.004914
5676,50.0,6.0,246.7,0.4624,3057576,0.006555
5677,60.0,6.0,245.9,0.4623,3057920,0.004402
5678,160.0,12.0,244.2,0.4622,3058330,0.114526
5679,65.0,6.0,243.8,0.4621,3058603,0.014390
5680,85.0,7.0,242.8,0.4620,3058897,0.009861
5681,80.0,8.0,240.2,0.4619,3059246,0.009624
5682,205.0,14.0,240.7,0.4618,3059717,0.007701
5683,315.0,21.0,240.7,0.4617,3060486,0.011357
5684,315.0,20.0,242.1,0.4616,3061178,0.010283
5685,275.0,19.0,242.7,0.4615,3061857,0.007804
5686,190.0,14.0,242.6,0.4614,3062272,0.007735
5687,210.0,12.0,241.8,0.4613,3062770,0.010036
5688,570.0,34.0,246.4,0.4612,3063758,0.104194
5689,300.0,19.0,247.4,0.4611,3064322,0.012308
5690,390.0,25.0,249.0,0.4610,3065015,0.030513
5691,220.0,15.0,249.6,0.4609,3065625,0.008807
5692,235.0,17.0,248.8,0.4609,3066251,0.029657
5693,225.0,17.0,249.2,0.4608,3066935,0.004729
5694,320.0,21.0,248.7,0.4607,3067624,0.104065
5695,80.0,7.0,246.0,0.4606,3067914,0.006185
5696,135.0,11.0,246.3,0.4605,3068329,0.003233
5697,355.0,25.0,247.6,0.4604,3069026,0.009073
5698,210.0,12.0,244.5,0.4603,3069537,0.122013
5699,230.0,17.0,244.2,0.4602,3070112,0.006671
5700,230.0,15.0,243.8,0.4601,3070839,0.015480
5701,185.0,13.0,242.3,0.4600,3071316,0.006148
5702,230.0,16.0,241.8,0.4599,3071927,0.157938
5703,235.0,16.0,242.2,0.4598,3072812,0.005673
5704,335.0,23.0,242.6,0.4597,3073512,0.013297
5705,410.0,25.0,244.1,0.4596,3074194,0.007965
5706,495.0,22.0,246.1,0.4595,3074874,0.004112
5707,235.0,15.0,245.7,0.4594,3075384,0.005011
5708,605.0,28.0,246.7,0.4593,3076330,0.006251
5709,600.0,35.0,251.1,0.4592,3077583,0.014184
5710,320.0,19.0,252.7,0.4591,3078182,0.011094
5711,190.0,14.0,253.6,0.4591,3078805,0.010593
5712,430.0,17.0,252.4,0.4590,3079514,0.009576
5713,595.0,27.0,257.0,0.4589,3080306,0.008636
5714,240.0,18.0,256.8,0.4588,3080981,0.019152
5715,110.0,9.0,256.1,0.4587,3081387,0.013371
5716,210.0,15.0,255.1,0.4586,3082009,0.018301
5717,485.0,21.0,259.4,0.4585,3082674,0.005741
5718,315.0,22.0,258.9,0.4584,3083381,0.006280
5719,140.0,10.0,257.9,0.4583,3083842,0.007586
5720,220.0,16.0,258.1,0.4582,3084577,0.098687
5721,375.0,24.0,260.3,0.4581,3085351,0.006866
5722,100.0,8.0,257.5,0.4580,3085634,0.007596
5723,315.0,20.0,257.4,0.4579,3086308,0.004181
5724,480.0,22.0,260.6,0.4578,3087034,0.008557
5725,620.0,29.0,265.6,0.4577,3087807,0.011805
5726,175.0,14.0,265.5,0.4576,3088414,0.006580
5727,155.0,10.0,264.1,0.4575,3088798,0.004001
5728,225.0,17.0,264.4,0.4574,3089429,0.011969
5729,185.0,14.0,262.1,0.4573,3089904,0.006172
5730,180.0,14.0,260.6,0.4573,3090379,0.017486
5731,175.0,13.0,260.8,0.4572,3090903,0.007279
5732,155.0,13.0,260.1,0.4571,3091395,0.100905
5733,280.0,19.0,260.6,0.4570,3092111,0.007800
5734,245.0,18.0,261.6,0.4569,3092731,0.005910
5735,355.0,23.0,262.2,0.4568,3093396,0.008756
5736,215.0,13.0,262.4,0.4567,3093827,0.005252
5737,200.0,15.0,262.6,0.4566,3094332,0.003321
5738,105.0,8.0,260.3,0.4565,3094677,0.005687
5739,290.0,19.0,261.1,0.4564,3095301,0.004223
5740,435.0,18.0,264.7,0.4563,3095993,0.007525
5741,330.0,21.0,265.9,0.4562,3096708,0.004842
5742,285.0,20.0,267.5,0.4561,3097238,0.008786
5743,240.0,20.0,266.1,0.4560,3097800,0.008160
5744,230.0,16.0,265.1,0.4559,3098447,0.012264
5745,205.0,15.0,266.1,0.4558,3098950,0.003929
5746,275.0,18.0,265.9,0.4557,3099533,0.009387
5747,155.0,11.0,264.7,0.4556,3099944,0.007911
5748,425.0,19.0,267.4,0.4555,3100565,0.010840
5749,570.0,34.0,270.7,0.4555,3101449,0.008512
5750,215.0,16.0,269.4,0.4554,3102067,0.006836
5751,140.0,10.0,265.7,0.4553,3102487,0.101061
5752,190.0,15.0,265.6,0.4552,3102946,0.008214
5753,200.0,14.0,262.1,0.4551,3103467,0.006581
5754,180.0,14.0,262.9,0.4550,3103941,0.009485
5755,250.0,18.0,264.5,0.4549,3104552,0.008947
5756,260.0,18.0,265.9,0.4548,3105359,0.005890
5757,225.0,16.0,264.6,0.4547,3105859,0.009837
5758,125.0,11.0,264.6,0.4546,3106472,0.148346
5759,260.0,19.0,262.4,0.4545,3107254,0.016612
5760,215.0,13.0,262.4,0.4544,3107723,0.168640
5761,560.0,23.0,265.8,0.4543,3108390,0.009022
5762,335.0,21.0,265.9,0.4542,3109079,0.004408
5763,640.0,29.0,271.1,0.4541,3110083,0.010876
5764,255.0,17.0,270.6,0.4540,3110665,0.016564
5765,110.0,10.0,268.8,0.4539,3111181,0.142204
5766,415.0,27.0,269.3,0.4538,3111898,0.005717
5767,190.0,13.0,268.1,0.4537,3112334,0.013269
5768,265.0,18.0,268.1,0.4537,3112937,0.005091
5769,280.0,18.0,267.9,0.4536,3113465,0.019973
5770,70.0,6.0,267.2,0.4535,3113739,0.008053
5771,315.0,21.0,268.6,0.4534,3114425,0.008580
5772,260.0,18.0,267.0,0.4533,3114873,0.010321
5773,720.0,23.0,273.1,0.4532,3115599,0.005797
5774,60.0,6.0,271.1,0.4531,3115889,0.008858
5775,470.0,28.0,272.8,0.4530,3116603,0.006628
5776,385.0,24.0,276.1,0.4529,3117305,0.005752
5777,105.0,8.0,276.6,0.4528,3117692,0.005330
5778,320.0,21.0,278.2,0.4527,3118337,0.006407
5779,95.0,8.0,278.5,0.4526,3118740,0.008399
5780,330.0,23.0,280.9,0.4525,3119422,0.142450
5781,310.0,19.0,283.2,0.4524,3120025,0.011753
5782,185.0,12.0,283.1,0.4523,3120458,0.006000
5783,415.0,26.0,284.1,0.4522,3121124,0.005318
5784,105.0,9.0,281.9,0.4521,3121600,0.008190
5785,155.0,12.0,280.8,0.4520,3122151,0.009351
5786,285.0,19.0,281.7,0.4519,3122762,0.008658
5787,185.0,14.0,281.4,0.4519,3123340,0.018738
5788,405.0,27.0,279.8,0.4518,3124014,0.008360
5789,215.0,16.0,278.9,0.4517,3124541,0.004657
5790,145.0,11.0,276.5,0.4516,3125024,0.008257
5791,290.0,21.0,277.2,0.4515,3125744,0.132235
5792,150.0,11.0,276.4,0.4514,3126132,0.011512
5793,250.0,15.0,276.6,0.4513,3126603,0.017518
5794,300.0,21.0,276.4,0.4512,3127425,0.002912
5795,330.0,20.0,278.9,0.4511,3128151,0.009091
5796,405.0,24.0,281.6,0.4510,3128821,0.006046
5797,240.0,15.0,280.4,0.4509,3129550,0.009542
5798,310.0,20.0,281.4,0.4508,3130071,0.010526
5799,235.0,17.0,281.5,0.4507,3130621,0.006892
5800,105.0,8.0,280.2,0.4506,3131014,0.014514
5801,315.0,21.0,281.6,0.4505,3132001,0.008340
5802,390.0,15.0,283.1,0.4504,3132584,0.005473
5803,200.0,15.0,282.8,0.4503,3133171,0.006092
5804,125.0,12.0,280.7,0.4502,3133596,0.006223
5805,350.0,23.0,280.1,0.4501,3134226,0.009003
5806,450.0,19.0,279.6,0.4501,3134995,0.005418
5807,145.0,14.0,278.8,0.4500,3135612,0.009750
5808,230.0,15.0,275.0,0.4499,3136294,0.008538
5809,225.0,16.0,271.2,0.4498,3136811,0.006494
5810,260.0,18.0,270.6,0.4497,3137482,0.003550
5811,175.0,14.0,270.5,0.4496,3137957,0.010738
5812,375.0,22.0,269.9,0.4495,3138521,0.005744
5813,110.0,10.0,265.1,0.4494,3138938,0.005611
5814,485.0,20.0,267.6,0.4493,3139788,0.012047
5815,155.0,13.0,268.0,0.4492,3140313,0.006819
5816,405.0,25.0,269.9,0.4491,3140985,0.013852
5817,60.0,7.0,265.7,0.4490,3141383,0.010093
5818,120.0,10.0,263.8,0.4489,3141845,0.005012
5819,435.0,27.0,266.7,0.4488,3142563,0.007445
5820,250.0,18.0,267.0,0.4487,3143225,0.006549
5821,315.0,22.0,266.4,0.4486,3143868,0.005409
5822,435.0,29.0,269.8,0.4485,3144725,0.015533
5823,45.0,3.0,267.1,0.4484,3145081,0.003280
5824,305.0,21.0,265.3,0.4483,3145678,0.007146
5825,160.0,11.0,260.7,0.4483,3146132,0.007420
5826,250.0,17.0,261.4,0.4482,3146769,0.006194
5827,85.0,8.0,260.8,0.4481,3147072,0.009002
5828,210.0,15.0,260.6,0.4480,3147627,0.009398
5829,465.0,20.0,263.4,0.4479,3148308,0.105345
5830,275.0,18.0,264.4,0.4478,3148979,0.004287
5831,135.0,12.0,263.9,0.4477,3149580,0.007441
5832,485.0,29.0,267.2,0.4476,3150459,0.006295
5833,285.0,19.0,267.3,0.4475,3151239,0.007475
5834,240.0,16.0,267.2,0.4474,3151735,0.007156
5835,195.0,15.0,265.6,0.4473,3152354,0.036026
5836,230.0,16.0,265.8,0.4472,3152940,0.127900
5837,105.0,9.0,264.9,0.4471,3153332,0.006483
5838,80.0,8.0,264.6,0.4470,3153663,0.004583
5839,180.0,13.0,263.5,0.4469,3154042,0.008789
5840,350.0,23.0,262.6,0.4468,3154697,0.012887
5841,55.0,5.0,259.9,0.4467,3154974,0.004596
5842,495.0,31.0,262.0,0.4466,3155797,0.087778
5843,115.0,11.0,260.8,0.4465,3156222,0.019052
5844,590.0,28.0,264.4,0.4465,3156951,0.009780
5845,140.0,14.0,263.7,0.4464,3157490,0.009617
5846,175.0,14.0,262.7,0.4463,3158015,0.024880
5847,520.0,22.0,266.4,0.4462,3158621,0.005253
5848,120.0,10.0,263.3,0.4461,3159098,0.011155
5849,175.0,13.0,259.4,0.4460,3159642,0.019269
5850,190.0,14.0,259.1,0.4459,3160346,0.015110
5851,200.0,15.0,259.7,0.4458,3161055,0.006258
5852,360.0,24.0,261.4,0.4457,3161695,0.073005
5853,180.0,13.0,261.2,0.4456,3162100,0.007199
5854,230.0,15.0,261.7,0.4455,3162592,0.007687
5855,290.0,18.0,262.1,0.4454,3163092,0.006898
5856,490.0,19.0,264.4,0.4453,3163643,0.004518
5857,310.0,22.0,265.2,0.4452,3164367,0.092375
5858,115.0,12.0,265.1,0.4451,3164927,0.004242
5859,110.0,12.0,263.6,0.4450,3165485,0.015128
5860,130.0,11.0,262.8,0.4449,3165957,0.073682
5861,575.0,25.0,262.9,0.4448,3166714,0.012494
5862,375.0,24.0,263.4,0.4447,3167406,0.011585
5863,280.0,19.0,259.8,0.4447,3168134,0.011952
5864,360.0,22.0,260.8,0.4446,3168879,0.007830
5865,260.0,18.0,262.3,0.4445,3169415,0.007826
5866,165.0,12.0,259.8,0.4444,3169934,0.140976
5867,180.0,15.0,259.7,0.4443,3170629,0.005242
5868,390.0,23.0,260.9,0.4442,3171349,0.010373
5869,215.0,13.0,260.3,0.4441,3171811,0.031853
5870,345.0,23.0,263.1,0.4440,3172423,0.011749
5871,210.0,12.0,262.0,0.4439,3172933,0.014349
5872,220.0,16.0,261.6,0.4438,3173698,0.004154
5873,130.0,11.0,255.7,0.4437,3174176,0.009240
5874,185.0,13.0,256.9,0.4436,3174610,0.109425
5875,80.0,7.0,253.1,0.4435,3174898,0.099680
5876,180.0,14.0,251.0,0.4434,3175349,0.010559
5877,100.0,8.0,250.9,0.4433,3175624,0.006234
5878,1100.0,34.0,258.8,0.4432,3176692,0.009186
5879,255.0,18.0,260.4,0.4431,3177338,0.007660
5880,295.0,21.0,260.0,0.4430,3178051,0.006209
5881,80.0,8.0,257.7,0.4429,3178525,0.004791
5882,175.0,13.0,257.6,0.4429,3179037,0.004999
5883,490.0,20.0,258.4,0.4428,3179725,0.003566
5884,235.0,16.0,259.6,0.4427,3180430,0.009698
5885,220.0,16.0,260.3,0.4426,3181206,0.010178
5886,500.0,22.0,262.4,0.4425,3181778,0.005871
5887,570.0,34.0,266.3,0.4424,3182853,0.011104
5888,230.0,17.0,264.6,0.4423,3183422,0.009052
5889,345.0,22.0,265.9,0.4422,3184195,0.004439
5890,360.0,22.0,268.0,0.4421,3184886,0.010907
5891,65.0,6.0,265.8,0.4420,3185349,0.093950
5892,250.0,18.0,266.8,0.4419,3186044,0.009193
5893,125.0,9.0,265.5,0.4418,3186481,0.014204
5894,345.0,22.0,265.9,0.4417,3187178,0.015879
5895,125.0,12.0,263.9,0.4416,3187671,0.009469
5896,70.0,7.0,260.6,0.4415,3188051,0.006571
5897,225.0,15.0,260.4,0.4414,3188539,0.005173
5898,225.0,14.0,259.6,0.4413,3189058,0.008558
5899,375.0,25.0,260.9,0.4412,3189782,0.005789
5900,330.0,22.0,263.2,0.4411,3190628,0.011127
5901,455.0,28.0,264.6,0.4411,3191343,0.014140
5902,100.0,8.0,261.7,0.4410,3191611,0.005457
5903,315.0,20.0,262.9,0.4409,3192242,0.014467
5904,180.0,14.0,263.4,0.4408,3192685,0.009676
5905,340.0,23.0,263.3,0.4407,3193392,0.004770
5906,310.0,20.0,261.9,0.4406,3194044,0.005720
5907,250.0,18.0,262.9,0.4405,3194725,0.010959
5908,115.0,10.0,261.8,0.4404,3195192,0.005419
5909,380.0,25.0,263.4,0.4403,3195904,0.010976
5910,185.0,15.0,262.6,0.4402,3196665,0.008606
5911,395.0,25.0,264.8,0.4401,3197291,0.008550
5912,265.0,17.0,263.7,0.4400,3197862,0.006938
5913,290.0,19.0,265.5,0.4399,3198471,0.005625
5914,65.0,6.0,261.3,0.4398,3198880,0.007148
5915,150.0,10.0,261.2,0.4397,3199253,0.002982
5916,105.0,8.0,258.2,0.4396,3199575,0.012796
5917,260.0,16.0,260.2,0.4395,3200087,0.007795
5918,120.0,12.0,260.2,0.4394,3200652,0.032429
5919,200.0,14.0,257.9,0.4393,3201199,0.017184
5920,325.0,22.0,258.6,0.4393,3201861,0.013886
5921,165.0,12.0,257.1,0.4392,3202239,0.007066
5922,365.0,24.0,256.4,0.4391,3202918,0.005139
5923,165.0,12.0,257.6,0.4390,3203379,0.126479
5924,120.0,10.0,255.8,0.4389,3203804,0.007974
5925,185.0,13.0,256.1,0.4388,3204218,0.092100
5926,135.0,12.0,254.9,0.4387,3204685,0.006222
5927,270.0,20.0,256.8,0.4386,3205350,0.015247
5928,260.0,16.0,257.2,0.4385,3205839,0.011992
5929,310.0,20.0,255.7,0.4384,3206381,0.009970
5930,330.0,21.0,256.2,0.4383,3206971,0.005858
5931,125.0,9.0,256.1,0.4382,3207265,0.008805
5932,335.0,21.0,254.7,0.4381,3207923,0.004845
5933,75.0,6.0,252.6,0.4380,3208207,0.005571
5934,110.0,8.0,251.2,0.4379,3208599,0.002524
5935,550.0,23.0,254.8,0.4378,3209308,0.012255
5936,285.0,21.0,255.3,0.4377,3209953,0.006062
5937,260.0,18.0,256.9,0.4376,3210556,0.093607
5938,395.0,25.0,260.1,0.4375,3211218,0.008536
5939,180.0,14.0,260.1,0.4375,3211674,0.003702
5940,245.0,17.0,259.0,0.4374,3212408,0.008614
5941,435.0,28.0,262.8,0.4373,3213138,0.011086
5942,100.0,8.0,258.9,0.4372,3213424,0.126670
5943,235.0,17.0,260.1,0.4371,3213964,0.006076
5944,215.0,15.0,256.3,0.4370,3214467,0.009423
5945,630.0,29.0,261.2,0.4369,3215384,0.006732
5946,250.0,18.0,261.9,0.4368,3215902,0.088576
5947,230.0,15.0,259.1,0.4367,3216306,0.005491
5948,105.0,8.0,258.9,0.4366,3216692,0.007270
5949,170.0,12.0,258.9,0.4365,3217166,0.007906
5950,180.0,13.0,258.8,0.4364,3217719,0.006546
5951,310.0,20.0,259.9,0.4363,3218352,0.006556
5952,115.0,10.0,257.4,0.4362,3218721,0.008607
5953,350.0,22.0,259.1,0.4361,3219408,0.005992
5954,230.0,16.0,259.1,0.4360,3219947,0.012180
5955,125.0,9.0,257.4,0.4359,3220238,0.011020
5956,310.0,20.0,255.7,0.4358,3220796,0.007000
5957,250.0,17.0,255.1,0.4357,3221414,0.007182
5958,385.0,16.0,257.8,0.4357,3222147,0.008077
5959,150.0,11.0,258.1,0.4356,3222657,0.009791
5960,80.0,7.0,257.6,0.4355,3222939,0.011237
5961,310.0,22.0,255.0,0.4354,3223571,0.008902
5962,285.0,19.0,254.1,0.4353,3224287,0.007227
5963,505.0,30.0,256.4,0.4352,3225136,0.015213
5964,305.0,21.0,255.8,0.4351,3225859,0.014885
5965,160.0,11.0,254.8,0.4350,3226359,0.011154
5966,155.0,10.0,254.7,0.4349,3226737,0.011516
5967,300.0,21.0,255.9,0.4348,3227393,0.006052
5968,125.0,9.0,253.2,0.4347,3227777,0.010599
5969,180.0,14.0,252.9,0.4346,3228149,0.015213
5970,105.0,8.0,250.5,0.4345,3228636,0.005127
5971,290.0,20.0,251.3,0.4344,3229308,0.008806
5972,330.0,20.0,252.4,0.4343,3229978,0.009080
5973,210.0,15.0,253.2,0.4342,3230453,0.004600
5974,305.0,21.0,254.4,0.4341,3231184,0.004257
5975,245.0,19.0,256.1,0.4340,3231737,0.008748
5976,265.0,18.0,256.9,0.4339,3232371,0.007775
5977,330.0,22.0,259.2,0.4339,3232973,0.005478
5978,105.0,8.0,249.2,0.4338,3233311,0.006254
5979,390.0,23.0,250.6,0.4337,3233987,0.010085
5980,375.0,22.0,251.4,0.4336,3234648,0.003854
5981,65.0,7.0,251.2,0.4335,3235030,0.006651
5982,205.0,17.0,251.6,0.4334,3235690,0.085129
5983,360.0,24.0,250.2,0.4333,3236356,0.009473
5984,290.0,21.0,250.8,0.4332,3236974,0.233954
5985,225.0,16.0,250.8,0.4331,3237600,0.006567
5986,185.0,15.0,247.7,0.4330,3238118,0.004852
5987,215.0,16.0,244.2,0.4329,3238777,0.021793
5988,400.0,27.0,245.8,0.4328,3239598,0.009776
5989,295.0,20.0,245.3,0.4327,3240168,0.010231
5990,200.0,15.0,243.8,0.4326,3240712,0.010167
5991,205.0,14.0,245.2,0.4325,3241491,0.007367
5992,585.0,28.0,248.5,0.4324,3242462,0.010265
5993,175.0,14.0,249.0,0.4323,3243060,0.007176
5994,200.0,14.0,247.6,0.4322,3243599,0.007161
5995,185.0,13.0,248.2,0.4321,3243990,0.015949
5996,140.0,11.0,248.8,0.4321,3244397,0.013716
5997,360.0,24.0,250.2,0.4320,3245096,0.019086
5998,185.0,13.0,249.8,0.4319,3245589,0.019683
5999,530.0,21.0,251.3,0.4318,3246235,0.151336
6000,350.0,23.0,251.6,0.4317,3246830,0.007138
6001,80.0,7.0,247.8,0.4316,3247187,0.005796
6002,250.0,17.0,249.3,0.4315,3248009,0.005638
6003,135.0,11.0,247.5,0.4314,3248381,0.009195
6004,170.0,14.0,247.4,0.4313,3248990,0.003768
6005,195.0,13.0,245.9,0.4312,3249425,0.021275
6006,285.0,19.0,245.7,0.4311,3249970,0.022711
6007,225.0,15.0,245.4,0.4310,3250498,0.010847
6008,220.0,16.0,246.5,0.4309,3250968,0.009887
6009,370.0,22.0,246.4,0.4308,3251594,0.017481
6010,320.0,22.0,247.8,0.4307,3252262,0.018053
6011,255.0,15.0,246.3,0.4306,3252776,0.006403
6012,230.0,16.0,246.0,0.4305,3253275,0.006547
6013,185.0,14.0,244.9,0.4304,3253880,0.012021
6014,140.0,11.0,245.7,0.4303,3254459,0.011417
6015,270.0,19.0,246.9,0.4303,3255071,0.005272
6016,250.0,15.0,248.3,0.4302,3255574,0.008021
6017,240.0,15.0,248.2,0.4301,3256078,0.024947
6018,290.0,20.0,249.8,0.4300,3256683,0.008238
6019,220.0,16.0,250.1,0.4299,3257115,0.008473
6020,515.0,23.0,251.9,0.4298,3257767,0.008779
6021,345.0,22.0,253.8,0.4297,3258409,0.013637
6022,200.0,14.0,252.1,0.4296,3258907,0.009014
6023,205.0,14.0,252.5,0.4295,3259295,0.009696
6024,215.0,15.0,253.4,0.4294,3259810,0.150020
6025,215.0,16.0,253.8,0.4293,3260319,0.018489
6026,365.0,24.0,256.1,0.4292,3261011,0.007547
6027,475.0,18.0,258.1,0.4291,3261735,0.009614
6028,275.0,18.0,258.2,0.4290,3262442,0.013114
6029,530.0,32.0,260.4,0.4289,3263398,0.009101
6030,205.0,16.0,259.2,0.4288,3263980,0.010474
6031,185.0,16.0,259.8,0.4287,3264656,0.010233
6032,235.0,16.0,258.8,0.4286,3265321,0.008445
6033,215.0,14.0,260.2,0.4285,3265910,0.006135
6034,170.0,12.0,260.8,0.4285,3266291,0.002750
6035,90.0,8.0,256.2,0.4284,3266738,0.039103
6036,315.0,20.0,256.5,0.4283,3267438,0.011716
6037,155.0,12.0,255.4,0.4282,3267864,0.006217
6038,200.0,14.0,253.5,0.4281,3268528,0.008759
6039,255.0,19.0,254.2,0.4280,3269192,0.087120
6040,235.0,16.0,254.2,0.4279,3269620,0.015901
6041,110.0,9.0,250.9,0.4278,3270024,0.011805
6042,350.0,23.0,253.4,0.4277,3270671,0.015923
6043,245.0,18.0,253.5,0.4276,3271269,0.011158
6044,300.0,19.0,254.3,0.4275,3271958,0.009605
6045,320.0,22.0,251.2,0.4274,3272632,0.013791
6046,420.0,25.0,252.9,0.4273,3273358,0.008061
6047,440.0,18.0,255.1,0.4272,3274187,0.008491
6048,170.0,12.0,255.7,0.4271,3274630,0.013297
6049,270.0,20.0,256.7,0.4270,3275200,0.017043
6050,190.0,14.0,256.8,0.4269,3275762,0.143186
6051,200.0,17.0,255.7,0.4268,3276276,0.009758
6052,265.0,20.0,257.2,0.4267,3276872,0.011271
6053,270.0,20.0,256.4,0.4267,3277572,0.005514
6054,170.0,12.0,255.8,0.4266,3277982,0.008591
6055,35.0,4.0,254.9,0.4265,3278254,0.069630
6056,170.0,14.0,253.5,0.4264,3278899,0.007115
6057,385.0,23.0,254.8,0.4263,3279576,0.003412
6058,245.0,19.0,253.4,0.4262,3280195,0.009378
6059,170.0,13.0,253.7,0.4261,3280673,0.009609
6060,235.0,17.0,255.2,0.4260,3281274,0.007073
6061,525.0,22.0,257.4,0.4259,3281935,0.009828
6062,170.0,13.0,256.2,0.4258,3282496,0.006268
6063,200.0,15.0,253.2,0.4257,3283122,0.013155
6064,470.0,28.0,254.8,0.4256,3283880,0.007325
6065,290.0,20.0,256.1,0.4255,3284519,0.012083
6066,395.0,24.0,258.5,0.4254,3285250,0.098474
6067,185.0,13.0,257.4,0.4253,3285666,0.013499
6068,110.0,10.0,257.2,0.4252,3286065,0.015035
6069,350.0,23.0,258.9,0.4251,3286703,0.090886
6070,325.0,22.0,261.1,0.4250,3287393,0.007282
6071,365.0,22.0,261.9,0.4249,3287968,0.018882
6072,215.0,17.0,260.7,0.4249,3288528,0.016456
6073,460.0,29.0,263.2,0.4248,3289175,0.190927
6074,365.0,22.0,263.8,0.4247,3289840,0.005064
6075,365.0,24.0,265.0,0.4246,3290503,0.012538
6076,460.0,19.0,266.9,0.4245,3291172,0.005815
6077,385.0,25.0,267.5,0.4244,3291818,0.144975
6078,565.0,26.0,272.1,0.4243,3292521,0.082690
6079,330.0,22.0,271.5,0.4242,3293150,0.005062
6080,600.0,28.0,273.8,0.4241,3293974,0.018182
6081,275.0,19.0,275.9,0.4240,3294667,0.021130
6082,235.0,16.0,276.1,0.4239,3295216,0.018382
6083,370.0,25.0,276.2,0.4238,3295911,0.009741
6084,630.0,28.0,279.6,0.4237,3296524,0.160060
6085,305.0,21.0,280.4,0.4236,3297183,0.005759
6086,335.0,23.0,281.9,0.4235,3297813,0.004724
6087,80.0,7.0,280.6,0.4234,3298080,0.006144
6088,80.0,7.0,277.4,0.4233,3298372,0.007496
6089,305.0,20.0,277.5,0.4232,3298865,0.025579
6090,155.0,12.0,277.1,0.4231,3299228,0.005036
6091,480.0,21.0,279.8,0.4231,3300024,0.007043
6092,280.0,20.0,276.8,0.4230,3300654,0.192260
6093,210.0,16.0,277.1,0.4229,3301187,0.012436
6094,240.0,15.0,277.5,0.4228,3301671,0.010213
6095,250.0,17.0,278.1,0.4227,3302426,0.009359
6096,460.0,29.0,281.4,0.4226,3303409,0.008779
6097,610.0,27.0,283.9,0.4225,3304121,0.004949
6098,240.0,15.0,284.4,0.4224,3304617,0.005214
6099,405.0,27.0,283.1,0.4223,3305468,0.004609
6100,240.0,17.0,282.1,0.4222,3305991,0.009431
6101,220.0,16.0,283.4,0.4221,3306705,0.108541
6102,245.0,17.0,283.4,0.4220,3307152,0.007742
6103,210.0,15.0,284.1,0.4219,3307636,0.096150
6104,445.0,29.0,286.9,0.4218,3308563,0.059391
6105,60.0,6.0,285.6,0.4217,3308857,0.010015
6106,305.0,22.0,285.8,0.4216,3309590,0.009342
6107,640.0,28.0,289.9,0.4215,3310240,0.016012
6108,295.0,20.0,290.6,0.4214,3310926,0.008289
6109,185.0,13.0,288.8,0.4213,3311334,0.012976
6110,175.0,13.0,287.4,0.4213,3311864,0.006999
6111,460.0,28.0,289.4,0.4212,3312520,0.015874
6112,165.0,14.0,288.8,0.4211,3313044,0.033584
6113,225.0,14.0,289.1,0.4210,3313517,0.009563
6114,350.0,23.0,291.2,0.4209,3314226,0.006732
6115,180.0,14.0,290.4,0.4208,3314815,0.095214
6116,295.0,20.0,290.8,0.4207,3315481,0.014309
6117,215.0,15.0,290.6,0.4206,3315995,0.017306
6118,240.0,15.0,290.1,0.4205,3316371,0.006284
6119,85.0,8.0,288.7,0.4204,3316745,0.004471
6120,345.0,23.0,287.0,0.4203,3317469,0.019676
6121,400.0,27.0,287.6,0.4202,3318190,0.005898
6122,195.0,13.0,287.5,0.4201,3318668,0.006960
6123,585.0,27.0,291.3,0.4200,3319377,0.154443
6124,345.0,22.0,292.6,0.4199,3320022,0.008202
6125,125.0,9.0,291.7,0.4198,3320324,0.006207
6126,115.0,10.0,289.2,0.4197,3320782,0.012556
6127,260.0,19.0,287.1,0.4196,3321366,0.015211
6128,505.0,22.0,289.4,0.4195,3322008,0.016930
6129,270.0,19.0,286.8,0.4195,3322660,0.012153
6130,290.0,19.0,287.6,0.4194,3323326,0.007053
6131,245.0,18.0,288.2,0.4193,3323878,0.005014
6132,230.0,17.0,288.1,0.4192,3324319,0.010935
6133,340.0,22.0,289.4,0.4191,3324933,0.009685
6134,185.0,13.0,289.6,0.4190,3325359,0.006213
6135,270.0,17.0,291.4,0.4189,3325899,0.004703
6136,410.0,26.0,292.3,0.4188,3326547,0.005889
6137,370.0,26.0,294.4,0.4187,3327280,0.008296
6138,30.0,4.0,292.8,0.4186,3327638,0.005187
6139,480.0,30.0,295.0,0.4185,3328461,0.118823
6140,390.0,23.0,296.6,0.4184,3329058,0.006695
6141,615.0,28.0,301.6,0.4183,3329879,0.013285
6142,600.0,28.0,304.1,0.4182,3330736,0.015844
6143,255.0,18.0,304.2,0.4181,3331395,0.007352
6144,160.0,11.0,302.8,0.4180,3331954,0.007212
6145,305.0,20.0,302.6,0.4179,3332587,0.011502
6146,345.0,23.0,301.9,0.4178,3333252,0.006506
6147,420.0,28.0,301.7,0.4177,3334269,0.013603
6148,135.0,11.0,301.4,0.4177,3334634,0.008222
6149,155.0,14.0,300.2,0.4176,3335293,0.003972
6150,230.0,17.0,300.6,0.4175,3335894,0.155397
6151,495.0,29.0,303.6,0.4174,3336694,0.004489
6152,265.0,19.0,303.6,0.4173,3337223,0.010023
6153,195.0,15.0,302.8,0.4172,3337686,0.008705
6154,215.0,16.0,303.2,0.4171,3338525,0.009587
6155,195.0,16.0,304.9,0.4170,3339116,0.145332
6156,295.0,19.0,306.1,0.4169,3339669,0.010477
6157,175.0,14.0,304.0,0.4168,3340129,0.015172
6158,285.0,20.0,304.4,0.4167,3340744,0.019731
6159,500.0,20.0,307.7,0.4166,3341410,0.012817
6160,180.0,14.0,307.1,0.4165,3341929,0.155739
6161,445.0,29.0,306.4,0.4164,3342927,0.007427
6162,285.0,17.0,307.5,0.4163,3343507,0.061095
6163,170.0,14.0,307.2,0.4162,3343893,0.009147
6164,185.0,14.0,304.4,0.4161,3344408,0.003482
6165,415.0,28.0,305.6,0.4160,3345079,0.059353
6166,525.0,22.0,306.9,0.4159,3345732,0.006210
6167,250.0,18.0,307.6,0.4159,3346321,0.014166
6168,470.0,30.0,311.1,0.4158,3347134,0.011263
6169,230.0,18.0,309.9,0.4157,3347822,0.005868
6170,350.0,25.0,310.2,0.4156,3348491,0.028971
6171,180.0,13.0,308.4,0.4155,3348956,0.006443
6172,260.0,16.0,308.8,0.4154,3349424,0.008621
6173,360.0,24.0,307.8,0.4153,3349979,0.031899
6174,325.0,20.0,307.4,0.4152,3350671,0.004949
6175,385.0,24.0,307.6,0.4151,3351362,0.008046
6176,330.0,23.0,306.3,0.4150,3352002,0.005319
6177,285.0,19.0,305.3,0.4149,3352597,0.006906
6178,110.0,9.0,300.8,0.4148,3353053,0.004824
6179,310.0,22.0,300.6,0.4147,3353757,0.003353
6180,215.0,16.0,296.7,0.4146,3354307,0.004983
6181,420.0,28.0,298.1,0.4145,3355311,0.014405
6182,290.0,21.0,298.7,0.4144,3355943,0.020566
6183,225.0,15.0,297.2,0.4143,3356523,0.105790
6184,190.0,17.0,292.9,0.4142,3357112,0.011323
6185,440.0,27.0,294.2,0.4141,3357711,0.006556
6186,390.0,23.0,294.8,0.4141,3358329,0.012553
6187,325.0,23.0,297.2,0.4140,3358934,0.004566
6188,225.0,16.0,298.6,0.4139,3359625,0.010158
6189,365.0,24.0,299.2,0.4138,3360280,0.009375
6190,505.0,31.0,302.8,0.4137,3361237,0.009813
6191,220.0,14.0,300.1,0.4136,3361866,0.010152
6192,260.0,19.0,299.9,0.4135,3362485,0.021826
6193,155.0,12.0,299.4,0.4134,3362870,0.006128
6194,205.0,16.0,299.1,0.4133,3363384,0.015812
6195,190.0,11.0,298.4,0.4132,3363749,0.012527
6196,160.0,13.0,295.4,0.4131,3364156,0.005133
6197,275.0,18.0,292.1,0.4130,3364662,0.004105
6198,195.0,14.0,291.6,0.4129,3365099,0.013296
6199,505.0,31.0,292.6,0.4128,3366091,0.006358
6200,360.0,15.0,293.9,0.4127,3366713,0.017900
6201,280.0,19.0,294.4,0.4126,3367409,0.008202
6202,305.0,20.0,295.1,0.4125,3368204,0.003764
6203,325.0,22.0,296.2,0.4124,3368897,0.004928
6204,190.0,14.0,293.6,0.4123,3369345,0.008757
6205,270.0,19.0,295.8,0.4123,3369972,0.158169
6206,265.0,17.0,295.4,0.4122,3370653,0.008906
6207,195.0,15.0,290.9,0.4121,3371123,0.013348
6208,250.0,19.0,290.4,0.4120,3371726,0.014573
6209,155.0,14.0,290.1,0.4119,3372243,0.007000
6210,270.0,18.0,291.1,0.4118,3372865,0.008543
6211,130.0,11.0,287.8,0.4117,3373243,0.014772
6212,265.0,21.0,288.8,0.4116,3373893,0.018257
6213,490.0,21.0,291.4,0.4115,3374574,0.122767
6214,285.0,19.0,290.8,0.4114,3375136,0.153682
6215,250.0,16.0,291.5,0.4113,3375678,0.010950
6216,340.0,22.0,291.9,0.4112,3376392,0.013044
6217,155.0,10.0,291.4,0.4111,3376719,0.011474
6218,355.0,24.0,292.5,0.4110,3377499,0.012650
6219,295.0,19.0,294.6,0.4109,3378014,0.007140
6220,475.0,30.0,295.9,0.4108,3378838,0.008482
6221,400.0,27.0,295.9,0.4107,3379659,0.066513
6222,180.0,11.0,295.8,0.4106,3380144,0.010635
6223,715.0,33.0,297.1,0.4105,3381135,0.013545
6224,365.0,24.0,297.2,0.4105,3381797,0.006954
6225,225.0,17.0,298.2,0.4104,3382367,0.007163
6226,185.0,15.0,298.9,0.4103,3382852,0.009349
6227,475.0,30.0,301.1,0.4102,3383808,0.061070
6228,205.0,17.0,298.1,0.4101,3384401,0.074259
6229,200.0,18.0,297.4,0.4100,3385117,0.007867
6230,160.0,12.0,296.1,0.4099,3385491,0.026313
6231,225.0,14.0,295.9,0.4098,3385960,0.012485
6232,155.0,10.0,295.1,0.4097,3386337,0.012642
6233,275.0,21.0,294.5,0.4096,3386954,0.009281
6234,510.0,25.0,297.8,0.4095,3387700,0.010553
6235,510.0,23.0,300.1,0.4094,3388440,0.005233
6236,235.0,19.0,298.4,0.4093,3388999,0.010397
6237,225.0,17.0,296.9,0.4092,3389729,0.009517
6238,425.0,28.0,300.9,0.4091,3390689,0.065902
6239,365.0,25.0,299.8,0.4090,3391410,0.007703
6240,110.0,9.0,296.9,0.4089,3391810,0.008685
6241,290.0,19.0,293.7,0.4088,3392395,0.014634
6242,100.0,7.0,288.7,0.4087,3392735,0.005034
6243,420.0,27.0,290.4,0.4087,3393577,0.015209
6244,190.0,14.0,290.6,0.4086,3393968,0.018077
6245,320.0,22.0,290.8,0.4085,3394664,0.009238
6246,215.0,16.0,289.5,0.4084,3395144,0.177267
6247,255.0,16.0,287.9,0.4083,3395524,0.005063
6248,305.0,20.0,289.6,0.4082,3396224,0.010109
6249,90.0,8.0,288.9,0.4081,3396683,0.007666
6250,170.0,12.0,288.3,0.4080,3397192,0.006746
6251,265.0,19.0,286.0,0.4079,3397711,0.010895
6252,280.0,19.0,286.1,0.4078,3398236,0.008059
6253,345.0,21.0,287.6,0.4077,3398942,0.009306
6254,365.0,24.0,289.1,0.4076,3399641,0.012926
6255,240.0,17.0,289.6,0.4075,3400095,0.013126
6256,335.0,23.0,290.0,0.4074,3400899,0.007600
6257,285.0,17.0,291.1,0.4073,3401536,0.006757
6258,235.0,15.0,290.6,0.4072,3402063,0.008345
6259,130.0,11.0,286.9,0.4071,3402513,0.007600
6260,140.0,12.0,286.5,0.4070,3403025,0.027785
6261,210.0,14.0,284.1,0.4069,3403416,0.144148
6262,375.0,26.0,285.1,0.4069,3404132,0.012829
6263,340.0,22.0,286.8,0.4068,3404948,0.015655
6264,530.0,23.0,290.2,0.4067,3405607,0.009248
6265,280.0,19.0,288.9,0.4066,3406369,0.010526
6266,430.0,28.0,287.9,0.4065,3407243,0.009205
6267,430.0,17.0,289.7,0.4064,3407949,0.011521
6268,105.0,8.0,286.1,0.4063,3408282,0.005515
6269,495.0,20.0,288.7,0.4062,3408909,0.010635
6270,235.0,18.0,287.6,0.4061,3409373,0.066206
6271,225.0,20.0,288.0,0.4060,3410106,0.016867
6272,290.0,20.0,288.3,0.4059,3410852,0.014966
6273,335.0,24.0,288.1,0.4058,3411547,0.007373
6274,245.0,19.0,287.2,0.4057,3412177,0.012070
6275,310.0,22.0,286.5,0.4056,3412881,0.022341
6276,130.0,11.0,284.5,0.4055,3413317,0.006734
6277,170.0,12.0,283.4,0.4054,3413800,0.006899
6278,380.0,26.0,286.1,0.4053,3414455,0.008293
6279,210.0,15.0,285.1,0.4052,3414907,0.009859
6280,175.0,13.0,284.6,0.4051,3415359,0.121074
6281,365.0,26.0,284.1,0.4051,3416169,0.004349
6282,465.0,21.0,285.9,0.4050,3416784,0.020176
6283,225.0,16.0,285.9,0.4049,3417284,0.012024
6284,295.0,19.0,286.9,0.4048,3417875,0.005338
6285,190.0,14.0,284.4,0.4047,3418401,0.007610
6286,155.0,13.0,282.1,0.4046,3418806,0.014116
6287,195.0,15.0,280.8,0.4045,3419272,0.013378
6288,310.0,22.0,281.6,0.4044,3419963,0.009734
6289,245.0,17.0,280.4,0.4043,3420474,0.008019
6290,210.0,13.0,277.4,0.4042,3421039,0.006477
6291,245.0,17.0,277.7,0.4041,3421596,0.019637
6292,400.0,26.0,279.1,0.4040,3422236,0.009019
6293,155.0,12.0,279.1,0.4039,3422699,0.097611
6294,375.0,24.0,280.8,0.4038,3423360,0.012840
6295,290.0,22.0,281.8,0.4037,3424043,0.010627
6296,365.0,24.0,283.9,0.4036,3424654,0.019567
6297,500.0,23.0,286.1,0.4035,3425526,0.007789
6298,425.0,28.0,288.4,0.4034,3426468,0.146903
6299,205.0,16.0,285.4,0.4033,3426999,0.009510
6300,155.0,13.0,283.4,0.4033,3427601,0.007677
6301,370.0,23.0,284.2,0.4032,3428343,0.011427
6302,215.0,18.0,283.4,0.4031,3428904,0.006179
6303,290.0,19.0,283.0,0.4030,3429513,0.010485
6304,270.0,18.0,283.8,0.4029,3430168,0.012741
6305,315.0,23.0,284.2,0.4028,3430905,0.007368
6306,130.0,9.0,282.9,0.4027,3431328,0.012931
6307,215.0,14.0,283.1,0.4026,3431752,0.032776
6308,425.0,26.0,284.9,0.4025,3432449,0.011587
6309,630.0,28.0,289.6,0.4024,3432999,0.006665
6310,235.0,16.0,289.2,0.4023,3433536,0.011326
6311,135.0,9.0,289.3,0.4022,3434013,0.037536
6312,335.0,22.0,290.0,0.4021,3434643,0.089801
6313,150.0,11.0,286.6,0.4020,3435055,0.005865
6314,375.0,24.0,287.5,0.4019,3435718,0.012568
6315,350.0,22.0,288.5,0.4018,3436392,0.006912
6316,210.0,14.0,287.2,0.4017,3436850,0.010910
6317,380.0,24.0,289.4,0.4016,3437512,0.010286
6318,525.0,23.0,291.1,0.4015,3438298,0.005803
6319,155.0,14.0,289.8,0.4015,3438827,0.006724
6320,365.0,23.0,288.6,0.4014,3439457,0.023088
6321,630.0,29.0,290.9,0.4013,3440360,0.008631
6322,35.0,4.0,289.5,0.4012,3440760,0.032368
6323,130.0,11.0,283.6,0.4011,3441136,0.024190
6324,300.0,19.0,283.0,0.4010,3441713,0.007988
6325,175.0,12.0,282.5,0.4009,3442189,0.173502
6326,425.0,19.0,284.9,0.4008,3442865,0.007201
6327,285.0,20.0,283.0,0.4007,3443375,0.095340
6328,285.0,19.0,283.8,0.4006,3443878,0.007774
6329,190.0,14.0,283.7,0.4005,3444284,0.010704
6330,400.0,27.0,286.1,0.4004,3445108,0.028218
6331,310.0,22.0,286.9,0.4003,3445924,0.009412
6332,230.0,19.0,287.7,0.4002,3446444,0.007478
6333,320.0,21.0,288.1,0.4001,3447100,0.007616
6334,455.0,19.0,287.6,0.4000,3447743,0.010430
6335,355.0,25.0,286.1,0.3999,3448436,0.004375
6336,460.0,30.0,288.3,0.3998,3449193,0.005330
6337,240.0,18.0,288.4,0.3997,3449719,0.011421
6338,265.0,18.0,286.9,0.3997,3450313,0.025181
6339,445.0,29.0,287.6,0.3996,3451042,0.156602
6340,410.0,18.0,290.6,0.3995,3451638,0.012985
6341,200.0,17.0,289.8,0.3994,3452207,0.012541
6342,490.0,31.0,293.6,0.3993,3452966,0.098272
6343,385.0,27.0,293.3,0.3992,3453786,0.007071
6344,770.0,35.0,299.1,0.3991,3454643,0.009503
6345,160.0,12.0,297.5,0.3990,3455054,0.103185
6346,215.0,15.0,297.5,0.3989,3455569,0.020664
6347,580.0,28.0,300.8,0.3988,3456237,0.004787
6348,260.0,19.0,300.3,0.3987,3456735,0.009684
6349,90.0,10.0,300.3,0.3986,3457178,0.005291
6350,435.0,29.0,302.9,0.3985,3458031,0.014464
6351,290.0,19.0,303.2,0.3984,3458587,0.005836
6352,215.0,17.0,302.6,0.3983,3459206,0.018074
6353,240.0,17.0,301.5,0.3982,3459806,0.010794
6354,270.0,19.0,300.6,0.3981,3460392,0.009908
6355,475.0,21.0,302.9,0.3980,3461109,0.005611
6356,315.0,22.0,302.7,0.3979,3461710,0.015019
6357,285.0,20.0,302.7,0.3979,3462340,0.010574
6358,155.0,12.0,301.9,0.3978,3462727,0.013325
6359,260.0,18.0,303.2,0.3977,3463381,0.013095
6360,165.0,12.0,303.4,0.3976,3463862,0.009858
6361,470.0,28.0,306.1,0.3975,3464619,0.003264
6362,95.0,7.0,303.2,0.3974,3465058,0.003050
6363,295.0,22.0,302.8,0.3973,3465548,0.003701
6364,715.0,33.0,304.6,0.3972,3466474,0.013108
6365,155.0,10.0,303.4,0.3971,3466761,0.011001
6366,85.0,7.0,299.9,0.3970,3467080,0.007787
6367,370.0,25.0,299.4,0.3969,3467881,0.028183
6368,285.0,21.0,301.1,0.3968,3468522,0.013684
6369,135.0,11.0,297.6,0.3967,3469119,0.009207
6370,390.0,24.0,299.1,0.3966,3469828,0.010858
6371,215.0,17.0,299.0,0.3965,3470413,0.100178
6372,245.0,18.0,298.6,0.3964,3470968,0.009524
6373,590.0,26.0,301.1,0.3963,3471678,0.005803
6374,480.0,30.0,303.4,0.3962,3472592,0.010624
6375,435.0,29.0,304.7,0.3961,3473514,0.015243
6376,425.0,28.0,307.6,0.3961,3474486,0.005510
6377,210.0,15.0,308.1,0.3960,3474961,0.017536
6378,105.0,8.0,305.3,0.3959,3475371,0.012152
6379,470.0,28.0,307.9,0.3958,3476113,0.007371
6380,285.0,17.0,309.0,0.3957,3476642,0.011264
6381,190.0,13.0,307.2,0.3956,3477306,0.007758
6382,545.0,33.0,308.1,0.3955,3478168,0.017337
6383,140.0,10.0,307.2,0.3954,3478572,0.016850
6384,230.0,15.0,306.6,0.3953,3479043,0.009405
6385,495.0,30.0,309.6,0.3952,3479893,0.013729
6386,335.0,23.0,311.4,0.3951,3480613,0.027578
6387,215.0,16.0,311.6,0.3950,3481113,0.098458
6388,290.0,21.0,311.4,0.3949,3481896,0.005655
6389,390.0,26.0,312.9,0.3948,3482625,0.011010
6390,320.0,23.0,313.9,0.3947,3483294,0.010485
6391,285.0,19.0,314.4,0.3946,3483756,0.022318
6392,235.0,15.0,312.7,0.3945,3484224,0.017295
6393,260.0,16.0,313.8,0.3944,3484659,0.020133
6394,45.0,5.0,310.4,0.3943,3484944,0.009638
6395,170.0,14.0,309.2,0.3943,3485445,0.013240
6396,205.0,16.0,307.6,0.3942,3485953,0.005906
6397,255.0,19.0,305.2,0.3941,3486577,0.007710
6398,230.0,15.0,303.2,0.3940,3487080,0.006241
6399,150.0,12.0,302.7,0.3939,3487469,0.010748
6400,260.0,16.0,303.8,0.3938,3487948,0.013604
6401,115.0,12.0,301.2,0.3937,3488410,0.007085
6402,260.0,18.0,301.6,0.3936,3488947,0.011642
6403,575.0,34.0,304.5,0.3935,3489713,0.010222
6404,315.0,23.0,304.9,0.3934,3490385,0.011824
6405,355.0,23.0,305.4,0.3933,3491054,0.013802
6406,375.0,24.0,307.8,0.3932,3491701,0.004954
6407,495.0,31.0,310.6,0.3931,3492515,0.018617
6408,210.0,15.0,308.4,0.3930,3493040,0.024736
6409,160.0,12.0,303.8,0.3929,3493454,0.033814
6410,250.0,17.0,303.9,0.3928,3494062,0.008317
6411,585.0,34.0,308.4,0.3927,3495140,0.019569
6412,415.0,26.0,309.2,0.3926,3495843,0.017296
6413,270.0,22.0,310.4,0.3925,3496533,0.034283
6414,260.0,19.0,309.2,0.3925,3497209,0.011576
6415,75.0,6.0,306.5,0.3924,3497581,0.010771
6416,285.0,19.0,307.2,0.3923,3498173,0.013845
6417,255.0,19.0,306.0,0.3922,3498789,0.016742
6418,240.0,17.0,303.1,0.3921,3499393,0.008481
6419,425.0,27.0,305.9,0.3920,3500127,0.018143
6420,130.0,10.0,303.5,0.3919,3500652,0.004768
6421,175.0,13.0,298.9,0.3918,3501107,0.007499
6422,490.0,21.0,303.5,0.3917,3501815,0.011096
6423,260.0,21.0,304.8,0.3916,3502497,0.015650
6424,145.0,11.0,303.2,0.3915,3502930,0.018170
6425,140.0,11.0,302.9,0.3914,3503474,0.012407
6426,140.0,11.0,300.1,0.3913,3503926,0.005362
6427,365.0,23.0,300.9,0.3912,3504635,0.012935
6428,170.0,13.0,299.7,0.3911,3505258,0.026005
6429,270.0,19.0,300.5,0.3910,3505900,0.105989
6430,180.0,12.0,298.3,0.3909,3506309,0.016158
6431,265.0,19.0,297.9,0.3908,3507071,0.004842
6432,200.0,14.0,297.6,0.3907,3507558,0.011610
6433,220.0,17.0,296.6,0.3907,3508069,0.003833
6434,185.0,15.0,293.9,0.3906,3508661,0.009150
6435,220.0,14.0,292.5,0.3905,3509196,0.006851
6436,210.0,16.0,290.0,0.3904,3509752,0.058357
6437,170.0,14.0,289.3,0.3903,3510277,0.019015
6438,185.0,16.0,288.5,0.3902,3510993,0.017430
6439,335.0,23.0,287.4,0.3901,3511579,0.010643
6440,175.0,13.0,285.1,0.3900,3512093,0.008582
6441,310.0,20.0,286.1,0.3899,3512898,0.015035
6442,220.0,17.0,283.4,0.3898,3513462,0.018803
6443,305.0,22.0,282.6,0.3897,3514158,0.162341
6444,340.0,23.0,278.4,0.3896,3514852,0.008332
6445,165.0,12.0,278.4,0.3895,3515262,0.005639
6446,520.0,32.0,281.4,0.3894,3516100,0.004029
6447,475.0,20.0,280.4,0.3893,3516761,0.013810
6448,250.0,19.0,280.3,0.3892,3517456,0.004795
6449,285.0,21.0,282.2,0.3891,3518086,0.014098
6450,345.0,24.0,281.4,0.3890,3518767,0.008345
6451,305.0,20.0,281.5,0.3889,3519415,0.004584
6452,265.0,20.0,282.0,0.3889,3520061,0.013413
6453,200.0,15.0,281.6,0.3888,3520560,0.025629
6454,335.0,21.0,282.2,0.3887,3521273,0.010252
6455,400.0,15.0,281.5,0.3886,3521973,0.009683
6456,285.0,18.0,281.2,0.3885,3522567,0.011783
6457,75.0,7.0,279.1,0.3884,3522948,0.012811
6458,330.0,23.0,280.9,0.3883,3523745,0.011847
6459,320.0,22.0,281.4,0.3882,3524562,0.008839
6460,430.0,18.0,284.1,0.3881,3525411,0.010814
6461,405.0,28.0,283.4,0.3880,3526118,0.005828
6462,260.0,18.0,285.1,0.3879,3526645,0.015461
6463,370.0,26.0,285.9,0.3878,3527400,0.006417
6464,365.0,23.0,282.4,0.3877,3528109,0.008584
6465,455.0,29.0,285.4,0.3876,3529070,0.127163
6466,240.0,15.0,286.9,0.3875,3529588,0.006615
6467,270.0,17.0,285.9,0.3874,3530078,0.013264
6468,195.0,14.0,285.0,0.3873,3530607,0.013579
6469,155.0,12.0,285.2,0.3872,3531072,0.007130
6470,420.0,17.0,285.5,0.3871,3531974,0.006261
6471,350.0,22.0,286.9,0.3871,3532627,0.014478
6472,370.0,23.0,288.1,0.3870,3533262,0.015494
6473,485.0,31.0,287.1,0.3869,3534216,0.031729
6474,430.0,28.0,286.6,0.3868,3535045,0.102798
6475,180.0,11.0,284.0,0.3867,3535455,0.010510
6476,245.0,18.0,282.2,0.3866,3536001,0.093285
6477,335.0,23.0,283.4,0.3865,3536588,0.011710
6478,135.0,12.0,283.8,0.3864,3537036,0.140084
6479,430.0,28.0,283.4,0.3863,3537779,0.010911
6480,270.0,17.0,283.2,0.3862,3538245,0.005279
6481,225.0,16.0,283.6,0.3861,3538853,0.010101
6482,290.0,21.0,281.0,0.3860,3539474,0.007007
6483,200.0,14.0,281.6,0.3859,3539837,0.093583
6484,175.0,15.0,281.1,0.3858,3540406,0.008771
6485,770.0,35.0,283.8,0.3857,3541612,0.007880
6486,375.0,24.0,284.2,0.3856,3542316,0.006368
6487,355.0,23.0,285.6,0.3855,3542870,0.015036
6488,230.0,17.0,285.0,0.3854,3543437,0.122332
6489,225.0,18.0,283.4,0.3853,3544046,0.004941
6490,115.0,8.0,281.3,0.3853,3544408,0.009055
6491,190.0,14.0,280.4,0.3852,3545065,0.169778
6492,385.0,25.0,281.9,0.3851,3545802,0.005324
6493,175.0,13.0,281.0,0.3850,3546262,0.008312
6494,150.0,10.0,282.1,0.3849,3546661,0.021572
6495,95.0,9.0,281.3,0.3848,3547039,0.011103
6496,420.0,26.0,283.4,0.3847,3547724,0.010543
6497,300.0,23.0,283.9,0.3846,3548423,0.006595
6498,190.0,15.0,283.5,0.3845,3548943,0.013433
6499,175.0,14.0,283.8,0.3844,3549583,0.005721
6500,170.0,13.0,282.9,0.3843,3550066,0.025736
6501,250.0,18.0,284.2,0.3842,3550586,0.010006
6502,205.0,15.0,283.6,0.3841,3551159,0.007315
6503,565.0,26.0,283.6,0.3840,3552016,0.005909
6504,250.0,19.0,282.9,0.3839,3552594,0.008419
6505,285.0,19.0,282.2,0.3838,3553224,0.013381
6506,325.0,22.0,281.7,0.3837,3553800,0.029205
6507,270.0,18.0,279.4,0.3836,3554312,0.005765
6508,415.0,28.0,281.5,0.3835,3555157,0.010645
6509,240.0,18.0,282.3,0.3835,3555678,0.008530
6510,195.0,15.0,281.8,0.3834,3556196,0.009406
6511,390.0,26.0,279.8,0.3833,3556841,0.011638
6512,290.0,18.0,278.6,0.3832,3557443,0.008128
6513,260.0,21.0,278.4,0.3831,3558245,0.007560
6514,390.0,26.0,279.8,0.3830,3559058,0.008124
6515,410.0,26.0,283.1,0.3829,3559946,0.008585
6516,185.0,13.0,282.1,0.3828,3560436,0.013582
6517,425.0,18.0,283.8,0.3827,3561161,0.008591
6518,180.0,11.0,283.2,0.3826,3561468,0.004988
6519,165.0,13.0,280.6,0.3825,3561919,0.006883
6520,180.0,14.0,281.1,0.3824,3562445,0.008776
6521,440.0,28.0,283.8,0.3823,3563201,0.004488
6522,300.0,19.0,281.9,0.3822,3563746,0.014119
6523,225.0,14.0,281.5,0.3821,3564121,0.010177
6524,280.0,19.0,282.9,0.3820,3564656,0.004441
6525,225.0,16.0,283.7,0.3819,3565106,0.005396
6526,605.0,28.0,288.4,0.3818,3565954,0.012000
6527,235.0,18.0,287.1,0.3817,3566567,0.015328
6528,185.0,12.0,287.2,0.3817,3567028,0.010378
6529,210.0,14.0,286.6,0.3816,3567497,0.010442
6530,285.0,20.0,287.6,0.3815,3568085,0.007341
6531,155.0,12.0,286.6,0.3814,3568495,0.009842
6532,380.0,25.0,288.4,0.3813,3569308,0.005208
6533,345.0,23.0,289.6,0.3812,3569940,0.007542
6534,390.0,26.0,291.6,0.3811,3570673,0.006877
6535,275.0,18.0,292.2,0.3810,3571329,0.088641
6536,235.0,19.0,292.4,0.3809,3572068,0.010429
6537,395.0,26.0,294.7,0.3808,3572858,0.014593
6538,60.0,6.0,293.4,0.3807,3573263,0.024214
6539,260.0,18.0,292.7,0.3806,3573818,0.011429
6540,270.0,17.0,293.6,0.3805,3574306,0.150054
6541,340.0,22.0,293.9,0.3804,3575015,0.027052
6542,240.0,19.0,294.1,0.3803,3575542,0.012010
6543,325.0,24.0,294.4,0.3802,3576159,0.003292
6544,215.0,14.0,293.1,0.3801,3576561,0.020975
6545,155.0,12.0,293.0,0.3800,3577026,0.004439
6546,490.0,31.0,292.7,0.3799,3577945,0.006558
6547,385.0,25.0,291.8,0.3799,3578552,0.008776
6548,235.0,18.0,291.6,0.3798,3579078,0.095324
6549,275.0,20.0,291.6,0.3797,3579857,0.015961
6550,265.0,21.0,290.8,0.3796,3580389,0.014988
6551,225.0,17.0,289.9,0.3795,3580859,0.005334
6552,195.0,16.0,289.2,0.3794,3581574,0.013613
6553,245.0,19.0,289.7,0.3793,3582277,0.009624
6554,230.0,18.0,288.6,0.3792,3582885,0.081123
6555,425.0,19.0,288.9,0.3791,3583619,0.137542
6556,335.0,24.0,289.4,0.3790,3584255,0.108727
6557,275.0,20.0,291.4,0.3789,3584960,0.005896
6558,330.0,23.0,291.4,0.3788,3585556,0.015614
6559,250.0,19.0,290.7,0.3787,3586187,0.006941
6560,215.0,13.0,288.6,0.3786,3586755,0.007035
6561,365.0,25.0,288.1,0.3785,3587531,0.008043
6562,605.0,35.0,291.6,0.3784,3588589,0.047563
6563,310.0,24.0,291.0,0.3783,3589316,0.005686
6564,300.0,20.0,290.4,0.3782,3589864,0.010911
6565,210.0,14.0,287.9,0.3781,3590404,0.019675
6566,305.0,21.0,288.6,0.3781,3590950,0.007068
6567,290.0,19.0,288.8,0.3780,3591551,0.020798
6568,345.0,24.0,290.2,0.3779,3592253,0.015405
6569,585.0,25.0,294.6,0.3778,3592919,0.018649
6570,125.0,9.0,291.6,0.3777,3593317,0.052173
6571,215.0,13.0,290.2,0.3776,3593967,0.010694
6572,180.0,14.0,288.4,0.3775,3594457,0.007244
6573,210.0,12.0,285.6,0.3774,3594992,0.005417
6574,245.0,15.0,283.8,0.3773,3595508,0.004954
6575,330.0,21.0,285.2,0.3772,3596186,0.007194
6576,365.0,23.0,286.4,0.3771,3596951,0.013797
6577,275.0,19.0,285.9,0.3770,3597654,0.007601
6578,210.0,12.0,286.6,0.3769,3598028,0.005116
6579,65.0,8.0,282.9,0.3768,3598334,0.006176
6580,205.0,17.0,282.3,0.3767,3598877,0.084459
6581,150.0,13.0,281.6,0.3766,3599371,0.008886
6582,380.0,26.0,282.4,0.3765,3600183,0.008810
6583,215.0,13.0,282.6,0.3764,3600573,0.140705
6584,360.0,24.0,284.4,0.3763,3601238,0.012952
6585,390.0,24.0,280.6,0.3763,3601895,0.103208
6586,210.0,15.0,279.0,0.3762,3602380,0.014268
6587,315.0,21.0,278.6,0.3761,3602919,0.007721
6588,220.0,16.0,278.5,0.3760,3603405,0.017773
6589,395.0,26.0,280.2,0.3759,3604075,0.032999
6590,230.0,15.0,281.4,0.3758,3604546,0.011689
6591,205.0,16.0,281.5,0.3757,3605001,0.008062
6592,260.0,18.0,280.2,0.3756,3605550,0.005790
6593,305.0,22.0,281.6,0.3755,3606260,0.005847
6594,200.0,13.0,282.1,0.3754,3606796,0.088328
6595,500.0,31.0,286.1,0.3753,3607755,0.009787
6596,245.0,19.0,284.4,0.3752,3608365,0.016503
6597,260.0,19.0,283.9,0.3751,3608956,0.086084
6598,175.0,13.0,283.8,0.3750,3609352,0.004412
6599,540.0,33.0,287.4,0.3749,3610170,0.013577
6600,205.0,13.0,287.8,0.3748,3610948,0.012204
6601,220.0,15.0,287.5,0.3747,3611514,0.008132
6602,285.0,20.0,288.3,0.3746,3612038,0.019799
6603,730.0,32.0,289.9,0.3745,3613166,0.015986
6604,180.0,14.0,289.2,0.3745,3613691,0.029807
6605,245.0,17.0,288.9,0.3744,3614109,0.020390
6606,265.0,19.0,288.2,0.3743,3614664,0.015937
6607,155.0,10.0,287.1,0.3742,3615034,0.015199
6608,200.0,15.0,284.9,0.3741,3615682,0.008974
6609,370.0,24.0,286.2,0.3740,3616419,0.004520
6610,310.0,22.0,287.4,0.3739,3617013,0.012965
6611,230.0,17.0,285.8,0.3738,3617567,0.007190
6612,135.0,12.0,284.2,0.3737,3618038,0.008935
6613,280.0,19.0,284.4,0.3736,3618746,0.172896
6614,345.0,24.0,284.0,0.3735,3619367,0.007186
6615,325.0,20.0,283.1,0.3734,3620019,0.009043
6616,165.0,13.0,282.9,0.3733,3620434,0.007888
6617,395.0,26.0,282.6,0.3732,3621064,0.011181
6618,345.0,21.0,284.3,0.3731,3621626,0.010096
6619,375.0,26.0,286.4,0.3730,3622593,0.081103
6620,390.0,27.0,288.5,0.3729,3623371,0.006864
6621,290.0,22.0,287.0,0.3728,3623983,0.019306
6622,100.0,10.0,285.0,0.3727,3624404,0.018252
6623,370.0,26.0,286.4,0.3727,3625192,0.009624
6624,295.0,20.0,286.6,0.3726,3625853,0.006998
6625,365.0,24.0,288.0,0.3725,3626486,0.025629
6626,65.0,8.0,282.6,0.3724,3626864,0.015481
6627,115.0,9.0,281.4,0.3723,3627219,0.007995
6628,245.0,18.0,282.0,0.3722,3627887,0.005682
6629,410.0,27.0,284.0,0.3721,3628700,0.009023
6630,560.0,25.0,286.8,0.3720,3629395,0.007789
6631,385.0,25.0,289.1,0.3719,3630057,0.009933
6632,410.0,28.0,289.4,0.3718,3630744,0.007549
6633,75.0,8.0,286.6,0.3717,3631099,0.008203
6634,180.0,13.0,284.6,0.3716,3631712,0.014285
6635,340.0,23.0,285.2,0.3715,3632326,0.008435
6636,175.0,13.0,284.6,0.3714,3632751,0.022439
6637,205.0,15.0,282.7,0.3713,3633225,0.008714
6638,210.0,17.0,284.2,0.3712,3633747,0.008227
6639,345.0,24.0,285.1,0.3711,3634389,0.010598
6640,285.0,19.0,285.2,0.3710,3635040,0.016945
6641,535.0,26.0,287.1,0.3709,3635893,0.020939
6642,250.0,19.0,287.2,0.3709,3636582,0.008320
6643,370.0,24.0,287.7,0.3708,3637333,0.012571
6644,445.0,27.0,290.0,0.3707,3638292,0.021133
6645,640.0,29.0,294.9,0.3706,3639125,0.008028
6646,325.0,23.0,293.2,0.3705,3639929,0.007486
6647,395.0,18.0,293.3,0.3704,3640456,0.011084
6648,310.0,23.0,294.1,0.3703,3641109,0.007888
6649,305.0,21.0,294.4,0.3702,3641734,0.015473
6650,370.0,24.0,295.4,0.3701,3642294,0.014866
6651,595.0,28.0,299.1,0.3700,3643257,0.011245
6652,140.0,10.0,298.6,0.3699,3643622,0.073795
6653,105.0,8.0,297.1,0.3698,3643963,0.012156
6654,575.0,27.0,300.6,0.3697,3644633,0.004821
6655,405.0,27.0,300.4,0.3696,3645504,0.010467
6656,310.0,21.0,300.1,0.3695,3646164,0.008005
6657,570.0,25.0,303.1,0.3694,3646800,0.014635
6658,355.0,21.0,303.4,0.3693,3647463,0.006227
6659,430.0,26.0,305.1,0.3692,3648131,0.006397
6660,385.0,24.0,306.9,0.3691,3648870,0.008712
6661,340.0,25.0,306.6,0.3691,3649497,0.007563
6662,250.0,19.0,303.1,0.3690,3650027,0.009882
6663,390.0,27.0,303.9,0.3689,3650839,0.011820
6664,465.0,30.0,305.5,0.3688,3651826,0.019759
6665,395.0,25.0,307.4,0.3687,3652607,0.013212
6666,230.0,15.0,306.6,0.3686,3653065,0.009943
6667,205.0,16.0,305.8,0.3685,3653672,0.009976
6668,290.0,20.0,305.2,0.3684,3654230,0.003590
6669,605.0,35.0,305.4,0.3683,3655266,0.010613
6670,125.0,9.0,305.4,0.3682,3655644,0.030736
6671,370.0,25.0,306.9,0.3681,3656273,0.014908
6672,345.0,23.0,308.6,0.3680,3656927,0.003365
6673,180.0,13.0,308.3,0.3679,3657381,0.007482
6674,465.0,28.0,310.5,0.3678,3658055,0.117756
6675,320.0,22.0,310.4,0.3677,3658745,0.014392
6676,410.0,27.0,310.9,0.3676,3659386,0.005434
6677,270.0,18.0,310.8,0.3675,3660040,0.007021
6678,295.0,20.0,311.6,0.3674,3660805,0.013649
6679,305.0,22.0,314.1,0.3673,3661499,0.012729
6680,225.0,18.0,314.2,0.3673,3662051,0.007325
6681,490.0,30.0,317.6,0.3672,3662813,0.010339
6682,345.0,23.0,317.3,0.3671,3663475,0.011230
6683,320.0,20.0,318.4,0.3670,3664109,0.005290
6684,380.0,26.0,318.6,0.3669,3664990,0.031180
6685,390.0,25.0,318.6,0.3668,3665952,0.012973
6686,150.0,11.0,317.9,0.3667,3666453,0.004936
6687,310.0,20.0,317.9,0.3666,3667081,0.006640
6688,230.0,15.0,318.0,0.3665,3667556,0.004796
6689,595.0,27.0,320.0,0.3664,3668371,0.017447
6690,670.0,31.0,324.4,0.3663,3669278,0.017272
6691,210.0,15.0,324.4,0.3662,3669762,0.010125
6692,245.0,19.0,324.3,0.3661,3670377,0.014394
6693,335.0,22.0,324.6,0.3660,3671054,0.011764
6694,265.0,17.0,325.2,0.3659,3671599,0.015055
6695,420.0,26.0,324.4,0.3658,3672400,0.011277
6696,455.0,29.0,326.6,0.3657,3673422,0.023207
6697,315.0,19.0,327.1,0.3656,3674114,0.018056
6698,375.0,25.0,329.1,0.3655,3674736,0.005173
6699,220.0,14.0,325.9,0.3655,3675331,0.011918
6700,390.0,25.0,327.8,0.3654,3676003,0.012557
6701,375.0,24.0,329.3,0.3653,3676616,0.010893
6702,260.0,20.0,329.1,0.3652,3677208,0.006552
6703,330.0,20.0,325.1,0.3651,3677797,0.020378
6704,300.0,21.0,326.2,0.3650,3678484,0.005551
6705,220.0,14.0,326.0,0.3649,3679028,0.009590
6706,490.0,20.0,328.2,0.3648,3679869,0.195586
6707,590.0,28.0,332.6,0.3647,3680624,0.011393
6708,205.0,16.0,332.6,0.3646,3681196,0.009340
6709,345.0,22.0,332.4,0.3645,3681789,0.003806
6710,575.0,34.0,335.1,0.3644,3682822,0.011723
6711,220.0,16.0,334.9,0.3643,3683405,0.122330
6712,525.0,32.0,338.9,0.3642,3684176,0.008828
6713,355.0,24.0,339.6,0.3641,3684829,0.008040
6714,230.0,16.0,338.4,0.3640,3685376,0.024870
6715,355.0,23.0,338.8,0.3639,3685972,0.012753
6716,220.0,16.0,339.3,0.3638,3686519,0.049791
6717,385.0,15.0,339.2,0.3637,3687279,0.004657
6718,785.0,35.0,343.6,0.3637,3688390,0.007388
6719,525.0,32.0,345.1,0.3636,3689368,0.014318
6720,525.0,32.0,346.4,0.3635,3690285,0.014064
6721,105.0,10.0,344.6,0.3634,3690805,0.015495
6722,290.0,21.0,346.5,0.3633,3691400,0.014723
6723,255.0,18.0,345.4,0.3632,3691866,0.013265
6724,160.0,14.0,344.0,0.3631,3692627,0.084064
6725,430.0,25.0,344.6,0.3630,3693560,0.010304
6726,280.0,20.0,346.8,0.3629,3694177,0.005309
6727,210.0,17.0,347.8,0.3628,3694814,0.007009
6728,445.0,29.0,349.8,0.3627,3695553,0.065590
6729,125.0,9.0,346.9,0.3626,3696033,0.021286
6730,355.0,24.0,344.9,0.3625,3696705,0.005070
6731,225.0,18.0,343.2,0.3624,3697518,0.007538
6732,145.0,12.0,340.6,0.3623,3697911,0.013009
6733,335.0,23.0,343.2,0.3622,3698664,0.011067
6734,155.0,10.0,342.9,0.3621,3698998,0.010905
6735,195.0,14.0,341.5,0.3620,3699529,0.008223
6736,565.0,23.0,345.4,0.3619,3700107,0.107951
6737,375.0,25.0,347.1,0.3619,3700887,0.012090
6738,140.0,11.0,346.4,0.3618,3701339,0.007723
6739,185.0,13.0,344.8,0.3617,3701826,0.009669
6740,205.0,14.0,344.0,0.3616,3702342,0.013422
6741,235.0,16.0,341.0,0.3615,3702903,0.008906
6742,145.0,13.0,339.9,0.3614,3703427,0.014589
6743,300.0,23.0,339.2,0.3613,3704087,0.131403
6744,390.0,25.0,338.7,0.3612,3704813,0.031523
6745,225.0,16.0,334.6,0.3611,3705401,0.010429
6746,185.0,13.0,333.1,0.3610,3705766,0.007111
6747,275.0,18.0,331.9,0.3609,3706232,0.139279
6748,290.0,21.0,331.8,0.3608,3707201,0.011797
6749,185.0,13.0,330.6,0.3607,3707700,0.017478
6750,465.0,28.0,331.5,0.3606,3708367,0.010350
6751,450.0,19.0,330.1,0.3605,3709224,0.010545
6752,140.0,13.0,330.1,0.3604,3709658,0.007970
6753,500.0,31.0,334.0,0.3603,3710693,0.008916
6754,450.0,29.0,332.8,0.3602,3711517,0.015308
6755,490.0,30.0,333.6,0.3601,3712411,0.010970
6756,315.0,23.0,333.6,0.3601,3713268,0.017991
6757,425.0,28.0,332.2,0.3600,3714027,0.007657
6758,310.0,21.0,331.8,0.3599,3714629,0.009463
6759,185.0,15.0,329.3,0.3598,3715278,0.014208
6760,170.0,12.0,327.1,0.3597,3715747,0.021406
6761,265.0,21.0,326.4,0.3596,3716402,0.015449
6762,410.0,27.0,328.0,0.3595,3717284,0.006280
6763,470.0,29.0,328.8,0.3594,3718119,0.008711
6764,445.0,27.0,328.6,0.3593,3718843,0.010983
6765,150.0,11.0,326.1,0.3592,3719362,0.010818
6766,475.0,21.0,328.6,0.3591,3720105,0.009971
6767,330.0,22.0,329.9,0.3590,3720827,0.076035
6768,285.0,20.0,329.8,0.3589,3721390,0.019199
6769,190.0,14.0,325.6,0.3588,3722020,0.093540
6770,405.0,26.0,328.4,0.3587,3722767,0.019742
6771,235.0,18.0,327.1,0.3586,3723244,0.012660
6772,295.0,23.0,326.6,0.3585,3723847,0.015146
6773,255.0,18.0,327.4,0.3584,3724384,0.009521
6774,185.0,16.0,324.6,0.3583,3724924,0.014552
6775,505.0,23.0,326.4,0.3583,3725683,0.011969
6776,195.0,16.0,324.2,0.3582,3726234,0.007197
6777,130.0,10.0,322.9,0.3581,3726663,0.005827
6778,330.0,21.0,323.2,0.3580,3727283,0.006202
6779,215.0,14.0,322.3,0.3579,3727778,0.006132
6780,155.0,12.0,321.6,0.3578,3728162,0.098152
6781,95.0,8.0,317.6,0.3577,3728535,0.099916
6782,390.0,24.0,318.1,0.3576,3729207,0.006368
6783,195.0,17.0,316.9,0.3575,3729775,0.008029
6784,360.0,24.0,316.6,0.3574,3730481,0.006620
6785,330.0,23.0,316.1,0.3573,3731191,0.022959
6786,380.0,24.0,318.4,0.3572,3731867,0.007121
6787,385.0,26.0,319.1,0.3571,3732494,0.006483
6788,385.0,27.0,320.6,0.3570,3733130,0.007864
6789,185.0,14.0,316.6,0.3569,3733774,0.019409
6790,515.0,32.0,315.0,0.3568,3734684,0.006994
6791,380.0,26.0,316.7,0.3567,3735497,0.016328
6792,125.0,9.0,315.5,0.3566,3735780,0.016140
6793,235.0,16.0,314.5,0.3565,3736318,0.016122
6794,425.0,28.0,316.1,0.3565,3737247,0.006190
6795,110.0,10.0,313.0,0.3564,3737668,0.010083
6796,250.0,16.0,310.9,0.3563,3738211,0.011619
6797,310.0,23.0,310.9,0.3562,3738996,0.021878
6798,265.0,18.0,309.8,0.3561,3739695,0.115550
6799,305.0,21.0,310.6,0.3560,3740244,0.012908
6800,355.0,22.0,310.3,0.3559,3740822,0.018490
6801,180.0,13.0,308.4,0.3558,3741265,0.007067
6802,175.0,14.0,307.5,0.3557,3741796,0.016038
6803,375.0,26.0,307.9,0.3556,3742413,0.013669
6804,300.0,21.0,307.9,0.3555,3743040,0.016938
6805,355.0,25.0,309.3,0.3554,3743808,0.020609
6806,515.0,25.0,309.6,0.3553,3744597,0.015712
6807,340.0,25.0,307.1,0.3552,3745301,0.013353
6808,170.0,12.0,306.7,0.3551,3745710,0.009868
6809,180.0,13.0,305.1,0.3550,3746211,0.022261
6810,310.0,22.0,302.4,0.3549,3746935,0.093215
6811,190.0,13.0,302.1,0.3548,3747321,0.014909
6812,685.0,31.0,303.7,0.3547,3748199,0.011160
6813,610.0,27.0,306.2,0.3547,3748915,0.010218
6814,200.0,15.0,305.9,0.3546,3749416,0.009059
6815,285.0,20.0,305.2,0.3545,3750121,0.009652
6816,345.0,24.0,306.5,0.3544,3750815,0.025122
6817,540.0,24.0,308.1,0.3543,3751696,0.005315
6818,240.0,17.0,302.6,0.3542,3752245,0.100875
6819,405.0,27.0,301.4,0.3541,3752990,0.007869
6820,435.0,28.0,300.5,0.3540,3753851,0.009605
6821,120.0,8.0,300.6,0.3539,3754167,0.012697
6822,440.0,28.0,302.1,0.3538,3754942,0.009359
6823,135.0,11.0,300.9,0.3537,3755304,0.003491
6824,265.0,19.0,302.0,0.3536,3755977,0.004539
6825,320.0,20.0,300.9,0.3535,3756800,0.047489
6826,155.0,12.0,299.6,0.3534,3757243,0.008624
6827,315.0,20.0,300.7,0.3533,3757891,0.010248
6828,255.0,20.0,298.8,0.3532,3758518,0.022079
6829,80.0,6.0,298.4,0.3531,3758789,0.010284
6830,740.0,33.0,302.2,0.3530,3759857,0.009931
6831,350.0,24.0,303.4,0.3529,3760511,0.015041
6832,285.0,19.0,304.9,0.3529,3761068,0.083610
6833,600.0,26.0,307.5,0.3528,3761871,0.019920
6834,400.0,18.0,309.9,0.3527,3762532,0.012925
6835,540.0,32.0,313.4,0.3526,3763400,0.014404
6836,150.0,14.0,309.2,0.3525,3763943,0.021291
6837,115.0,11.0,306.6,0.3524,3764657,0.004898
6838,490.0,31.0,310.1,0.3523,3765573,0.006744
6839,120.0,10.0,309.5,0.3522,3766026,0.007099
6840,570.0,27.0,313.1,0.3521,3766701,0.006396
6841,485.0,31.0,315.6,0.3520,3767686,0.006009
6842,140.0,13.0,315.6,0.3519,3768423,0.016400
6843,345.0,24.0,316.1,0.3518,3769352,0.011224
6844,310.0,22.0,315.2,0.3517,3770050,0.012063
6845,275.0,20.0,315.8,0.3516,3770608,0.044534
6846,495.0,31.0,318.9,0.3515,3771287,0.008920
6847,185.0,14.0,317.9,0.3514,3771827,0.012847
6848,275.0,21.0,317.8,0.3513,3772503,0.013119
6849,190.0,15.0,317.9,0.3512,3773178,0.007381
6850,360.0,24.0,316.8,0.3511,3773727,0.003938
6851,395.0,26.0,316.2,0.3511,3774478,0.024928
6852,520.0,32.0,320.1,0.3510,3775321,0.012346
6853,240.0,18.0,317.4,0.3509,3775997,0.011807
6854,485.0,29.0,317.8,0.3508,3776712,0.011736
6855,325.0,22.0,316.1,0.3507,3777315,0.008530
6856,60.0,6.0,313.6,0.3506,3777570,0.008852
6857,235.0,15.0,311.7,0.3505,3778108,0.007373
6858,320.0,22.0,311.8,0.3504,3778733,0.003748
6859,175.0,13.0,311.7,0.3503,3779111,0.010395
6860,215.0,17.0,312.1,0.3502,3779707,0.010607
6861,380.0,26.0,313.3,0.3501,3780370,0.007379
6862,230.0,15.0,311.5,0.3500,3780866,0.012412
6863,130.0,13.0,308.1,0.3499,3781347,0.009214
6864,800.0,36.0,311.6,0.3498,3782378,0.023192
6865,365.0,24.0,313.8,0.3497,3783161,0.016106
6866,330.0,22.0,312.4,0.3496,3783965,0.011601
6867,145.0,13.0,310.5,0.3495,3784445,0.023051
6868,360.0,25.0,311.2,0.3494,3785257,0.005294
6869,275.0,17.0,312.1,0.3493,3785982,0.015622
6870,490.0,31.0,312.9,0.3493,3786892,0.007398
6871,330.0,22.0,313.9,0.3492,3787651,0.010048
6872,495.0,31.0,315.9,0.3491,3788447,0.006403
6873,440.0,29.0,317.8,0.3490,3789257,0.014801
6874,375.0,24.0,319.6,0.3489,3789939,0.022969
6875,295.0,20.0,317.6,0.3488,3790482,0.016973
6876,190.0,17.0,317.5,0.3487,3791026,0.016415
6877,310.0,20.0,319.3,0.3486,3791582,0.006675
6878,495.0,31.0,320.9,0.3485,3792406,0.008855
6879,575.0,34.0,324.6,0.3484,3793365,0.024372
6880,75.0,8.0,323.8,0.3483,3793922,0.021975
6881,200.0,13.0,324.8,0.3482,3794451,0.010627
6882,205.0,16.0,322.9,0.3481,3794871,0.011351
6883,130.0,10.0,322.3,0.3480,3795241,0.016886
6884,240.0,18.0,321.1,0.3479,3795676,0.012498
6885,370.0,26.0,321.5,0.3478,3796393,0.012011
6886,485.0,22.0,322.6,0.3477,3797157,0.020870
6887,370.0,26.0,322.4,0.3476,3798009,0.014825
6888,395.0,27.0,322.5,0.3475,3798909,0.122424
6889,240.0,19.0,323.1,0.3475,3799705,0.011250
6890,330.0,21.0,321.2,0.3474,3800354,0.008320
6891,265.0,19.0,320.1,0.3473,3800963,0.025745
6892,310.0,21.0,321.9,0.3472,3801698,0.012931
6893,645.0,29.0,326.0,0.3471,3802500,0.008501
6894,180.0,16.0,323.6,0.3470,3803108,0.012485
6895,275.0,20.0,325.2,0.3469,3803743,0.009449
6896,360.0,24.0,326.3,0.3468,3804397,0.027393
6897,310.0,20.0,326.3,0.3467,3804981,0.009955
6898,310.0,20.0,326.8,0.3466,3805616,0.008371
6899,335.0,23.0,327.1,0.3465,3806379,0.008625
6900,125.0,9.0,324.8,0.3464,3806675,0.011728
6901,150.0,14.0,324.4,0.3463,3807320,0.005947
6902,50.0,4.0,323.2,0.3462,3807591,0.012007
6903,130.0,10.0,320.8,0.3461,3807955,0.143067
6904,395.0,27.0,321.7,0.3460,3808604,0.007032
6905,510.0,31.0,323.2,0.3459,3809482,0.085958
6906,135.0,11.0,319.4,0.3458,3809985,0.010797
6907,240.0,15.0,318.4,0.3457,3810464,0.009221
6908,215.0,16.0,318.9,0.3457,3811055,0.007927
6909,175.0,15.0,318.9,0.3456,3811609,0.007462
6910,395.0,27.0,319.7,0.3455,3812362,0.017340
6911,145.0,11.0,319.2,0.3454,3812835,0.008458
6912,90.0,9.0,313.3,0.3453,3813265,0.010934
6913,40.0,5.0,307.6,0.3452,3813626,0.011939
6914,230.0,18.0,307.9,0.3451,3814176,0.011168
6915,195.0,15.0,307.0,0.3450,3814652,0.009191
6916,315.0,21.0,306.7,0.3449,3815258,0.008375
6917,260.0,18.0,303.9,0.3448,3815767,0.008944
6918,245.0,19.0,303.9,0.3447,3816448,0.088948
6919,605.0,27.0,305.9,0.3446,3817317,0.009803
6920,465.0,27.0,306.2,0.3445,3818001,0.019122
6921,200.0,16.0,307.1,0.3444,3818481,0.017249
6922,190.0,14.0,304.6,0.3443,3819066,0.007132
6923,715.0,32.0,310.4,0.3442,3820109,0.011639
6924,350.0,23.0,311.2,0.3441,3820696,0.025355
6925,260.0,16.0,310.6,0.3440,3821323,0.028189
6926,115.0,11.0,310.2,0.3439,3821744,0.012947
6927,440.0,27.0,311.4,0.3439,3822393,0.021804
6928,535.0,32.0,314.2,0.3438,3823354,0.008520
6929,320.0,22.0,316.6,0.3437,3823975,0.010274
6930,160.0,15.0,310.9,0.3436,3824475,0.279421
6931,405.0,25.0,311.4,0.3435,3825132,0.004153
6932,190.0,12.0,310.4,0.3434,3825567,0.006375
6933,245.0,17.0,306.9,0.3433,3826133,0.018530
6934,430.0,28.0,307.2,0.3432,3826834,0.016768
6935,280.0,18.0,304.6,0.3431,3827374,0.019277
6936,235.0,18.0,305.4,0.3430,3827973,0.017739
6937,150.0,12.0,305.8,0.3429,3828388,0.012632
6938,195.0,13.0,302.9,0.3428,3828860,0.012307
6939,260.0,19.0,304.2,0.3427,3829310,0.014389
6940,275.0,20.0,301.3,0.3426,3829878,0.007807
6941,100.0,8.0,297.4,0.3425,3830296,0.028543
6942,285.0,20.0,298.9,0.3424,3830932,0.007663
6943,335.0,23.0,298.8,0.3423,3831649,0.004909
6944,15.0,2.0,295.9,0.3422,3831873,0.004574
6945,185.0,14.0,294.9,0.3421,3832320,0.025886
6946,265.0,20.0,292.6,0.3421,3832941,0.010759
6947,340.0,21.0,294.2,0.3420,3833596,0.019613
6948,395.0,17.0,295.4,0.3419,3834148,0.004990
6949,325.0,22.0,296.8,0.3418,3834871,0.006664
6950,490.0,31.0,298.1,0.3417,3835544,0.010965
6951,100.0,11.0,295.1,0.3416,3836073,0.009271
6952,130.0,9.0,291.2,0.3415,3836426,0.009220
6953,90.0,10.0,289.7,0.3414,3836942,0.012634
6954,475.0,29.0,289.6,0.3413,3837767,0.011641
6955,510.0,31.0,291.4,0.3412,3838703,0.013115
6956,595.0,26.0,296.8,0.3411,3839408,0.006822
6957,155.0,15.0,296.0,0.3410,3840088,0.014996
6958,435.0,28.0,297.1,0.3409,3840850,0.006735
6959,35.0,4.0,295.8,0.3408,3841220,0.027537
6960,355.0,25.0,297.1,0.3407,3841948,0.009083
6961,400.0,26.0,297.4,0.3406,3842927,0.021279
6962,110.0,7.0,296.1,0.3405,3843226,0.008851
6963,135.0,11.0,296.2,0.3404,3843711,0.017460
6964,310.0,22.0,291.3,0.3403,3844315,0.012373
6965,410.0,28.0,291.8,0.3403,3845175,0.030225
6966,115.0,10.0,289.6,0.3402,3845522,0.007095
6967,200.0,15.0,290.1,0.3401,3846069,0.009289
6968,290.0,19.0,289.4,0.3400,3846591,0.007078
6969,220.0,15.0,288.9,0.3399,3847099,0.012472
6970,335.0,22.0,287.4,0.3398,3847698,0.019900
6971,210.0,16.0,286.1,0.3397,3848348,0.008755
6972,395.0,23.0,285.1,0.3396,3848935,0.029348
6973,475.0,22.0,285.5,0.3395,3849595,0.018382
6974,160.0,13.0,283.4,0.3394,3850060,0.026436
6975,340.0,22.0,283.8,0.3393,3850715,0.008857
6976,200.0,15.0,283.9,0.3392,3851184,0.015546
6977,170.0,13.0,282.5,0.3391,3851579,0.011237
6978,490.0,19.0,282.4,0.3390,3852319,0.010647
6979,145.0,12.0,278.1,0.3389,3852729,0.096390
6980,535.0,22.0,282.8,0.3388,3853357,0.085776
6981,270.0,18.0,283.4,0.3387,3853888,0.013389
6982,30.0,2.0,281.7,0.3386,3854143,0.016441
6983,245.0,18.0,282.9,0.3385,3854779,0.012512
6984,170.0,14.0,282.1,0.3385,3855225,0.023321
6985,155.0,12.0,280.0,0.3384,3855878,0.009984
6986,545.0,33.0,280.6,0.3383,3856844,0.017505
6987,535.0,22.0,282.2,0.3382,3857574,0.007768
6988,500.0,31.0,283.3,0.3381,3858533,0.006140
6989,205.0,16.0,282.9,0.3380,3859091,0.011718
6990,175.0,14.0,281.4,0.3379,3859588,0.010812
6991,300.0,21.0,281.8,0.3378,3860230,0.021934
6992,355.0,24.0,282.2,0.3377,3861005,0.082994
6993,330.0,24.0,279.1,0.3376,3861669,0.010978
6994,250.0,21.0,279.8,0.3375,3862431,0.255635
6995,170.0,14.0,278.7,0.3374,3862904,0.008116
6996,340.0,24.0,278.5,0.3373,3863561,0.007603
6997,340.0,23.0,278.8,0.3372,3864223,0.009396
6998,440.0,29.0,280.1,0.3371,3865236,0.008371
6999,285.0,20.0,279.6,0.3370,3865813,0.098430
7000,380.0,26.0,282.1,0.3369,3866711,0.012295
7001,195.0,13.0,282.6,0.3368,3867101,0.169621
7002,530.0,32.0,287.4,0.3367,3868103,0.036400
7003,300.0,21.0,289.1,0.3367,3868776,0.004721
7004,180.0,14.0,286.9,0.3366,3869376,0.018584
7005,415.0,28.0,286.0,0.3365,3870233,0.083842
7006,390.0,27.0,288.6,0.3364,3870980,0.011195
7007,545.0,33.0,291.6,0.3363,3871926,0.010319
7008,230.0,18.0,291.8,0.3362,3872558,0.025567
7009,265.0,20.0,292.6,0.3361,3873107,0.008940
7010,380.0,25.0,292.5,0.3360,3873938,0.010738
7011,480.0,30.0,295.9,0.3359,3874632,0.007911
7012,325.0,23.0,298.2,0.3358,3875241,0.012591
7013,160.0,14.0,299.4,0.3357,3875743,0.028187
7014,210.0,15.0,299.2,0.3356,3876228,0.008304
7015,120.0,8.0,298.4,0.3355,3876515,0.027386
7016,315.0,22.0,298.4,0.3354,3877321,0.013044
7017,340.0,24.0,299.2,0.3353,3878114,0.011478
7018,220.0,15.0,299.0,0.3352,3878644,0.008803
7019,205.0,15.0,295.0,0.3351,3879146,0.011163
7020,435.0,28.0,294.7,0.3350,3879905,0.011214
7021,210.0,15.0,294.8,0.3349,3880321,0.006505
7022,235.0,16.0,295.2,0.3349,3880788,0.010110
7023,370.0,25.0,291.8,0.3348,3881616,0.013744
7024,140.0,11.0,289.7,0.3347,3881985,0.086131
7025,325.0,23.0,290.4,0.3346,3882562,0.005506
7026,195.0,13.0,291.1,0.3345,3882947,0.024336
7027,140.0,11.0,288.1,0.3344,3883380,0.010843
7028,235.0,18.0,285.1,0.3343,3884186,0.016863
7029,205.0,14.0,284.0,0.3342,3884572,0.011884
7030,415.0,27.0,286.6,0.3341,3885278,0.008154
7031,490.0,31.0,287.4,0.3340,3886226,0.016990
7032,335.0,22.0,288.9,0.3339,3886904,0.056605
7033,385.0,25.0,290.2,0.3338,3887542,0.008430
7034,365.0,24.0,289.6,0.3337,3888131,0.083186
7035,190.0,14.0,288.7,0.3336,3888555,0.007346
7036,315.0,21.0,289.5,0.3335,3889320,0.010083
7037,350.0,24.0,291.5,0.3334,3889939,0.012525
7038,405.0,27.0,293.6,0.3333,3890666,0.007805
7039,325.0,21.0,294.2,0.3332,3891507,0.010997
7040,360.0,26.0,295.1,0.3331,3892391,0.013644
7041,180.0,13.0,295.9,0.3331,3892873,0.035866
7042,445.0,27.0,297.5,0.3330,3893699,0.014756
7043,330.0,21.0,297.4,0.3329,3894422,0.147596
7044,435.0,21.0,301.6,0.3328,3894977,0.232097
7045,260.0,18.0,302.4,0.3327,3895572,0.006825
7046,390.0,27.0,303.6,0.3326,3896304,0.015588
7047,270.0,18.0,302.9,0.3325,3896927,0.074980
7048,355.0,24.0,302.6,0.3324,3897660,0.005169
7049,290.0,19.0,302.2,0.3323,3898197,0.012855
7050,205.0,14.0,299.4,0.3322,3898662,0.005913
7051,260.0,18.0,300.9,0.3321,3899413,0.011466
7052,555.0,33.0,305.2,0.3320,3900458,0.006315
7053,295.0,22.0,307.2,0.3319,3901152,0.144993
7054,390.0,27.0,306.4,0.3318,3901871,0.012925
7055,540.0,26.0,306.7,0.3317,3902539,0.013105
7056,270.0,20.0,303.4,0.3316,3903199,0.011961
7057,345.0,22.0,305.4,0.3315,3903769,0.004960
7058,495.0,31.0,305.9,0.3314,3904897,0.007152
7059,700.0,32.0,312.6,0.3313,3905962,0.009882
7060,135.0,9.0,310.4,0.3313,3906364,0.012891
7061,215.0,17.0,308.6,0.3312,3906952,0.010156
7062,390.0,26.0,311.4,0.3311,3907810,0.007666
7063,240.0,17.0,312.4,0.3310,3908289,0.009482
7064,255.0,18.0,311.9,0.3309,3908833,0.005746
7065,295.0,21.0,310.7,0.3308,3909536,0.012979
7066,435.0,17.0,313.9,0.3307,3910230,0.132775
7067,345.0,23.0,315.4,0.3306,3910927,0.012168
7068,365.0,24.0,316.1,0.3305,3911521,0.013733
7069,255.0,18.0,316.4,0.3304,3912362,0.063482
7070,560.0,27.0,318.7,0.3303,3913102,0.006085
7071,130.0,10.0,317.9,0.3302,3913479,0.075404
7072,465.0,20.0,318.6,0.3301,3914361,0.012230
7073,450.0,29.0,318.4,0.3300,3915158,0.017059
7074,160.0,13.0,318.4,0.3299,3915541,0.080115
7075,260.0,18.0,317.6,0.3298,3916041,0.012871
7076,165.0,13.0,317.2,0.3297,3916460,0.014789
7077,135.0,9.0,316.9,0.3296,3916808,0.010436
7078,355.0,24.0,315.5,0.3295,3917447,0.017609
7079,380.0,26.0,317.9,0.3295,3918350,0.009342
7080,340.0,23.0,315.9,0.3294,3919031,0.015004
7081,340.0,19.0,316.6,0.3293,3919605,0.019217
7082,220.0,16.0,318.5,0.3292,3920066,0.003967
7083,170.0,13.0,317.8,0.3291,3920581,0.008982
7084,175.0,13.0,317.8,0.3290,3920993,0.010022
7085,170.0,12.0,317.9,0.3289,3921480,0.011615
7086,350.0,25.0,316.0,0.3288,3922135,0.014764
7087,435.0,26.0,315.0,0.3287,3922878,0.009613
7088,185.0,12.0,311.9,0.3286,3923238,0.019305
7089,295.0,21.0,312.8,0.3285,3923802,0.007109
7090,460.0,29.0,315.6,0.3284,3924711,0.007545
7091,260.0,18.0,315.2,0.3283,3925299,0.008347
7092,385.0,25.0,315.5,0.3282,3925969,0.025401
7093,635.0,29.0,318.6,0.3281,3926923,0.033983
7094,185.0,12.0,317.9,0.3280,3927333,0.007364
7095,105.0,8.0,317.2,0.3279,3927726,0.012818
7096,140.0,11.0,315.2,0.3278,3928162,0.013620
7097,120.0,11.0,313.1,0.3277,3928660,0.009335
7098,610.0,29.0,314.8,0.3277,3929408,0.014219
7099,305.0,23.0,314.9,0.3276,3930124,0.013385
7100,225.0,18.0,313.4,0.3275,3930688,0.016526
7101,410.0,27.0,315.6,0.3274,3931488,0.005848
7102,145.0,12.0,311.7,0.3273,3932002,0.107351
7103,65.0,7.0,309.4,0.3272,3932392,0.006577
7104,235.0,19.0,309.9,0.3271,3933030,0.011418
7105,185.0,13.0,307.6,0.3270,3933495,0.016247
7106,455.0,29.0,308.2,0.3269,3934268,0.023073
7107,125.0,8.0,304.1,0.3268,3934634,0.012926
7108,335.0,23.0,305.1,0.3267,3935394,0.005164
7109,235.0,17.0,304.8,0.3266,3935951,0.006808
7110,360.0,23.0,304.6,0.3265,3936579,0.014809
7111,255.0,19.0,302.4,0.3264,3937164,0.004212
7112,185.0,13.0,300.9,0.3263,3937642,0.005777
7113,155.0,11.0,300.9,0.3262,3938041,0.012228
7114,310.0,20.0,301.9,0.3261,3938684,0.011381
7115,200.0,18.0,302.7,0.3260,3939405,0.196509
7116,345.0,23.0,303.0,0.3259,3940066,0.022546
7117,620.0,29.0,305.8,0.3259,3941038,0.016198
7118,215.0,15.0,305.8,0.3258,3941600,0.027684
7119,545.0,24.0,309.1,0.3257,3942285,0.007806
7120,305.0,19.0,307.9,0.3256,3942917,0.018847
7121,460.0,20.0,310.4,0.3255,3943610,0.017328
7122,440.0,29.0,312.4,0.3254,3944602,0.008654
7123,250.0,17.0,311.2,0.3253,3945170,0.018248
7124,1000.0,37.0,319.8,0.3252,3946441,0.143447
7125,235.0,18.0,318.9,0.3251,3946937,0.025175
7126,305.0,21.0,320.0,0.3250,3947502,0.009295
7127,250.0,20.0,321.1,0.3249,3948258,0.006400
7128,210.0,14.0,320.9,0.3248,3948779,0.005474
7129,675.0,30.0,325.6,0.3247,3949510,0.010934
7130,315.0,23.0,324.6,0.3246,3950175,0.015056
7131,350.0,23.0,323.1,0.3245,3950881,0.008391
7132,175.0,15.0,321.6,0.3244,3951269,0.016303
7133,140.0,13.0,319.1,0.3243,3951795,0.009488
7134,155.0,12.0,317.0,0.3242,3952224,0.105241
7135,185.0,13.0,316.9,0.3241,3952701,0.136466
7136,180.0,15.0,315.6,0.3241,3953209,0.020268
7137,135.0,9.0,313.4,0.3240,3953538,0.008517
7138,235.0,17.0,311.8,0.3239,3954071,0.006595
7139,345.0,24.0,311.9,0.3238,3954817,0.079335
7140,345.0,23.0,311.8,0.3237,3955467,0.009573
7141,180.0,15.0,311.8,0.3236,3955984,0.016550
7142,205.0,16.0,309.4,0.3235,3956444,0.036818
7143,595.0,26.0,312.1,0.3234,3957145,0.004896
7144,290.0,23.0,310.6,0.3233,3957827,0.008087
7145,45.0,5.0,308.4,0.3232,3958083,0.019941
7146,295.0,21.0,307.5,0.3231,3958664,0.004866
7147,430.0,28.0,309.1,0.3230,3959357,0.006951
7148,150.0,12.0,307.1,0.3229,3959859,0.009284
7149,185.0,14.0,306.0,0.3228,3960325,0.023266
7150,265.0,19.0,306.6,0.3227,3961123,0.012546
7151,545.0,33.0,309.4,0.3226,3962165,0.081640
7152,220.0,16.0,306.1,0.3225,3962681,0.014886
7153,65.0,7.0,303.8,0.3224,3963086,0.010292
7154,100.0,8.0,300.9,0.3223,3963481,0.005679
7155,310.0,21.0,298.6,0.3223,3964152,0.008237
7156,335.0,21.0,299.2,0.3222,3964849,0.016083
7157,465.0,30.0,300.4,0.3221,3965673,0.014143
7158,270.0,19.0,298.2,0.3220,3966326,0.017936
7159,355.0,24.0,294.8,0.3219,3967083,0.074953
7160,580.0,34.0,299.2,0.3218,3967909,0.011795
7161,265.0,19.0,299.7,0.3217,3968546,0.012940
7162,300.0,22.0,298.8,0.3216,3969319,0.018395
7163,215.0,15.0,298.6,0.3215,3969814,0.005907
7164,195.0,14.0,297.9,0.3214,3970460,0.008230
7165,265.0,18.0,297.6,0.3213,3971147,0.018732
7166,590.0,27.0,299.2,0.3212,3971878,0.005046
7167,440.0,27.0,300.1,0.3211,3972726,0.017691
7168,50.0,5.0,297.0,0.3210,3972992,0.009487
7169,600.0,35.0,300.4,0.3209,3973974,0.008599
7170,275.0,21.0,297.6,0.3208,3974825,0.010012
7171,440.0,27.0,300.7,0.3207,3975582,0.135693
7172,370.0,24.0,299.8,0.3206,3976258,0.007449
7173,210.0,17.0,297.4,0.3205,3976965,0.023908
7174,335.0,23.0,299.1,0.3205,3977541,0.016281
7175,255.0,20.0,299.1,0.3204,3978210,0.007156
7176,800.0,36.0,305.4,0.3203,3979216,0.005485
7177,265.0,17.0,306.7,0.3202,3979889,0.014559
7178,405.0,25.0,307.2,0.3201,3980611,0.013573
7179,335.0,25.0,306.8,0.3200,3981205,0.017587
7180,110.0,11.0,304.4,0.3199,3981646,0.013163
7181,175.0,15.0,302.8,0.3198,3982158,0.027855
7182,245.0,15.0,303.1,0.3197,3982673,0.022346
7183,135.0,12.0,302.7,0.3196,3983162,0.029745
7184,180.0,14.0,302.8,0.3195,3983633,0.023091
7185,260.0,19.0,303.6,0.3194,3984258,0.003888
7186,295.0,20.0,303.1,0.3193,3985120,0.012526
7187,380.0,26.0,302.6,0.3192,3985895,0.006579
7188,555.0,25.0,306.2,0.3191,3986708,0.007396
7189,130.0,10.0,304.6,0.3190,3987108,0.008822
7190,425.0,17.0,304.2,0.3189,3987644,0.015668
7191,205.0,15.0,303.7,0.3188,3988266,0.010222
7192,120.0,13.0,301.1,0.3187,3988794,0.030108
7193,345.0,24.0,298.1,0.3187,3989501,0.019453
7194,185.0,11.0,298.1,0.3186,3989889,0.007715
7195,35.0,4.0,297.4,0.3185,3990137,0.030059
7196,260.0,19.0,298.6,0.3184,3990814,0.022413
7197,145.0,11.0,298.9,0.3183,3991372,0.006422
7198,110.0,11.0,293.9,0.3182,3991868,0.005966
7199,180.0,15.0,292.6,0.3181,3992364,0.008646
7200,415.0,28.0,294.6,0.3180,3993213,0.016045
7201,725.0,33.0,297.7,0.3179,3994316,0.011795
7202,185.0,13.0,298.1,0.3178,3994907,0.009884
7203,240.0,17.0,299.9,0.3177,3995495,0.147307
7204,140.0,11.0,298.9,0.3176,3996124,0.009739
7205,365.0,25.0,300.7,0.3175,3997003,0.003729
7206,320.0,22.0,299.4,0.3174,3997820,0.006293
7207,310.0,22.0,301.2,0.3173,3998451,0.004781
7208,165.0,13.0,299.5,0.3172,3998918,0.004717
7209,580.0,27.0,302.9,0.3171,3999796,0.009694
7210,355.0,25.0,302.9,0.3170,4000572,0.005811
7211,100.0,8.0,301.4,0.3169,4000859,0.010519
7212,310.0,20.0,302.6,0.3169,4001505,0.010875
7213,205.0,15.0,303.1,0.3168,4002011,0.013171
7214,230.0,17.0,302.3,0.3167,4002552,0.013998
7215,195.0,14.0,302.2,0.3166,4003179,0.008107
7216,370.0,24.0,302.5,0.3165,4003950,0.009081
7217,200.0,17.0,298.3,0.3164,4004445,0.016387
7218,230.0,15.0,298.4,0.3163,4004999,0.007423
7219,195.0,14.0,294.9,0.3162,4005506,0.015817
7220,300.0,19.0,294.9,0.3161,4006155,0.010005
7221,155.0,12.0,291.9,0.3160,4006576,0.009261
7222,220.0,16.0,289.6,0.3159,4007043,0.006386
7223,230.0,19.0,289.4,0.3158,4007563,0.008063
7224,425.0,28.0,283.7,0.3157,4008283,0.009003
7225,215.0,16.0,283.5,0.3156,4008997,0.017992
7226,250.0,20.0,282.9,0.3155,4009627,0.005877
7227,195.0,14.0,282.4,0.3154,4010194,0.124944
7228,430.0,29.0,284.6,0.3153,4011101,0.025056
7229,245.0,16.0,280.3,0.3152,4011737,0.009295
7230,435.0,28.0,281.5,0.3151,4012630,0.007257
7231,395.0,27.0,281.9,0.3151,4013562,0.009479
7232,370.0,23.0,283.9,0.3150,4014293,0.008736
7233,230.0,18.0,284.8,0.3149,4014897,0.011800
7234,60.0,7.0,283.9,0.3148,4015267,0.015291
7235,790.0,29.0,289.9,0.3147,4016243,0.011869
7236,330.0,20.0,291.4,0.3146,4016870,0.014416
7237,190.0,15.0,291.9,0.3145,4017330,0.008443
7238,430.0,27.0,293.9,0.3144,4018108,0.004415
7239,200.0,16.0,292.4,0.3143,4018594,0.020366
7240,145.0,12.0,290.4,0.3142,4019153,0.004579
7241,435.0,29.0,293.0,0.3141,4020007,0.005390
7242,230.0,17.0,293.2,0.3140,4020481,0.013766
7243,245.0,16.0,289.8,0.3139,4021051,0.013338
7244,450.0,29.0,291.4,0.3138,4021919,0.023814
7245,350.0,21.0,294.4,0.3137,4022651,0.008657
7246,80.0,8.0,292.2,0.3136,4023109,0.110044
7247,190.0,14.0,289.9,0.3135,4023703,0.012380
7248,60.0,5.0,288.9,0.3134,4023987,0.009997
7249,180.0,14.0,288.9,0.3133,4024538,0.017576
7250,215.0,16.0,288.4,0.3133,4025190,0.011856
7251,580.0,34.0,288.8,0.3132,4026193,0.006533
7252,515.0,32.0,291.7,0.3131,4027231,0.017471
7253,515.0,32.0,296.2,0.3130,4028149,0.009198
7254,345.0,23.0,298.6,0.3129,4028837,0.010477
7255,215.0,16.0,297.7,0.3128,4029459,0.011621
7256,120.0,11.0,295.6,0.3127,4029922,0.006334
7257,575.0,34.0,296.6,0.3126,4030800,0.006304
7258,420.0,26.0,298.1,0.3125,4031478,0.014091
7259,430.0,21.0,298.9,0.3124,4032362,0.039298
7260,335.0,23.0,296.4,0.3123,4032980,0.006023
7261,570.0,26.0,299.5,0.3122,4033767,0.016944
7262,440.0,18.0,300.9,0.3121,4034497,0.013170
7263,185.0,14.0,300.6,0.3120,4034883,0.011025
7264,155.0,12.0,300.2,0.3119,4035312,0.011706
7265,210.0,18.0,299.6,0.3118,4035865,0.010418
7266,570.0,27.0,299.4,0.3117,4036613,0.014610
7267,295.0,21.0,298.0,0.3116,4037256,0.006690
7268,435.0,18.0,301.9,0.3115,4037898,0.012839
7269,295.0,22.0,298.8,0.3115,4038705,0.007767
7270,190.0,13.0,297.9,0.3114,4039204,0.011140
7271,240.0,18.0,295.9,0.3113,4039681,0.008707
7272,280.0,21.0,295.1,0.3112,4040517,0.010798
7273,375.0,25.0,296.7,0.3111,4041429,0.007896
7274,375.0,26.0,297.1,0.3110,4042067,0.014383
7275,115.0,10.0,295.7,0.3109,4042427,0.009476
7276,300.0,21.0,290.7,0.3108,4043034,0.008240
7277,395.0,27.0,292.0,0.3107,4043770,0.005790
7278,275.0,18.0,290.7,0.3106,4044220,0.011913
7279,115.0,9.0,288.5,0.3105,4044614,0.005112
7280,220.0,16.0,289.6,0.3104,4045131,0.012742
7281,410.0,18.0,291.9,0.3103,4045777,0.008307
7282,390.0,26.0,293.4,0.3102,4046527,0.013423
7283,285.0,20.0,294.9,0.3101,4047121,0.125846
7284,250.0,19.0,295.6,0.3100,4047631,0.008333
7285,345.0,22.0,296.4,0.3099,4048278,0.006511
7286,590.0,34.0,299.4,0.3098,4049187,0.009401
7287,245.0,19.0,298.1,0.3097,4049783,0.019317
7288,410.0,27.0,296.6,0.3097,4050560,0.014938
7289,225.0,16.0,297.6,0.3096,4050959,0.017648
7290,155.0,12.0,294.9,0.3095,4051438,0.006029
7291,305.0,20.0,295.9,0.3094,4052183,0.012934
7292,285.0,19.0,297.5,0.3093,4052967,0.008610
7293,275.0,18.0,296.8,0.3092,4053485,0.013431
7294,215.0,19.0,297.1,0.3091,4054165,0.016913
7295,215.0,16.0,298.9,0.3090,4054655,0.008869
7296,625.0,29.0,302.6,0.3089,4055645,0.011210
7297,540.0,26.0,306.5,0.3088,4056392,0.008327
7298,305.0,21.0,308.4,0.3087,4057033,0.005073
7299,545.0,23.0,312.1,0.3086,4057781,0.034329
7300,175.0,13.0,309.7,0.3085,4058233,0.019048
7301,395.0,26.0,306.4,0.3084,4059103,0.010453
7302,370.0,25.0,308.2,0.3083,4059939,0.031189
7303,705.0,31.0,312.9,0.3082,4060848,0.008789
7304,325.0,23.0,314.8,0.3081,4061583,0.007390
7305,195.0,16.0,313.1,0.3080,4062169,0.011330
7306,400.0,27.0,313.9,0.3079,4062809,0.011089
7307,360.0,24.0,314.4,0.3079,4063541,0.010701
7308,140.0,13.0,314.1,0.3078,4064178,0.007200
7309,170.0,14.0,310.0,0.3077,4064640,0.013963
7310,245.0,18.0,308.9,0.3076,4065296,0.110163
7311,285.0,20.0,310.8,0.3075,4065849,0.005797
7312,395.0,26.0,311.6,0.3074,4066665,0.006838
7313,315.0,23.0,312.7,0.3073,4067345,0.006177
7314,270.0,19.0,313.1,0.3072,4067983,0.014698
7315,60.0,6.0,311.8,0.3071,4068372,0.010419
7316,270.0,21.0,310.8,0.3070,4069038,0.060952
7317,480.0,30.0,313.6,0.3069,4069787,0.005904
7318,195.0,14.0,313.2,0.3068,4070386,0.029492
7319,220.0,17.0,313.4,0.3067,4070815,0.035711
7320,325.0,21.0,313.7,0.3066,4071609,0.012553
7321,355.0,23.0,315.7,0.3065,4072297,0.011194
7322,635.0,29.0,319.9,0.3064,4073007,0.070319
7323,745.0,34.0,325.0,0.3063,4074125,0.012959
7324,235.0,18.0,323.1,0.3062,4074741,0.006118
7325,190.0,16.0,322.9,0.3061,4075227,0.017222
7326,525.0,32.0,325.6,0.3061,4076250,0.012278
7327,220.0,17.0,325.9,0.3060,4076786,0.004728
7328,575.0,27.0,327.3,0.3059,4077586,0.011135
7329,410.0,26.0,328.9,0.3058,4078183,0.007897
7330,415.0,27.0,328.8,0.3057,4078970,0.016867
7331,185.0,15.0,326.6,0.3056,4079504,0.007494
7332,325.0,22.0,326.2,0.3055,4080190,0.009891
7333,225.0,16.0,326.1,0.3054,4080873,0.018208
7334,395.0,26.0,329.5,0.3053,4081632,0.009558
7335,485.0,30.0,326.4,0.3052,4082552,0.029010
7336,170.0,13.0,324.9,0.3051,4083036,0.020207
7337,190.0,16.0,324.9,0.3050,4083614,0.007894
7338,335.0,24.0,323.9,0.3049,4084289,0.005447
7339,800.0,36.0,329.9,0.3048,4085396,0.016926
7340,150.0,14.0,329.9,0.3047,4085901,0.010046
7341,215.0,13.0,327.8,0.3046,4086514,0.007608
7342,390.0,25.0,329.4,0.3045,4087140,0.007474
7343,630.0,27.0,333.2,0.3044,4087821,0.008426
7344,80.0,7.0,329.5,0.3043,4088192,0.013731
7345,320.0,24.0,329.2,0.3043,4088983,0.013115
7346,335.0,24.0,331.8,0.3042,4089814,0.010923
7347,160.0,13.0,331.4,0.3041,4090381,0.017146
7348,380.0,26.0,334.6,0.3040,4091046,0.017977
7349,190.0,14.0,334.8,0.3039,4091512,0.007140
7350,150.0,13.0,334.1,0.3038,4092008,0.007712
7351,165.0,15.0,329.9,0.3037,4092607,0.071779
7352,215.0,16.0,326.9,0.3036,4093145,0.007524
7353,300.0,22.0,324.8,0.3035,4093807,0.009023
7354,135.0,12.0,322.7,0.3034,4094278,0.006716
7355,575.0,27.0,326.3,0.3033,4095126,0.032582
7356,380.0,24.0,328.9,0.3032,4095812,0.056190
7357,150.0,13.0,324.6,0.3031,4096225,0.033870
7358,250.0,18.0,322.9,0.3030,4096841,0.014816
7359,150.0,10.0,320.1,0.3029,4097308,0.013684
7360,225.0,16.0,319.1,0.3028,4097885,0.025177
7361,125.0,8.0,314.6,0.3027,4098217,0.013415
7362,320.0,23.0,313.4,0.3026,4098861,0.005561
7363,245.0,19.0,314.0,0.3025,4099485,0.133983
7364,325.0,24.0,315.7,0.3025,4100113,0.016985
7365,495.0,23.0,318.6,0.3024,4100809,0.011553
7366,210.0,17.0,314.9,0.3023,4101273,0.016146
7367,255.0,18.0,314.6,0.3022,4101871,0.016446
7368,325.0,23.0,313.4,0.3021,4102501,0.019625
7369,185.0,16.0,312.4,0.3020,4103077,0.016298
7370,170.0,12.0,312.1,0.3019,4103449,0.006055
7371,240.0,17.0,312.1,0.3018,4104009,0.011953
7372,460.0,30.0,313.9,0.3017,4104793,0.012342
7373,210.0,15.0,312.3,0.3016,4105458,0.007825
7374,200.0,15.0,310.6,0.3015,4105978,0.005817
7375,440.0,27.0,313.8,0.3014,4106608,0.021742
7376,215.0,16.0,312.9,0.3013,4107092,0.011326
7377,210.0,16.0,311.1,0.3012,4107578,0.007670
7378,110.0,9.0,309.4,0.3011,4108011,0.019234
7379,380.0,24.0,312.1,0.3010,4108629,0.008678
7380,440.0,29.0,314.3,0.3009,4109373,0.005575
7381,350.0,23.0,313.7,0.3008,4110097,0.020027
7382,535.0,32.0,315.1,0.3007,4110981,0.067996
7383,450.0,29.0,316.8,0.3007,4111849,0.015648
7384,775.0,35.0,322.1,0.3006,4112989,0.013860
7385,230.0,16.0,320.9,0.3005,4113644,0.009035
7386,290.0,20.0,317.9,0.3004,4114316,0.006957
7387,570.0,34.0,321.1,0.3003,4115291,0.025843
7388,275.0,20.0,319.8,0.3002,4115743,0.009838
7389,690.0,32.0,324.4,0.3001,4116548,0.025612
7390,350.0,22.0,326.4,0.3000,4117183,0.008181
7391,315.0,20.0,326.5,0.2999,4117675,0.006246
7392,220.0,16.0,325.9,0.2998,4118193,0.010913
7393,155.0,12.0,324.6,0.2997,4118629,0.136838
7394,375.0,26.0,326.2,0.2996,4119468,0.024452
7395,295.0,19.0,327.1,0.2995,4120092,0.015769
7396,220.0,17.0,323.0,0.2994,4120923,0.050672
7397,390.0,27.0,321.5,0.2993,4121496,0.015265
7398,165.0,14.0,320.1,0.2992,4121900,0.011678
7399,195.0,17.0,316.6,0.2991,4122453,0.015721
7400,155.0,13.0,316.4,0.2990,4122937,0.006769
7401,340.0,22.0,315.9,0.2989,4123591,0.012676
7402,140.0,13.0,313.6,0.2989,4124078,0.074254
7403,330.0,23.0,309.8,0.2988,4124713,0.007105
7404,590.0,27.0,312.4,0.2987,4125541,0.013838
7405,440.0,29.0,314.9,0.2986,4126247,0.008165
7406,405.0,28.0,314.9,0.2985,4127004,0.003270
7407,185.0,13.0,313.2,0.2984,4127395,0.008765
7408,470.0,30.0,316.5,0.2983,4128195,0.007782
7409,135.0,11.0,316.1,0.2982,4128690,0.011979
7410,125.0,9.0,314.9,0.2981,4129000,0.009379
7411,255.0,18.0,314.6,0.2980,4129636,0.010691
7412,370.0,24.0,314.4,0.2979,4130355,0.010036
7413,700.0,32.0,318.2,0.2978,4131256,0.013852
7414,320.0,24.0,318.8,0.2977,4132064,0.014040
7415,305.0,21.0,321.2,0.2976,4132734,0.005761
7416,530.0,31.0,323.8,0.2975,4133535,0.008450
7417,450.0,28.0,323.5,0.2974,4134201,0.008623
7418,120.0,8.0,322.8,0.2973,4134589,0.032441
7419,380.0,24.0,324.4,0.2972,4135256,0.013376
7420,490.0,31.0,326.0,0.2971,4136055,0.009717
7421,390.0,25.0,326.4,0.2971,4136680,0.007308
7422,110.0,12.0,321.1,0.2970,4137286,0.164993
7423,475.0,30.0,318.4,0.2969,4138172,0.008803
7424,325.0,22.0,319.3,0.2968,4138737,0.009879
7425,215.0,16.0,319.6,0.2967,4139334,0.027984
7426,185.0,12.0,316.1,0.2966,4139685,0.015850
7427,360.0,23.0,317.6,0.2965,4140456,0.017348
7428,295.0,18.0,314.8,0.2964,4141019,0.015797
7429,325.0,24.0,313.9,0.2963,4141806,0.120558
7430,195.0,16.0,311.7,0.2962,4142354,0.006961
7431,350.0,23.0,313.4,0.2961,4142960,0.010521
7432,405.0,26.0,314.1,0.2960,4143610,0.018227
7433,220.0,18.0,314.1,0.2959,4144204,0.009875
7434,360.0,23.0,313.8,0.2958,4144765,0.122684
7435,170.0,12.0,310.6,0.2957,4145158,0.054467
7436,195.0,14.0,310.9,0.2956,4145613,0.022080
7437,555.0,33.0,314.5,0.2955,4146697,0.016127
7438,325.0,22.0,314.4,0.2954,4147315,0.015301
7439,575.0,26.0,312.1,0.2953,4148273,0.018405
7440,140.0,13.0,312.1,0.2953,4148879,0.010464
7441,300.0,20.0,312.9,0.2952,4149501,0.003556
7442,510.0,31.0,314.1,0.2951,4150407,0.006235
7443,340.0,23.0,311.2,0.2950,4151173,0.015286
7444,345.0,25.0,313.9,0.2949,4152022,0.008715
7445,160.0,11.0,312.2,0.2948,4152470,0.003989
7446,630.0,36.0,315.2,0.2947,4153662,0.010789
7447,200.0,14.0,315.6,0.2946,4154148,0.009303
7448,320.0,23.0,315.0,0.2945,4154764,0.017604
7449,175.0,15.0,314.9,0.2944,4155329,0.009354
7450,520.0,32.0,318.6,0.2943,4156236,0.018804
7451,190.0,14.0,318.8,0.2942,4156692,0.075757
7452,485.0,31.0,321.5,0.2941,4157437,0.009255
7453,185.0,15.0,320.4,0.2940,4157913,0.005442
7454,250.0,18.0,321.5,0.2939,4158499,0.009812
7455,275.0,20.0,318.5,0.2938,4159157,0.012619
7456,410.0,26.0,318.8,0.2937,4159744,0.020241
7457,195.0,14.0,319.2,0.2936,4160285,0.018072
7458,455.0,29.0,321.3,0.2935,4161233,0.007650
7459,320.0,23.0,323.0,0.2935,4161875,0.016188
7460,550.0,33.0,326.2,0.2934,4162647,0.018206
7461,300.0,20.0,328.0,0.2933,4163309,0.006177
7462,350.0,26.0,328.3,0.2932,4164063,0.022641
7463,305.0,20.0,328.9,0.2931,4164635,0.008737
7464,155.0,12.0,327.2,0.2930,4165012,0.025968
7465,175.0,14.0,324.0,0.2929,4165474,0.008097
7466,230.0,18.0,324.2,0.2928,4166054,0.012206
7467,330.0,21.0,324.9,0.2927,4166753,0.004081
7468,120.0,12.0,322.9,0.2926,4167263,0.013495
7469,145.0,12.0,322.5,0.2925,4167853,0.010069
7470,385.0,27.0,324.6,0.2924,4168586,0.007827
7471,180.0,14.0,324.1,0.2923,4168986,0.015377
7472,420.0,28.0,323.6,0.2922,4169665,0.005087
7473,290.0,22.0,324.4,0.2921,4170362,0.029114
7474,770.0,35.0,330.1,0.2920,4171164,0.018149
7475,220.0,17.0,327.9,0.2919,4171621,0.008377
7476,470.0,30.0,330.5,0.2918,4172568,0.010226
7477,110.0,10.0,329.5,0.2917,4172968,0.022372
7478,340.0,24.0,331.8,0.2917,4173714,0.022669
7479,165.0,13.0,329.6,0.2916,4174159,0.009844
7480,355.0,24.0,328.8,0.2915,4174760,0.012173
7481,610.0,27.0,331.4,0.2914,4175554,0.011562
7482,165.0,12.0,327.7,0.2913,4175945,0.010640
7483,475.0,30.0,327.9,0.2912,4176982,0.021311
7484,255.0,19.0,322.8,0.2911,4177571,0.043951
7485,340.0,23.0,323.9,0.2910,4178258,0.009640
7486,450.0,29.0,325.4,0.2909,4179257,0.008782
7487,380.0,17.0,323.6,0.2908,4179833,0.019277
7488,280.0,20.0,323.6,0.2907,4180429,0.022896
7489,390.0,13.0,320.6,0.2906,4180966,0.076529
7490,365.0,23.0,320.8,0.2905,4181615,0.014884
7491,255.0,17.0,320.1,0.2904,4182132,0.021477
7492,375.0,25.0,321.7,0.2903,4182953,0.160709
7493,645.0,29.0,326.6,0.2902,4183610,0.011071
7494,250.0,18.0,325.4,0.2901,4184092,0.007848
7495,770.0,35.0,330.1,0.2900,4185085,0.014496
7496,400.0,17.0,331.9,0.2899,4185755,0.021669
7497,325.0,23.0,331.2,0.2899,4186434,0.003480
7498,555.0,33.0,335.1,0.2898,4187350,0.013664
7499,220.0,19.0,335.4,0.2897,4188009,0.006375
7500,715.0,33.0,341.0,0.2896,4189016,0.009332
7501,395.0,27.0,341.6,0.2895,4189793,0.008010
7502,345.0,23.0,343.6,0.2894,4190728,0.010093
7503,495.0,31.0,345.2,0.2893,4191618,0.011993
7504,235.0,17.0,341.7,0.2892,4192084,0.010613
7505,715.0,33.0,344.4,0.2891,4193060,0.012663
7506,310.0,20.0,343.5,0.2890,4193654,0.009817
7507,450.0,28.0,346.1,0.2889,4194254,0.009162
7508,240.0,16.0,343.9,0.2888,4194725,0.017471
7509,600.0,35.0,348.5,0.2887,4195813,0.005628
7510,395.0,14.0,351.2,0.2886,4196321,0.014268
7511,480.0,30.0,353.4,0.2885,4197049,0.006136
7512,240.0,19.0,352.1,0.2884,4197733,0.057215
7513,585.0,26.0,351.0,0.2883,4198387,0.014501
7514,135.0,12.0,349.1,0.2882,4198861,0.012157
7515,535.0,32.0,351.4,0.2881,4199682,0.071433
7516,275.0,21.0,348.9,0.2881,4200235,0.016534
7517,220.0,14.0,346.6,0.2880,4200875,0.013465
7518,210.0,12.0,347.5,0.2879,4201417,0.018815
7519,425.0,27.0,347.9,0.2878,4202135,0.010041
7520,540.0,24.0,348.4,0.2877,4202846,0.018308
7521,220.0,18.0,346.8,0.2876,4203318,0.012475
7522,265.0,19.0,348.3,0.2875,4203930,0.006258
7523,195.0,15.0,345.5,0.2874,4204417,0.017339
7524,320.0,23.0,345.4,0.2873,4204997,0.014651
7525,155.0,12.0,344.9,0.2872,4205372,0.027684
7526,260.0,16.0,345.6,0.2871,4205853,0.029714
7527,265.0,17.0,344.6,0.2870,4206575,0.055256
7528,405.0,27.0,345.8,0.2869,4207344,0.012357
7529,430.0,27.0,346.8,0.2868,4207991,0.012539
7530,95.0,9.0,345.8,0.2867,4208379,0.011773
7531,200.0,14.0,344.3,0.2866,4208986,0.007910
7532,435.0,28.0,344.6,0.2865,4209949,0.011581
7533,300.0,23.0,345.4,0.2864,4210636,0.015950
7534,240.0,17.0,344.2,0.2863,4211163,0.010951
7535,225.0,16.0,344.8,0.2863,4211557,0.022076
7536,275.0,18.0,345.6,0.2862,4212095,0.006472
7537,675.0,30.0,346.8,0.2861,4212950,0.016611
7538,215.0,15.0,345.6,0.2860,4213549,0.073886
7539,155.0,10.0,341.4,0.2859,4213954,0.005380
7540,305.0,21.0,343.1,0.2858,4214609,0.013429
7541,355.0,25.0,343.6,0.2857,4215225,0.008029
7542,110.0,8.0,339.6,0.2856,4215551,0.013012
7543,330.0,23.0,339.6,0.2855,4216206,0.006868
7544,150.0,10.0,337.6,0.2854,4216497,0.053181
7545,230.0,18.0,338.3,0.2853,4216939,0.029295
7546,440.0,29.0,336.4,0.2852,4217612,0.006607
7547,260.0,19.0,337.0,0.2851,4218351,0.008381
7548,195.0,17.0,335.8,0.2850,4218938,0.016264
7549,195.0,15.0,335.9,0.2849,4219416,0.007892
7550,235.0,17.0,333.1,0.2848,4219905,0.006863
7551,285.0,20.0,334.1,0.2847,4220508,0.028275
7552,350.0,23.0,332.7,0.2846,4221265,0.010461
7553,435.0,26.0,335.2,0.2845,4221956,0.012650
7554,140.0,10.0,334.1,0.2845,4222383,0.010708
7555,105.0,8.0,332.4,0.2844,4222678,0.015483
7556,290.0,19.0,331.2,0.2843,4223125,0.015145
7557,400.0,27.0,333.2,0.2842,4223901,0.067805
7558,330.0,21.0,332.0,0.2841,4224455,0.019497
7559,335.0,23.0,332.1,0.2840,4225081,0.009173
7560,400.0,26.0,330.6,0.2839,4225690,0.028694
7561,170.0,14.0,329.4,0.2838,4226158,0.011988
7562,195.0,15.0,327.8,0.2837,4226698,0.005918
7563,190.0,16.0,326.6,0.2836,4227170,0.007987
7564,235.0,16.0,327.4,0.2835,4227781,0.005926
7565,445.0,27.0,330.1,0.2834,4228379,0.017958
7566,310.0,20.0,330.9,0.2833,4228903,0.016106
7567,475.0,23.0,332.4,0.2832,4229717,0.139899
7568,195.0,17.0,333.1,0.2831,4230246,0.008800
7569,320.0,23.0,334.9,0.2830,4230869,0.014446
7570,575.0,34.0,336.8,0.2829,4231801,0.023500
7571,215.0,16.0,337.1,0.2828,4232266,0.016654
7572,600.0,35.0,338.9,0.2827,4233108,0.004780
7573,285.0,18.0,338.9,0.2827,4233603,0.016612
7574,320.0,23.0,334.4,0.2826,4234276,0.008063
7575,380.0,25.0,336.0,0.2825,4235017,0.020956
7576,205.0,15.0,333.4,0.2824,4235481,0.018234
7577,645.0,30.0,338.7,0.2823,4236313,0.007341
7578,545.0,33.0,340.8,0.2822,4237222,0.008403
7579,290.0,22.0,342.0,0.2821,4237848,0.113701
7580,375.0,24.0,342.2,0.2820,4238598,0.008806
7581,445.0,29.0,340.6,0.2819,4239263,0.009941
7582,265.0,20.0,341.6,0.2818,4239831,0.010866
7583,290.0,22.0,339.7,0.2817,4240574,0.010686
7584,200.0,14.0,339.1,0.2816,4240975,0.013300
7585,135.0,11.0,337.1,0.2815,4241458,0.029858
7586,355.0,25.0,336.1,0.2814,4242162,0.107019
7587,400.0,26.0,336.4,0.2813,4242944,0.011161
7588,555.0,26.0,339.1,0.2812,4243835,0.069211
7589,350.0,25.0,338.7,0.2811,4244612,0.012550
7590,515.0,24.0,340.2,0.2810,4245228,0.013300
7591,190.0,15.0,339.6,0.2809,4245703,0.006117
7592,225.0,19.0,338.1,0.2809,4246166,0.011025
7593,385.0,25.0,335.4,0.2808,4246837,0.019966
7594,245.0,20.0,335.4,0.2807,4247373,0.013327
7595,410.0,27.0,331.8,0.2806,4248213,0.009336
7596,290.0,21.0,330.7,0.2805,4248717,0.013134
7597,360.0,25.0,331.1,0.2804,4249434,0.008003
7598,575.0,34.0,331.2,0.2803,4250620,0.023391
7599,170.0,15.0,330.8,0.2802,4251138,0.008663
7600,385.0,25.0,327.4,0.2801,4251866,0.010985
7601,415.0,27.0,327.6,0.2800,4252620,0.010293
7602,240.0,19.0,326.6,0.2799,4253220,0.016498
7603,190.0,14.0,323.6,0.2798,4253690,0.008601
7604,170.0,12.0,322.9,0.2797,4254062,0.014007
7605,335.0,23.0,319.1,0.2796,4254722,0.016287
7606,640.0,28.0,322.4,0.2795,4255477,0.010569
7607,230.0,16.0,320.2,0.2794,4256110,0.010554
7608,410.0,26.0,321.9,0.2793,4256714,0.005690
7609,265.0,18.0,318.6,0.2792,4257279,0.007721
7610,190.0,18.0,316.5,0.2791,4257837,0.006899
7611,720.0,33.0,318.9,0.2791,4258739,0.006697
7612,175.0,14.0,318.2,0.2790,4259338,0.018057
7613,215.0,16.0,314.6,0.2789,4259860,0.006837
7614,230.0,15.0,315.5,0.2788,4260350,0.008278
7615,140.0,11.0,311.6,0.2787,4260828,0.011882
7616,155.0,11.0,310.4,0.2786,4261336,0.007837
7617,140.0,10.0,309.6,0.2785,4261684,0.012706
7618,565.0,26.0,313.1,0.2784,4262372,0.024759
7619,175.0,14.0,310.6,0.2783,4262802,0.027988
7620,585.0,24.0,311.1,0.2782,4263477,0.007435
7621,190.0,13.0,310.8,0.2781,4263967,0.027996
7622,50.0,6.0,308.6,0.2780,4264266,0.025064
7623,315.0,22.0,309.8,0.2779,4264887,0.009418
7624,375.0,26.0,310.4,0.2778,4265625,0.010992
7625,285.0,18.0,311.6,0.2777,4266156,0.161559
7626,260.0,16.0,311.6,0.2776,4266652,0.016280
7627,185.0,14.0,310.9,0.2775,4267080,0.007678
7628,305.0,20.0,309.9,0.2774,4267746,0.014055
7629,240.0,16.0,307.9,0.2773,4268432,0.013007
7630,400.0,27.0,311.0,0.2773,4269188,0.014538
7631,345.0,23.0,312.4,0.2772,4269787,0.010261
7632,460.0,30.0,312.7,0.2771,4270456,0.033651
7633,235.0,16.0,312.1,0.2770,4271045,0.007875
7634,150.0,13.0,311.1,0.2769,4271489,0.010891
7635,260.0,19.0,311.5,0.2768,4272097,0.013319
7636,515.0,32.0,313.9,0.2767,4272886,0.016717
7637,115.0,10.0,308.3,0.2766,4273300,0.023314
7638,350.0,22.0,309.6,0.2765,4273874,0.136221
7639,210.0,15.0,310.2,0.2764,4274258,0.004967
7640,305.0,19.0,310.2,0.2763,4274982,0.008124
7641,200.0,16.0,308.6,0.2762,4275470,0.136681
7642,310.0,20.0,310.6,0.2761,4276011,0.206981
7643,155.0,12.0,308.9,0.2760,4276414,0.021639
7644,360.0,25.0,311.0,0.2759,4277159,0.012624
7645,170.0,12.0,310.4,0.2758,4277528,0.007742
7646,490.0,31.0,310.9,0.2757,4278235,0.020638
7647,180.0,15.0,310.1,0.2756,4278767,0.004669
7648,120.0,8.0,309.4,0.2755,4279167,0.010623
7649,190.0,14.0,309.3,0.2755,4279579,0.072989
7650,220.0,17.0,309.1,0.2754,4280051,0.019967
7651,380.0,25.0,310.1,0.2753,4280622,0.005352
7652,215.0,18.0,308.8,0.2752,4281144,0.011626
7653,390.0,27.0,308.3,0.2751,4281967,0.007586
7654,220.0,16.0,309.1,0.2750,4282433,0.014962
7655,220.0,17.0,310.2,0.2749,4282947,0.146646
7656,200.0,15.0,309.4,0.2748,4283476,0.006728
7657,365.0,14.0,309.0,0.2747,4284005,0.009791
7658,240.0,16.0,308.1,0.2746,4284482,0.024608
7659,415.0,24.0,308.9,0.2745,4285034,0.010575
7660,230.0,17.0,307.2,0.2744,4285457,0.027039
7661,60.0,6.0,306.1,0.2743,4285748,0.005713
7662,485.0,30.0,309.0,0.2742,4286528,0.007165
7663,490.0,22.0,312.0,0.2741,4287324,0.009301
7664,220.0,16.0,311.9,0.2740,4287729,0.024435
7665,260.0,19.0,310.0,0.2739,4288282,0.007250
7666,860.0,32.0,315.5,0.2738,4289263,0.040511
7667,310.0,22.0,313.9,0.2737,4290010,0.015533
7668,355.0,24.0,315.4,0.2737,4290715,0.018175
7669,245.0,19.0,314.7,0.2736,4291167,0.032367
7670,515.0,32.0,314.1,0.2735,4291921,0.007607
7671,385.0,25.0,315.8,0.2734,4292591,0.012365
7672,615.0,29.0,315.9,0.2733,4293368,0.140272
7673,335.0,24.0,316.4,0.2732,4293993,0.040737
7674,270.0,21.0,315.9,0.2731,4294547,0.010703
7675,435.0,28.0,316.5,0.2730,4295350,0.007399
7676,290.0,19.0,317.4,0.2729,4295828,0.082218
7677,435.0,29.0,315.2,0.2728,4296587,0.007660
7678,340.0,22.0,313.2,0.2727,4297299,0.009089
7679,505.0,23.0,315.4,0.2726,4298017,0.016263
7680,455.0,20.0,316.1,0.2725,4298680,0.034467
7681,490.0,31.0,316.6,0.2724,4299484,0.006186
7682,225.0,19.0,316.2,0.2723,4300106,0.037073
7683,830.0,37.0,321.6,0.2722,4301244,0.010924
7684,660.0,30.0,326.2,0.2721,4302169,0.016353
7685,245.0,17.0,327.3,0.2720,4302862,0.012475
7686,360.0,24.0,327.4,0.2719,4303510,0.012301
7687,190.0,17.0,325.2,0.2719,4304212,0.005048
7688,345.0,23.0,323.1,0.2718,4305231,0.012167
7689,310.0,21.0,322.8,0.2717,4305796,0.026233
7690,435.0,26.0,321.9,0.2716,4306466,0.020746
7691,170.0,13.0,321.8,0.2715,4306936,0.025134
7692,225.0,17.0,321.8,0.2714,4307593,0.018645
7693,255.0,17.0,320.4,0.2713,4308151,0.008373
7694,205.0,14.0,320.1,0.2712,4308632,0.017801
7695,265.0,19.0,318.6,0.2711,4309300,0.019809
7696,550.0,24.0,321.2,0.2710,4309903,0.014914
7697,330.0,22.0,320.9,0.2709,4310475,0.006719
7698,255.0,20.0,317.7,0.2708,4311065,0.010152
7699,440.0,29.0,320.4,0.2707,4311745,0.006549
7700,310.0,22.0,319.6,0.2706,4312441,0.021173
7701,160.0,12.0,317.1,0.2705,4312816,0.019249
7702,145.0,10.0,316.1,0.2704,4313199,0.105896
7703,345.0,21.0,317.7,0.2703,4313918,0.014832
7704,220.0,16.0,318.2,0.2702,4314394,0.010431
7705,390.0,26.0,318.8,0.2701,4315222,0.008560
7706,230.0,15.0,314.6,0.2701,4315632,0.010576
7707,200.0,15.0,314.4,0.2700,4316074,0.007463
7708,465.0,28.0,314.9,0.2699,4316732,0.006465
7709,165.0,15.0,313.9,0.2698,4317377,0.007600
7710,230.0,15.0,314.3,0.2697,4317746,0.131514
7711,265.0,19.0,309.8,0.2696,4318222,0.010197
7712,180.0,14.0,309.8,0.2695,4318580,0.026099
7713,310.0,21.0,310.8,0.2694,4319225,0.013108
7714,505.0,22.0,313.5,0.2693,4319860,0.006347
7715,645.0,30.0,318.6,0.2692,4320720,0.006743
7716,345.0,25.0,320.4,0.2691,4321323,0.007890
7717,325.0,22.0,322.3,0.2690,4321993,0.011311
7718,270.0,18.0,319.4,0.2689,4322579,0.013294
7719,395.0,25.0,321.6,0.2688,4323279,0.009249
7720,315.0,21.0,318.9,0.2687,4323964,0.007247
7721,270.0,18.0,319.6,0.2686,4324591,0.011056
7722,510.0,23.0,324.2,0.2685,4325213,0.012470
7723,280.0,19.0,323.9,0.2684,4325906,0.009899
7724,210.0,16.0,322.2,0.2683,4326315,0.015656
7725,775.0,35.0,327.1,0.2683,4327214,0.008888
7726,275.0,20.0,327.3,0.2682,4327692,0.007548
7727,180.0,15.0,327.2,0.2681,4328314,0.013996
7728,415.0,26.0,328.4,0.2680,4329021,0.008383
7729,270.0,18.0,328.6,0.2679,4329642,0.015701
7730,600.0,35.0,330.6,0.2678,4330682,0.011565
7731,490.0,31.0,332.1,0.2677,4331569,0.012779
7732,240.0,19.0,329.9,0.2676,4332176,0.021664
7733,215.0,16.0,329.7,0.2675,4332699,0.011764
7734,190.0,14.0,330.1,0.2674,4333191,0.057980
7735,495.0,31.0,332.4,0.2673,4334044,0.006739
7736,505.0,24.0,332.4,0.2672,4334823,0.005024
7737,270.0,21.0,333.9,0.2671,4335469,0.008626
7738,210.0,15.0,332.5,0.2670,4335923,0.079343
7739,545.0,33.0,335.9,0.2669,4336978,0.021765
7740,240.0,19.0,335.2,0.2668,4337405,0.016993
7741,305.0,19.0,336.2,0.2667,4337937,0.006230
7742,435.0,28.0,337.5,0.2666,4338722,0.134143
7743,165.0,12.0,337.6,0.2665,4339168,0.011628
7744,495.0,31.0,338.9,0.2665,4340032,0.014990
7745,210.0,16.0,339.4,0.2664,4340501,0.085395
7746,465.0,30.0,339.1,0.2663,4341404,0.008298
7747,360.0,25.0,340.9,0.2662,4342076,0.010658
7748,275.0,18.0,342.4,0.2661,4342584,0.009269
7749,285.0,21.0,343.4,0.2660,4343154,0.005102
7750,280.0,19.0,344.0,0.2659,4343719,0.012562
7751,160.0,14.0,341.8,0.2658,4344177,0.019705
7752,325.0,21.0,342.9,0.2657,4344805,0.013522
7753,205.0,15.0,341.1,0.2656,4345334,0.009399
7754,365.0,23.0,342.5,0.2655,4346042,0.017595
7755,240.0,16.0,342.7,0.2654,4346623,0.023543
7756,375.0,26.0,344.4,0.2653,4347328,0.024518
7757,310.0,22.0,343.9,0.2652,4347918,0.081338
7758,390.0,23.0,345.4,0.2651,4348511,0.018099
7759,435.0,28.0,345.6,0.2650,4349237,0.024591
7760,555.0,25.0,348.9,0.2649,4349884,0.020510
7761,160.0,13.0,349.9,0.2648,4350397,0.008612
7762,280.0,19.0,347.8,0.2647,4350964,0.012875
7763,545.0,25.0,348.4,0.2647,4351801,0.029932
7764,545.0,33.0,351.6,0.2646,4352756,0.021245
7765,190.0,16.0,350.9,0.2645,4353267,0.009130
7766,315.0,21.0,345.4,0.2644,4353914,0.014638
7767,435.0,29.0,346.7,0.2643,4354853,0.008232
7768,205.0,14.0,345.2,0.2642,4355335,0.011413
7769,255.0,19.0,345.3,0.2641,4355937,0.013240
7770,205.0,15.0,342.2,0.2640,4356398,0.015803
7771,335.0,24.0,341.7,0.2639,4357058,0.014162
7772,650.0,39.0,342.1,0.2638,4358194,0.007548
7773,210.0,17.0,340.8,0.2637,4358685,0.007976
7774,265.0,17.0,340.8,0.2636,4359122,0.014012
7775,450.0,27.0,340.9,0.2635,4359796,0.008398
7776,235.0,18.0,340.4,0.2634,4360368,0.017126
7777,530.0,22.0,341.3,0.2633,4361047,0.005913
7778,555.0,33.0,343.4,0.2632,4362168,0.010112
7779,175.0,12.0,340.1,0.2631,4362590,0.149166
7780,540.0,33.0,341.0,0.2630,4363542,0.005338
7781,230.0,18.0,338.4,0.2629,4364070,0.045642
7782,285.0,20.0,339.0,0.2629,4364519,0.010811
7783,320.0,22.0,333.9,0.2628,4365030,0.014947
7784,390.0,23.0,331.2,0.2627,4365648,0.024862
7785,140.0,11.0,330.1,0.2626,4366151,0.006454
7786,195.0,17.0,328.5,0.2625,4366715,0.015993
7787,135.0,11.0,327.9,0.2624,4367147,0.007677
7788,320.0,22.0,327.7,0.2623,4367741,0.016444
7789,375.0,25.0,328.4,0.2622,4368300,0.009380
7790,475.0,30.0,328.8,0.2621,4369213,0.011931
7791,610.0,27.0,333.1,0.2620,4369898,0.087359
7792,335.0,21.0,334.2,0.2619,4370414,0.020103
7793,315.0,21.0,334.9,0.2618,4371073,0.008573
7794,310.0,22.0,335.9,0.2617,4371677,0.008717
7795,320.0,20.0,336.4,0.2616,4372246,0.042094
7796,395.0,27.0,334.9,0.2615,4372870,0.013965
7797,485.0,23.0,336.4,0.2614,4373659,0.009036
7798,375.0,23.0,337.6,0.2613,4374339,0.008460
7799,555.0,32.0,338.8,0.2612,4375023,0.008952
7800,470.0,30.0,340.4,0.2611,4375778,0.010989
7801,270.0,19.0,341.5,0.2611,4376312,0.013407
7802,285.0,22.0,342.9,0.2610,4376877,0.020163
7803,315.0,22.0,342.6,0.2609,4377557,0.010162
7804,230.0,17.0,342.7,0.2608,4378090,0.007029
7805,345.0,23.0,342.2,0.2607,4378727,0.013563
7806,635.0,37.0,346.3,0.2606,4379833,0.010491
7807,310.0,21.0,347.4,0.2605,4380463,0.015833
7808,775.0,35.0,350.5,0.2604,4381463,0.022614
7809,265.0,18.0,351.5,0.2603,4381916,0.014801
7810,635.0,30.0,355.6,0.2602,4382827,0.011363
7811,205.0,14.0,354.9,0.2601,4383252,0.008396
7812,455.0,29.0,357.7,0.2600,4383959,0.005247
7813,280.0,21.0,357.4,0.2599,4384498,0.009596
7814,250.0,19.0,354.9,0.2598,4385145,0.012412
7815,545.0,33.0,353.9,0.2597,4386086,0.026274
7816,450.0,28.0,354.9,0.2596,4386671,0.007939
7817,255.0,18.0,354.2,0.2595,4387286,0.014507
7818,170.0,14.0,353.2,0.2594,4387759,0.010358
7819,360.0,23.0,352.9,0.2593,4388422,0.006253
7820,305.0,22.0,352.8,0.2593,4389216,0.007008
7821,145.0,13.0,351.5,0.2592,4389642,0.007371
7822,420.0,26.0,350.6,0.2591,4390375,0.011591
7823,155.0,11.0,349.4,0.2590,4390853,0.007633
7824,90.0,9.0,348.1,0.2589,4391280,0.010370
7825,575.0,34.0,346.1,0.2588,4392249,0.010605
7826,285.0,19.0,346.2,0.2587,4392798,0.130139
7827,405.0,25.0,348.5,0.2586,4393415,0.011320
7828,485.0,21.0,349.2,0.2585,4394018,0.008210
7829,295.0,20.0,349.4,0.2584,4394578,0.011327
7830,175.0,13.0,345.2,0.2583,4394979,0.007336
7831,535.0,32.0,345.6,0.2582,4395866,0.016115
7832,340.0,23.0,346.6,0.2581,4396425,0.008209
7833,625.0,29.0,350.8,0.2580,4397158,0.012578
7834,405.0,27.0,352.9,0.2579,4398061,0.018516
7835,320.0,22.0,351.1,0.2578,4398607,0.023442
7836,390.0,25.0,350.0,0.2577,4399210,0.008710
7837,775.0,35.0,355.1,0.2576,4400166,0.126745
7838,365.0,24.0,356.6,0.2575,4400781,0.019712
7839,295.0,21.0,354.1,0.2575,4401423,0.006389
7840,430.0,28.0,356.0,0.2574,4402270,0.021512
7841,450.0,29.0,357.4,0.2573,4403092,0.006840
7842,415.0,28.0,357.2,0.2572,4403805,0.042776
7843,275.0,20.0,358.4,0.2571,4404387,0.013389
7844,315.0,22.0,356.6,0.2570,4405038,0.024312
7845,210.0,15.0,356.6,0.2569,4405552,0.007114
7846,510.0,32.0,357.0,0.2568,4406420,0.008845
7847,155.0,14.0,354.9,0.2567,4406988,0.012414
7848,205.0,15.0,354.2,0.2566,4407472,0.113726
7849,365.0,26.0,355.1,0.2565,4408196,0.009721
7850,220.0,17.0,354.4,0.2564,4408689,0.130236
7851,465.0,28.0,357.5,0.2563,4409372,0.006088
7852,440.0,27.0,358.6,0.2562,4410010,0.113814
7853,150.0,10.0,358.1,0.2561,4410411,0.010880
7854,365.0,24.0,358.1,0.2560,4410986,0.019226
7855,410.0,27.0,359.8,0.2559,4411739,0.007333
7856,570.0,27.0,361.8,0.2558,4412410,0.011853
7857,325.0,20.0,361.9,0.2557,4413071,0.042313
7858,295.0,23.0,360.9,0.2557,4413679,0.010582
7859,725.0,46.0,363.9,0.2556,4414823,0.017922
7860,430.0,29.0,362.6,0.2555,4415604,0.011928
7861,210.0,12.0,363.1,0.2554,4415959,0.021494
7862,265.0,19.0,362.9,0.2553,4416503,0.006007
7863,295.0,21.0,360.4,0.2552,4417198,0.015042
7864,815.0,30.0,363.1,0.2551,4418041,0.012841
7865,310.0,22.0,364.4,0.2550,4418699,0.007901
7866,280.0,21.0,364.0,0.2549,4419364,0.008521
7867,370.0,26.0,363.4,0.2548,4420171,0.011857
7868,375.0,25.0,365.1,0.2547,4420917,0.012418
7869,300.0,22.0,365.5,0.2546,4421612,0.006542
7870,240.0,15.0,365.9,0.2545,4422159,0.014874
7871,135.0,12.0,363.9,0.2544,4422630,0.009249
7872,470.0,28.0,362.1,0.2543,4423313,0.009704
7873,475.0,21.0,364.7,0.2542,4423931,0.120256
7874,535.0,32.0,367.4,0.2541,4425031,0.146234
7875,340.0,25.0,366.3,0.2540,4425735,0.017178
7876,365.0,23.0,367.6,0.2539,4426369,0.017330
7877,495.0,31.0,367.2,0.2539,4427239,0.009782
7878,695.0,32.0,368.6,0.2538,4428076,0.020083
7879,525.0,32.0,372.1,0.2537,4429016,0.021037
7880,540.0,24.0,372.1,0.2536,4429656,0.022952
7881,450.0,19.0,374.4,0.2535,4430435,0.028167
7882,195.0,14.0,373.4,0.2534,4430895,0.013592
7883,465.0,30.0,374.9,0.2533,4431835,0.011123
7884,165.0,13.0,372.6,0.2532,4432440,0.075906
7885,230.0,17.0,373.6,0.2531,4432975,0.012896
7886,305.0,21.0,374.6,0.2530,4433573,0.123333
7887,270.0,18.0,376.0,0.2529,4434128,0.013208
7888,405.0,26.0,376.9,0.2528,4434773,0.011803
7889,290.0,23.0,376.0,0.2527,4435371,0.008226
7890,290.0,21.0,374.1,0.2526,4435989,0.007786
7891,170.0,13.0,369.8,0.2525,4436454,0.004394
7892,210.0,15.0,368.5,0.2524,4437009,0.005586
7893,335.0,23.0,368.7,0.2523,4437633,0.008171
7894,285.0,21.0,368.4,0.2522,4438125,0.014010
7895,240.0,17.0,367.6,0.2521,4438781,0.017375
7896,375.0,24.0,367.4,0.2521,4439403,0.005500
7897,170.0,14.0,364.3,0.2520,4439840,0.007348
7898,360.0,24.0,364.1,0.2519,4440660,0.019346
7899,470.0,21.0,363.3,0.2518,4441347,0.013101
7900,570.0,34.0,364.3,0.2517,4442202,0.011006
7901,205.0,17.0,363.6,0.2516,4442700,0.014306
7902,200.0,16.0,362.8,0.2515,4443284,0.011570
7903,260.0,17.0,362.2,0.2514,4443849,0.011566
7904,390.0,25.0,363.9,0.2513,4444654,0.036326
7905,340.0,23.0,363.8,0.2512,4445320,0.013854
7906,595.0,27.0,363.4,0.2511,4446130,0.019998
7907,230.0,18.0,362.6,0.2510,4446762,0.014576
7908,385.0,26.0,358.7,0.2509,4447447,0.012627
7909,440.0,29.0,360.4,0.2508,4448311,0.010361
7910,170.0,15.0,355.8,0.2507,4448841,0.009641
7911,350.0,25.0,357.2,0.2506,4449596,0.014524
7912,250.0,18.0,355.2,0.2505,4450164,0.014035
7913,255.0,19.0,354.9,0.2504,4450746,0.020345
7914,520.0,32.0,357.6,0.2503,4451699,0.010327
7915,75.0,6.0,352.9,0.2503,4452016,0.006012
7916,200.0,17.0,350.4,0.2502,4452530,0.013538
7917,175.0,13.0,349.6,0.2501,4452965,0.009408
7918,650.0,29.0,354.4,0.2500,4453846,0.006017
7919,235.0,17.0,353.2,0.2499,4454283,0.006944
7920,265.0,20.0,352.8,0.2498,4454931,0.017259
7921,330.0,24.0,354.6,0.2497,4455660,0.011874
7922,280.0,18.0,353.2,0.2496,4456393,0.015462
7923,315.0,21.0,354.9,0.2495,4457023,0.030359
7924,190.0,15.0,355.9,0.2494,4457695,0.012654
7925,350.0,23.0,353.6,0.2493,4458241,0.005718
7926,425.0,27.0,355.0,0.2492,4458987,0.015124
7927,575.0,34.0,356.7,0.2491,4459957,0.019082
7928,275.0,18.0,354.6,0.2490,4460403,0.008990
7929,320.0,22.0,354.9,0.2489,4461027,0.023672
7930,260.0,18.0,355.7,0.2488,4461589,0.013356
7931,535.0,22.0,355.7,0.2487,4462226,0.022663
7932,240.0,17.0,354.7,0.2486,4462789,0.012768
7933,365.0,25.0,352.1,0.2485,4463378,0.018370
7934,280.0,19.0,350.9,0.2485,4463915,0.012595
7935,280.0,20.0,350.4,0.2484,4464547,0.016786
7936,170.0,13.0,348.2,0.2483,4465300,0.012244
7937,550.0,33.0,346.0,0.2482,4466130,0.012355
7938,235.0,17.0,344.7,0.2481,4466588,0.014952
7939,245.0,17.0,344.2,0.2480,4467151,0.010732
7940,225.0,15.0,342.1,0.2479,4467559,0.006660
7941,140.0,10.0,339.1,0.2478,4467939,0.004630
7942,100.0,8.0,335.9,0.2477,4468241,0.009932
7943,345.0,21.0,336.6,0.2476,4468756,0.014479
7944,660.0,31.0,340.1,0.2475,4469540,0.008054
7945,215.0,15.0,340.1,0.2474,4470021,0.018936
7946,200.0,16.0,337.0,0.2473,4470593,0.006932
7947,255.0,19.0,338.0,0.2472,4471053,0.018412
7948,405.0,27.0,340.0,0.2471,4471645,0.016866
7949,640.0,30.0,342.8,0.2470,4472659,0.129443
7950,970.0,36.0,350.2,0.2469,4473655,0.007664
7951,400.0,26.0,349.6,0.2468,4474359,0.009167
7952,155.0,12.0,346.8,0.2467,4474842,0.003933
7953,590.0,27.0,351.1,0.2467,4475501,0.014494
7954,190.0,15.0,349.4,0.2466,4475987,0.012496
7955,340.0,23.0,348.7,0.2465,4476596,0.009921
7956,400.0,26.0,347.0,0.2464,4477252,0.011191
7957,180.0,12.0,345.6,0.2463,4477642,0.024537
7958,240.0,16.0,345.0,0.2462,4478173,0.005610
7959,505.0,21.0,342.8,0.2461,4478780,0.007346
7960,690.0,31.0,345.4,0.2460,4479518,0.008478
7961,110.0,10.0,344.4,0.2459,4479942,0.048493
7962,415.0,28.0,345.9,0.2458,4480646,0.006318
7963,425.0,26.0,347.2,0.2457,4481444,0.015009
7964,505.0,30.0,344.1,0.2456,4482232,0.010792
7965,645.0,28.0,347.4,0.2455,4482895,0.013675
7966,435.0,29.0,349.0,0.2454,4483650,0.015666
7967,220.0,16.0,347.5,0.2453,4484172,0.041449
7968,510.0,31.0,348.9,0.2452,4484839,0.019004
7969,375.0,25.0,349.6,0.2451,4485544,0.010548
7970,335.0,23.0,350.6,0.2450,4486196,0.006996
7971,345.0,24.0,352.6,0.2449,4486849,0.003249
7972,375.0,27.0,351.7,0.2449,4487556,0.013040
7973,345.0,22.0,350.4,0.2448,4488271,0.008213
7974,320.0,19.0,348.2,0.2447,4489005,0.006639
7975,310.0,22.0,347.9,0.2446,4489678,0.011888
7976,435.0,28.0,348.6,0.2445,4490455,0.006919
7977,325.0,22.0,346.9,0.2444,4491138,0.014204
7978,210.0,17.0,342.1,0.2443,4491925,0.013954
7979,360.0,26.0,340.4,0.2442,4492646,0.154748
7980,300.0,21.0,338.1,0.2441,4493256,0.014571
7981,205.0,15.0,335.6,0.2440,4493631,0.019702
7982,265.0,17.0,336.3,0.2439,4494118,0.013293
7983,235.0,19.0,334.0,0.2438,4494658,0.007420
7984,595.0,26.0,338.3,0.2437,4495337,0.035183
7985,195.0,15.0,337.9,0.2436,4495873,0.012067
7986,310.0,23.0,338.0,0.2435,4496509,0.022714
7987,280.0,19.0,338.1,0.2434,4497056,0.016448
7988,390.0,26.0,337.9,0.2433,4497855,0.012401
7989,340.0,21.0,338.4,0.2432,4498515,0.011465
7990,325.0,23.0,338.8,0.2431,4499198,0.007443
7991,555.0,26.0,342.6,0.2431,4499981,0.024173
7992,330.0,21.0,343.9,0.2430,4500599,0.010751
7993,370.0,24.0,344.2,0.2429,4501217,0.007995
7994,310.0,22.0,344.4,0.2428,4501781,0.014895
7995,180.0,14.0,343.9,0.2427,4502262,0.009081
7996,255.0,18.0,342.6,0.2426,4502947,0.009049
7997,440.0,29.0,345.4,0.2425,4503879,0.012364
7998,385.0,25.0,345.6,0.2424,4504510,0.023690
7999,615.0,29.0,347.1,0.2423,4505272,0.018703
8000,300.0,21.0,344.4,0.2422,4505771,0.011188
8001,220.0,16.0,344.5,0.2421,4506212,0.008713
8002,325.0,22.0,345.8,0.2420,4506815,0.023820
8003,220.0,18.0,345.4,0.2419,4507523,0.038552
8004,345.0,23.0,344.9,0.2418,4508151,0.021065
8005,235.0,17.0,343.9,0.2417,4508607,0.020673
8006,325.0,22.0,341.1,0.2416,4509155,0.016945
8007,465.0,30.0,343.5,0.2415,4509963,0.024002
8008,300.0,21.0,342.6,0.2414,4510474,0.067704
8009,160.0,14.0,339.9,0.2413,4511033,0.066657
8010,415.0,28.0,342.3,0.2413,4511841,0.144597
8011,350.0,23.0,342.3,0.2412,4512463,0.012499
8012,450.0,20.0,344.3,0.2411,4513012,0.011596
8013,270.0,20.0,344.4,0.2410,4513681,0.012953
8014,185.0,15.0,341.1,0.2409,4514197,0.032777
8015,255.0,18.0,342.9,0.2408,4514774,0.013105
8016,300.0,21.0,343.9,0.2407,4515285,0.018809
8017,150.0,10.0,343.6,0.2406,4515654,0.020442
8018,180.0,13.0,338.9,0.2405,4516006,0.012725
8019,540.0,33.0,342.0,0.2404,4516960,0.022987
8020,540.0,25.0,344.8,0.2403,4517642,0.010455
8021,530.0,32.0,346.8,0.2402,4518685,0.050422
8022,305.0,21.0,347.0,0.2401,4519287,0.023078
8023,295.0,20.0,346.8,0.2400,4519914,0.007581
8024,290.0,19.0,347.8,0.2399,4520487,0.006972
8025,225.0,16.0,346.6,0.2398,4520916,0.010977
8026,335.0,23.0,345.6,0.2397,4521532,0.014702
8027,200.0,14.0,341.9,0.2396,4522035,0.016112
8028,480.0,30.0,343.9,0.2395,4522994,0.012553
8029,235.0,18.0,343.1,0.2395,4523466,0.013779
8030,160.0,14.0,342.1,0.2394,4523871,0.010874
8031,260.0,21.0,339.4,0.2393,4524541,0.010146
8032,260.0,19.0,339.6,0.2392,4525107,0.009349
8033,495.0,31.0,340.9,0.2391,4526024,0.018487
8034,395.0,27.0,342.0,0.2390,4526695,0.024519
8035,290.0,20.0,342.1,0.2389,4527299,0.008263
8036,700.0,32.0,347.4,0.2388,4528041,0.017499
8037,405.0,27.0,345.9,0.2387,4528750,0.009611
8038,400.0,27.0,347.6,0.2386,4529464,0.009857
8039,515.0,32.0,350.3,0.2385,4530362,0.030348
8040,355.0,24.0,351.6,0.2384,4531024,0.018714
8041,230.0,17.0,352.5,0.2383,4531489,0.016311
8042,280.0,21.0,354.3,0.2382,4532129,0.017564
8043,305.0,22.0,353.9,0.2381,4532724,0.015430
8044,155.0,13.0,348.9,0.2380,4533274,0.006881
8045,455.0,28.0,351.2,0.2379,4533966,0.123359
8046,205.0,17.0,351.3,0.2378,4534498,0.009183
8047,280.0,19.0,351.6,0.2377,4535066,0.069160
8048,460.0,30.0,352.1,0.2377,4535743,0.006825
8049,420.0,26.0,349.9,0.2376,4536395,0.007845
8050,185.0,15.0,342.1,0.2375,4536799,0.010169
8051,400.0,27.0,342.1,0.2374,4537628,0.013490
8052,465.0,29.0,345.1,0.2373,4538447,0.013763
8053,800.0,36.0,347.2,0.2372,4539306,0.016346
8054,155.0,13.0,346.9,0.2371,4539708,0.024839
8055,325.0,21.0,346.8,0.2370,4540378,0.010027
8056,290.0,21.0,345.6,0.2369,4541194,0.010702
8057,170.0,13.0,345.6,0.2368,4541690,0.007767
8058,545.0,33.0,348.6,0.2367,4542678,0.010238
8059,510.0,31.0,348.6,0.2366,4543463,0.011331
8060,445.0,29.0,346.2,0.2365,4544414,0.020078
8061,260.0,18.0,347.7,0.2364,4544855,0.015557
8062,135.0,13.0,344.9,0.2363,4545431,0.008193
8063,255.0,19.0,343.2,0.2362,4546053,0.008776
8064,280.0,19.0,340.9,0.2361,4546501,0.026043
8065,420.0,28.0,338.7,0.2360,4547276,0.004251
8066,415.0,28.0,338.5,0.2359,4548126,0.007189
8067,365.0,25.0,339.9,0.2359,4548796,0.010435
8068,170.0,13.0,336.6,0.2358,4549272,0.014912
8069,230.0,19.0,335.1,0.2357,4549794,0.123304
8070,175.0,13.0,333.5,0.2356,4550207,0.008188
8071,575.0,34.0,335.8,0.2355,4551183,0.070104
8072,425.0,26.0,336.3,0.2354,4551817,0.022776
8073,405.0,25.0,336.9,0.2353,4552420,0.010702
8074,325.0,23.0,336.9,0.2352,4553110,0.011411
8075,230.0,15.0,336.1,0.2351,4553587,0.019992
8076,385.0,24.0,335.6,0.2350,4554255,0.014107
8077,525.0,32.0,337.6,0.2349,4555127,0.030868
8078,300.0,22.0,338.6,0.2348,4555741,0.011107
8079,415.0,28.0,339.1,0.2347,4556452,0.027975
8080,360.0,24.0,339.7,0.2346,4557300,0.008274
8081,380.0,26.0,341.4,0.2345,4558115,0.008363
8082,240.0,18.0,341.2,0.2344,4558590,0.011822
8083,265.0,18.0,341.5,0.2343,4559154,0.018218
8084,370.0,24.0,339.2,0.2342,4559834,0.013571
8085,465.0,30.0,341.9,0.2341,4560786,0.015542
8086,405.0,25.0,342.9,0.2341,4561497,0.016395
8087,305.0,20.0,343.1,0.2340,4562018,0.007620
8088,515.0,24.0,344.4,0.2339,4562695,0.009461
8089,300.0,22.0,344.0,0.2338,4563175,0.018148
8090,240.0,17.0,343.1,0.2337,4563771,0.015310
8091,380.0,26.0,341.4,0.2336,4564557,0.007370
8092,210.0,15.0,340.2,0.2335,4565159,0.012725
8093,340.0,25.0,339.9,0.2334,4565992,0.019136
8094,230.0,18.0,339.1,0.2333,4566516,0.012835
8095,395.0,24.0,341.2,0.2332,4567237,0.022382
8096,185.0,17.0,340.6,0.2331,4567888,0.010965
8097,135.0,12.0,337.5,0.2330,4568239,0.019412
8098,495.0,22.0,338.6,0.2329,4568821,0.008424
8099,195.0,15.0,334.4,0.2328,4569215,0.012277
8100,210.0,14.0,333.5,0.2327,4569615,0.078911
8101,365.0,25.0,334.9,0.2326,4570308,0.008354
8102,290.0,18.0,334.6,0.2325,4570904,0.032778
8103,195.0,15.0,334.4,0.2324,4571507,0.025154
8104,370.0,26.0,334.6,0.2323,4572325,0.014334
8105,275.0,19.0,335.0,0.2323,4572814,0.013863
8106,315.0,20.0,334.9,0.2322,4573537,0.003040
8107,410.0,16.0,334.4,0.2321,4574218,0.016310
8108,265.0,18.0,334.0,0.2320,4574777,0.014797
8109,305.0,20.0,335.4,0.2319,4575408,0.008232
8110,205.0,16.0,333.4,0.2318,4576046,0.055528
8111,370.0,26.0,333.6,0.2317,4576684,0.008339
8112,135.0,12.0,330.4,0.2316,4577153,0.006635
8113,195.0,15.0,329.6,0.2315,4577662,0.003728
8114,265.0,20.0,330.4,0.2314,4578096,0.007563
8115,405.0,25.0,331.9,0.2313,4578765,0.006696
8116,500.0,31.0,333.9,0.2312,4579913,0.009591
8117,435.0,27.0,336.8,0.2311,4580512,0.007716
8118,265.0,20.0,337.6,0.2310,4581083,0.014866
8119,335.0,23.0,335.6,0.2309,4581852,0.009250
8120,720.0,33.0,337.4,0.2308,4582776,0.013310
8121,450.0,21.0,336.6,0.2307,4583383,0.019569
8122,250.0,18.0,336.1,0.2306,4583814,0.014715
8123,300.0,22.0,336.1,0.2305,4584417,0.013281
8124,395.0,27.0,337.1,0.2305,4585206,0.006361
8125,245.0,16.0,337.4,0.2304,4585715,0.010559
8126,215.0,13.0,336.1,0.2303,4586227,0.029886
8127,480.0,30.0,338.9,0.2302,4586959,0.008617
8128,220.0,17.0,336.4,0.2301,4587472,0.018840
8129,410.0,27.0,338.1,0.2300,4588179,0.010601
8130,320.0,22.0,339.7,0.2299,4588822,0.010255
8131,450.0,28.0,341.6,0.2298,4589509,0.011975
8132,430.0,28.0,343.3,0.2297,4590286,0.013650
8133,185.0,13.0,340.2,0.2296,4590758,0.035970
8134,525.0,32.0,341.5,0.2295,4591879,0.012490
8135,225.0,16.0,340.9,0.2294,4592426,0.008851
8136,530.0,31.0,339.1,0.2293,4593181,0.009145
8137,490.0,31.0,340.0,0.2292,4594120,0.011862
8138,330.0,21.0,339.3,0.2291,4594760,0.009423
8139,350.0,23.0,337.6,0.2290,4595491,0.094050
8140,445.0,29.0,338.6,0.2289,4596190,0.009134
8141,240.0,18.0,338.6,0.2288,4596830,0.017370
8142,185.0,14.0,337.7,0.2287,4597231,0.009765
8143,300.0,20.0,337.6,0.2287,4597974,0.010408
8144,275.0,19.0,338.9,0.2286,4598550,0.013925
8145,315.0,20.0,337.4,0.2285,4599150,0.019161
8146,215.0,16.0,337.6,0.2284,4599535,0.013390
8147,295.0,23.0,337.7,0.2283,4600392,0.011897
8148,405.0,27.0,337.1,0.2282,4601379,0.013429
8149,175.0,12.0,334.7,0.2281,4601855,0.016105
8150,285.0,19.0,335.7,0.2280,4602518,0.010862
8151,290.0,21.0,334.6,0.2279,4603099,0.010593
8152,600.0,35.0,335.9,0.2278,4604194,0.006449
8153,385.0,24.0,331.8,0.2277,4604805,0.016044
8154,365.0,24.0,333.9,0.2276,4605451,0.014192
8155,300.0,20.0,333.6,0.2275,4605950,0.013278
8156,290.0,20.0,333.6,0.2274,4606502,0.009921
8157,280.0,17.0,334.8,0.2273,4607137,0.005992
8158,285.0,20.0,332.1,0.2272,4607714,0.064198
8159,220.0,16.0,329.2,0.2271,4608135,0.009869
8160,190.0,15.0,326.7,0.2270,4608698,0.008817
8161,500.0,31.0,329.1,0.2269,4609688,0.014274
8162,365.0,24.0,331.4,0.2269,4610330,0.023389
8163,135.0,9.0,330.2,0.2268,4610760,0.013524
8164,280.0,20.0,330.2,0.2267,4611395,0.006887
8165,360.0,23.0,329.6,0.2266,4612042,0.011806
8166,250.0,18.0,327.9,0.2265,4612474,0.040112
8167,255.0,19.0,326.9,0.2264,4613066,0.008443
8168,295.0,21.0,328.1,0.2263,4613675,0.006396
8169,495.0,31.0,330.8,0.2262,4614406,0.009055
8170,235.0,19.0,331.4,0.2261,4614862,0.024055
8171,185.0,13.0,327.4,0.2260,4615325,0.009504
8172,355.0,25.0,326.8,0.2259,4615951,0.006174
8173,265.0,18.0,325.4,0.2258,4616507,0.008356
8174,220.0,18.0,324.3,0.2257,4617183,0.008371
8175,315.0,21.0,325.1,0.2256,4617756,0.014359
8176,95.0,9.0,322.2,0.2255,4618145,0.009413
8177,365.0,25.0,320.6,0.2254,4618824,0.050996
8178,445.0,29.0,322.1,0.2253,4619570,0.012749
8179,215.0,16.0,320.1,0.2252,4620075,0.023975
8180,275.0,19.0,319.2,0.2251,4620565,0.005707
8181,440.0,27.0,319.9,0.2251,4621348,0.011290
8182,470.0,30.0,322.1,0.2250,4622272,0.014997
8183,350.0,25.0,323.0,0.2249,4622913,0.016004
8184,85.0,7.0,320.1,0.2248,4623226,0.007077
8185,290.0,20.0,318.4,0.2247,4623888,0.020258
8186,265.0,21.0,317.0,0.2246,4624550,0.014682
8187,340.0,23.0,317.4,0.2245,4625253,0.007980
8188,115.0,10.0,313.4,0.2244,4625642,0.009717
8189,305.0,21.0,313.4,0.2243,4626264,0.011026
8190,575.0,34.0,316.8,0.2242,4627171,0.017933
8191,265.0,19.0,315.6,0.2241,4627790,0.011452
8192,210.0,15.0,315.6,0.2240,4628278,0.017923
8193,290.0,19.0,315.1,0.2239,4628848,0.008154
8194,620.0,27.0,319.0,0.2238,4629504,0.007301
8195,235.0,17.0,317.4,0.2237,4630126,0.015764
8196,195.0,13.0,317.5,0.2236,4630592,0.023668
8197,455.0,29.0,320.7,0.2235,4631388,0.007554
8198,515.0,32.0,320.9,0.2234,4632333,0.016717
8199,135.0,12.0,320.3,0.2233,4632803,0.016284
8200,165.0,14.0,319.9,0.2233,4633266,0.010903
8201,330.0,23.0,319.5,0.2232,4633914,0.013458
8202,330.0,23.0,319.9,0.2231,4634533,0.008360
8203,305.0,21.0,321.0,0.2230,4635185,0.012867
8204,200.0,15.0,319.3,0.2229,4635711,0.004947
8205,515.0,20.0,321.7,0.2228,4636371,0.116343
8206,345.0,24.0,322.0,0.2227,4637028,0.043288
8207,190.0,16.0,319.8,0.2226,4637549,0.003490
8208,205.0,15.0,319.2,0.2225,4638024,0.006341
8209,205.0,14.0,318.2,0.2224,4638395,0.015635
8210,565.0,33.0,321.8,0.2223,4639276,0.131133
8211,290.0,21.0,321.0,0.2222,4639873,0.008028
8212,545.0,33.0,325.1,0.2221,4640670,0.015603
8213,320.0,22.0,326.4,0.2220,4641280,0.005864
8214,355.0,24.0,327.2,0.2219,4641884,0.017657
8215,315.0,21.0,326.4,0.2218,4642472,0.012376
8216,200.0,16.0,323.4,0.2217,4643005,0.010245
8217,540.0,22.0,324.4,0.2216,4643658,0.009470
8218,260.0,18.0,324.4,0.2215,4644143,0.009228
8219,390.0,26.0,324.9,0.2215,4644873,0.054370
8220,310.0,20.0,320.8,0.2214,4645446,0.008012
8221,210.0,14.0,318.4,0.2213,4645925,0.012594
8222,270.0,20.0,318.6,0.2212,4646502,0.008467
8223,110.0,11.0,316.7,0.2211,4647052,0.008208
8224,395.0,25.0,316.7,0.2210,4647623,0.017826
8225,485.0,31.0,319.1,0.2209,4648492,0.011556
8226,275.0,20.0,319.7,0.2208,4649130,0.018684
8227,755.0,34.0,322.4,0.2207,4650182,0.011613
8228,155.0,10.0,321.8,0.2206,4650499,0.005153
8229,150.0,10.0,319.2,0.2205,4650871,0.009207
8230,335.0,21.0,319.4,0.2204,4651595,0.004706
8231,415.0,27.0,319.0,0.2203,4652267,0.020699
8232,350.0,25.0,318.2,0.2202,4653116,0.169906
8233,90.0,10.0,317.2,0.2201,4653589,0.012927
8234,425.0,19.0,316.2,0.2200,4654146,0.009314
8235,285.0,17.0,316.9,0.2199,4654642,0.012349
8236,140.0,12.0,312.9,0.2198,4655092,0.006038
8237,165.0,14.0,309.7,0.2197,4655539,0.012090
8238,105.0,9.0,307.4,0.2197,4655903,0.009856
8239,465.0,18.0,308.6,0.2196,4656668,0.016144
8240,605.0,35.0,310.2,0.2195,4657745,0.008341
8241,340.0,24.0,311.2,0.2194,4658509,0.013441
8242,120.0,10.0,310.6,0.2193,4658907,0.006860
8243,525.0,32.0,312.8,0.2192,4659790,0.053347
8244,440.0,27.0,314.4,0.2191,4660456,0.008042
8245,125.0,10.0,312.6,0.2190,4660847,0.010298
8246,600.0,35.0,316.4,0.2189,4661955,0.009424
8247,275.0,19.0,316.2,0.2188,4662500,0.008725
8248,585.0,27.0,318.0,0.2187,4663198,0.009277
8249,520.0,32.0,321.4,0.2186,4664122,0.018852
8250,320.0,20.0,321.8,0.2185,4664761,0.017409
8251,215.0,14.0,321.1,0.2184,4665207,0.101691
8252,295.0,22.0,318.0,0.2183,4665981,0.015161
8253,80.0,6.0,314.9,0.2182,4666263,0.003887
8254,130.0,10.0,312.6,0.2181,4666627,0.008897
8255,685.0,41.0,316.4,0.2180,4667881,0.008136
8256,685.0,42.0,320.4,0.2179,4669074,0.005456
8257,445.0,29.0,322.1,0.2179,4669919,0.020767
8258,375.0,25.0,322.9,0.2178,4670542,0.058915
8259,100.0,9.0,321.8,0.2177,4670952,0.007791
8260,350.0,25.0,323.4,0.2176,4671700,0.016512
8261,235.0,19.0,320.7,0.2175,4672255,0.010888
8262,210.0,14.0,319.1,0.2174,4672720,0.025290
8263,515.0,32.0,322.9,0.2173,4673614,0.011196
8264,315.0,21.0,323.3,0.2172,4674129,0.121562
8265,225.0,18.0,321.9,0.2171,4674671,0.018112
8266,355.0,24.0,323.0,0.2170,4675282,0.012417
8267,320.0,20.0,323.6,0.2169,4675812,0.009636
8268,275.0,19.0,323.4,0.2168,4676522,0.012161
8269,235.0,18.0,320.9,0.2167,4677091,0.059219
8270,330.0,24.0,321.8,0.2166,4677848,0.008822
8271,695.0,32.0,326.9,0.2165,4678575,0.013908
8272,335.0,23.0,326.7,0.2164,4679257,0.014591
8273,175.0,13.0,325.8,0.2163,4679626,0.002878
8274,675.0,31.0,330.4,0.2162,4680363,0.013465
8275,360.0,22.0,330.8,0.2161,4680959,0.024357
8276,225.0,15.0,332.1,0.2161,4681397,0.008555
8277,355.0,22.0,332.0,0.2160,4681908,0.013768
8278,190.0,14.0,329.4,0.2159,4682397,0.010510
8279,340.0,22.0,330.7,0.2158,4682967,0.006011
8280,150.0,14.0,329.4,0.2157,4683567,0.007482
8281,220.0,17.0,327.2,0.2156,4684123,0.009648
8282,365.0,26.0,326.2,0.2155,4684778,0.007467
8283,200.0,17.0,324.7,0.2154,4685478,0.021914
8284,360.0,25.0,327.4,0.2153,4686194,0.017178
8285,420.0,25.0,328.8,0.2152,4686838,0.049214
8286,135.0,12.0,327.4,0.2151,4687237,0.012749
8287,300.0,21.0,327.1,0.2150,4687887,0.009138
8288,380.0,23.0,329.7,0.2149,4688470,0.018966
8289,515.0,32.0,331.8,0.2148,4689432,0.008517
8290,430.0,27.0,330.4,0.2147,4690140,0.019601
8291,525.0,32.0,332.9,0.2146,4690925,0.025536
8292,485.0,31.0,335.7,0.2145,4691765,0.008988
8293,345.0,25.0,336.2,0.2144,4692446,0.014635
8294,385.0,25.0,333.9,0.2143,4693053,0.007720
8295,75.0,5.0,332.3,0.2143,4693362,0.014494
8296,800.0,36.0,338.4,0.2142,4694605,0.053916
8297,90.0,10.0,334.7,0.2141,4695004,0.108947
8298,455.0,29.0,334.1,0.2140,4695639,0.013246
8299,180.0,13.0,334.6,0.2139,4696077,0.008146
8300,425.0,28.0,337.1,0.2138,4696778,0.013388
8301,315.0,22.0,337.0,0.2137,4697442,0.025181
8302,185.0,13.0,335.6,0.2136,4697812,0.031045
8303,310.0,22.0,335.6,0.2135,4698491,0.028278
8304,345.0,22.0,337.1,0.2134,4699234,0.010358
8305,270.0,17.0,334.6,0.2133,4699656,0.006170
8306,280.0,19.0,333.9,0.2132,4700196,0.010205
8307,365.0,24.0,335.7,0.2131,4700850,0.006602
8308,510.0,31.0,338.8,0.2130,4701679,0.026401
8309,400.0,24.0,340.7,0.2129,4702360,0.016850
8310,465.0,30.0,339.7,0.2128,4703283,0.006950
8311,275.0,19.0,339.6,0.2127,4704002,0.011595
8312,560.0,26.0,339.7,0.2126,4704763,0.011382
8313,375.0,24.0,340.2,0.2125,4705417,0.005452
8314,315.0,20.0,339.9,0.2125,4705993,0.008733
8315,465.0,20.0,341.4,0.2124,4706645,0.010640
8316,390.0,25.0,343.2,0.2123,4707321,0.010765
8317,465.0,30.0,342.5,0.2122,4708195,0.015628
8318,420.0,26.0,344.1,0.2121,4708870,0.016099
8319,340.0,24.0,343.6,0.2120,4709597,0.008868
8320,180.0,14.0,342.3,0.2119,4710082,0.011135
8321,315.0,21.0,343.4,0.2118,4710691,0.008696
8322,225.0,18.0,342.9,0.2117,4711304,0.005753
8323,580.0,27.0,347.6,0.2116,4712099,0.015255
8324,335.0,21.0,347.0,0.2115,4712792,0.015002
8325,490.0,30.0,347.1,0.2114,4713608,0.010781
8326,125.0,9.0,345.6,0.2113,4713992,0.008907
8327,240.0,16.0,340.4,0.2112,4714572,0.014449
8328,665.0,30.0,345.5,0.2111,4715295,0.003489
8329,365.0,22.0,347.6,0.2110,4715860,0.011973
8330,400.0,27.0,348.3,0.2109,4716583,0.014815
8331,260.0,17.0,346.8,0.2108,4717159,0.131792
8332,440.0,29.0,347.6,0.2107,4717868,0.008257
8333,420.0,26.0,350.9,0.2107,4718628,0.011808
8334,485.0,31.0,351.6,0.2106,4719570,0.132722
8335,300.0,22.0,351.7,0.2105,4720156,0.012542
8336,140.0,11.0,351.7,0.2104,4720639,0.006957
8337,490.0,31.0,354.9,0.2103,4721464,0.004322
8338,625.0,27.0,360.1,0.2102,4722213,0.011550
8339,270.0,19.0,358.2,0.2101,4722791,0.067347
8340,450.0,19.0,356.6,0.2100,4723517,0.009469
8341,575.0,25.0,359.0,0.2099,4724181,0.011256
8342,415.0,28.0,361.9,0.2098,4724966,0.025345
8343,200.0,17.0,358.7,0.2097,4725451,0.007796
8344,400.0,27.0,358.3,0.2096,4726207,0.025348
8345,315.0,23.0,360.2,0.2095,4726865,0.007915
8346,460.0,29.0,358.8,0.2094,4727701,0.018054
8347,305.0,21.0,359.1,0.2093,4728200,0.013646
8348,380.0,25.0,357.1,0.2092,4728959,0.052711
8349,275.0,20.0,354.6,0.2091,4729508,0.015730
8350,315.0,18.0,354.6,0.2090,4729969,0.052933
8351,235.0,18.0,354.8,0.2089,4730433,0.014354
8352,460.0,30.0,356.4,0.2089,4731280,0.012805
8353,200.0,14.0,357.6,0.2088,4731648,0.009350
8354,400.0,25.0,360.3,0.2087,4732274,0.015082
8355,605.0,35.0,359.5,0.2086,4733051,0.015295
8356,95.0,8.0,353.6,0.2085,4733439,0.080871
8357,215.0,14.0,351.3,0.2084,4733845,0.027921
8358,310.0,21.0,350.6,0.2083,4734667,0.019074
8359,395.0,25.0,353.6,0.2082,4735316,0.026103
8360,200.0,17.0,352.1,0.2081,4735972,0.011956
8361,690.0,32.0,356.6,0.2080,4736843,0.013039
8362,125.0,9.0,355.8,0.2079,4737122,0.012770
8363,205.0,17.0,352.7,0.2078,4737587,0.017328
8364,570.0,34.0,355.2,0.2077,4738383,0.013672
8365,480.0,30.0,357.8,0.2076,4739206,0.005477
8366,290.0,21.0,357.1,0.2075,4739920,0.013880
8367,255.0,21.0,356.5,0.2074,4740386,0.010178
8368,300.0,21.0,356.8,0.2073,4741046,0.028509
8369,205.0,17.0,356.4,0.2072,4741493,0.014177
8370,550.0,23.0,358.6,0.2071,4742146,0.006961
8371,250.0,20.0,354.2,0.2071,4742772,0.008447
8372,365.0,24.0,354.5,0.2070,4743363,0.008768
8373,355.0,25.0,356.3,0.2069,4743991,0.008323
8374,550.0,33.0,355.1,0.2068,4744757,0.008573
8375,445.0,29.0,355.9,0.2067,4745497,0.005293
8376,335.0,23.0,357.0,0.2066,4746277,0.008667
8377,175.0,14.0,355.2,0.2065,4746780,0.010062
8378,425.0,27.0,357.6,0.2064,4747434,0.120237
8379,140.0,11.0,355.6,0.2063,4747891,0.034088
8380,405.0,28.0,358.1,0.2062,4748595,0.008218
8381,500.0,30.0,360.9,0.2061,4749428,0.011650
8382,370.0,26.0,360.9,0.2060,4750193,0.016410
8383,190.0,14.0,360.9,0.2059,4750629,0.012504
8384,315.0,23.0,360.4,0.2058,4751432,0.012698
8385,150.0,13.0,357.7,0.2057,4751958,0.015549
8386,330.0,23.0,359.6,0.2056,4752547,0.026188
8387,365.0,23.0,360.3,0.2055,4753182,0.006806
8388,220.0,16.0,358.7,0.2054,4753628,0.013710
8389,210.0,17.0,355.6,0.2053,4754207,0.010793
8390,350.0,22.0,354.9,0.2053,4754856,0.015241
8391,310.0,22.0,352.7,0.2052,4755624,0.014909
8392,305.0,22.0,350.9,0.2051,4756229,0.014371
8393,285.0,20.0,350.3,0.2050,4756748,0.008627
8394,275.0,19.0,349.2,0.2049,4757265,0.010784
8395,170.0,13.0,350.1,0.2048,4757768,0.122373
8396,415.0,26.0,346.3,0.2047,4758405,0.019064
8397,195.0,15.0,347.4,0.2046,4758915,0.055449
8398,390.0,26.0,346.7,0.2045,4759607,0.011662
8399,390.0,25.0,348.8,0.2044,4760309,0.010742
8400,360.0,24.0,348.1,0.2043,4760881,0.012020
8401,315.0,22.0,348.1,0.2042,4761509,0.012672
8402,445.0,27.0,350.8,0.2041,4762229,0.012859
8403,150.0,12.0,349.1,0.2040,4762598,0.009274
8404,230.0,17.0,348.0,0.2039,4763425,0.004688
8405,515.0,32.0,350.4,0.2038,4764371,0.009573
8406,385.0,25.0,351.5,0.2037,4765080,0.056488
8407,225.0,17.0,350.1,0.2036,4765595,0.005779
8408,305.0,21.0,348.1,0.2035,4766217,0.015176
8409,330.0,25.0,347.4,0.2035,4766962,0.003616
8410,175.0,13.0,344.4,0.2034,4767341,0.010493
8411,260.0,17.0,344.3,0.2033,4767801,0.053193
8412,290.0,23.0,341.6,0.2032,4768552,0.007049
8413,235.0,20.0,340.2,0.2031,4769080,0.135267
8414,495.0,31.0,342.0,0.2030,4769816,0.011894
8415,230.0,15.0,339.6,0.2029,4770383,0.039043
8416,240.0,19.0,338.1,0.2028,4771143,0.025777
8417,305.0,19.0,336.6,0.2027,4771763,0.012452
8418,350.0,23.0,335.9,0.2026,4772447,0.014101
8419,235.0,18.0,334.8,0.2025,4772942,0.021616
8420,550.0,25.0,338.5,0.2024,4773707,0.007309
8421,425.0,27.0,339.6,0.2023,4774404,0.011520
8422,445.0,29.0,341.8,0.2022,4775351,0.015496
8423,480.0,23.0,340.8,0.2021,4776029,0.012767
8424,455.0,29.0,342.0,0.2020,4776814,0.009554
8425,270.0,21.0,339.8,0.2019,4777460,0.029558
8426,360.0,24.0,342.1,0.2018,4778054,0.007638
8427,360.0,23.0,343.4,0.2017,4778831,0.013211
8428,610.0,27.0,342.8,0.2017,4779515,0.015891
8429,490.0,31.0,344.1,0.2016,4780411,0.022590
8430,665.0,30.0,346.7,0.2015,4781253,0.014689
8431,365.0,25.0,347.8,0.2014,4782010,0.009267
8432,250.0,19.0,345.9,0.2013,4782479,0.013870
8433,605.0,27.0,347.7,0.2012,4783538,0.060782
8434,385.0,26.0,346.7,0.2011,4784229,0.005761
8435,345.0,22.0,347.1,0.2010,4784884,0.013583
8436,235.0,17.0,348.1,0.2009,4785404,0.006463
8437,470.0,30.0,347.9,0.2008,4786313,0.019034
8438,440.0,26.0,346.1,0.2007,4786959,0.011363
8439,515.0,31.0,348.5,0.2006,4787655,0.004491
8440,355.0,24.0,347.6,0.2005,4788311,0.004560
8441,320.0,21.0,345.0,0.2004,4788995,0.006955
8442,520.0,22.0,346.1,0.2003,4789596,0.015499
8443,400.0,27.0,348.1,0.2002,4790427,0.003437
8444,250.0,17.0,346.6,0.2001,4790962,0.013509
8445,570.0,34.0,349.1,0.2000,4792211,0.005223
8446,485.0,30.0,349.4,0.1999,4792937,0.012290
8447,190.0,14.0,348.2,0.1999,4793468,0.006321
8448,295.0,21.0,347.4,0.1998,4793981,0.013955
8449,230.0,18.0,346.9,0.1997,4794464,0.008402
8450,945.0,35.0,353.2,0.1996,4795234,0.007718
8451,445.0,27.0,355.3,0.1995,4795891,0.009338
8452,260.0,18.0,353.3,0.1994,4796330,0.006560
8453,415.0,27.0,355.4,0.1993,4797099,0.003874
8454,515.0,32.0,356.6,0.1992,4798063,0.122415
8455,575.0,34.0,356.3,0.1991,4799025,0.014015
8456,445.0,29.0,359.8,0.1990,4799839,0.006501
8457,325.0,21.0,360.9,0.1989,4800397,0.026628
8458,235.0,16.0,360.1,0.1988,4800855,0.019220
8459,255.0,18.0,358.8,0.1987,4801422,0.013397
8460,340.0,23.0,360.1,0.1986,4801978,0.030605
8461,260.0,18.0,355.9,0.1985,4802491,0.016780
8462,215.0,15.0,356.8,0.1984,4803000,0.026092
8463,565.0,26.0,360.4,0.1983,4803844,0.011257
8464,130.0,10.0,355.9,0.1982,4804242,0.015505
8465,430.0,28.0,355.4,0.1981,4804942,0.010951
8466,540.0,33.0,357.9,0.1981,4805718,0.012396
8467,115.0,10.0,356.6,0.1980,4806127,0.008423
8468,295.0,21.0,356.5,0.1979,4806718,0.029694
8469,235.0,17.0,356.8,0.1978,4807315,0.027246
8470,425.0,28.0,355.6,0.1977,4808049,0.012597
8471,310.0,20.0,356.1,0.1976,4808601,0.026893
8472,325.0,21.0,355.8,0.1975,4809364,0.062916
8473,225.0,18.0,354.4,0.1974,4809806,0.057583
8474,375.0,26.0,352.7,0.1973,4810419,0.023180
8475,550.0,33.0,353.8,0.1972,4811321,0.017957
8476,430.0,28.0,354.7,0.1971,4812149,0.008643
8477,195.0,15.0,354.9,0.1970,4812637,0.013688
8478,520.0,32.0,355.9,0.1969,4813494,0.019195
8479,300.0,22.0,357.4,0.1968,4814028,0.011469
8480,610.0,35.0,359.5,0.1967,4814888,0.016723
8481,635.0,30.0,360.9,0.1966,4815604,0.006412
8482,195.0,17.0,359.1,0.1965,4816072,0.020565
8483,295.0,21.0,360.1,0.1964,4816655,0.012524
8484,315.0,22.0,360.1,0.1963,4817204,0.008870
8485,335.0,22.0,362.0,0.1963,4817901,0.015429
8486,225.0,17.0,360.9,0.1962,4818453,0.016197
8487,175.0,15.0,359.1,0.1961,4818922,0.006271
8488,180.0,15.0,358.6,0.1960,4819354,0.024052
8489,490.0,31.0,361.4,0.1959,4820065,0.010758
8490,640.0,30.0,364.4,0.1958,4820947,0.007429
8491,205.0,14.0,363.3,0.1957,4821333,0.014072
8492,350.0,22.0,363.8,0.1956,4821929,0.009532
8493,375.0,24.0,364.6,0.1955,4822517,0.005666
8494,310.0,22.0,365.0,0.1954,4823125,0.005656
8495,325.0,23.0,366.6,0.1953,4823713,0.037347
8496,355.0,24.0,365.9,0.1952,4824381,0.008329
8497,600.0,35.0,370.0,0.1951,4825326,0.007493
8498,665.0,31.0,372.8,0.1950,4826189,0.004800
8499,195.0,15.0,370.8,0.1949,4826775,0.012337
8500,265.0,19.0,369.9,0.1948,4827375,0.008032
8501,380.0,25.0,370.5,0.1947,4828077,0.006514
8502,800.0,36.0,374.1,0.1946,4829173,0.081085
8503,375.0,25.0,376.3,0.1945,4829768,0.013712
8504,460.0,29.0,378.6,0.1945,4830501,0.027232
8505,240.0,16.0,375.9,0.1944,4830958,0.009881
8506,305.0,22.0,375.1,0.1943,4831561,0.131806
8507,265.0,19.0,375.4,0.1942,4832034,0.009924
8508,155.0,12.0,373.9,0.1941,4832381,0.026488
8509,320.0,22.0,373.9,0.1940,4833122,0.010819
8510,260.0,16.0,374.7,0.1939,4833602,0.019580
8511,330.0,23.0,375.4,0.1938,4834226,0.015416
8512,255.0,18.0,375.1,0.1937,4834624,0.050212
8513,435.0,17.0,377.1,0.1936,4835143,0.012805
8514,375.0,25.0,375.9,0.1935,4835809,0.014933
8515,520.0,32.0,378.8,0.1934,4836718,0.006832
8516,355.0,23.0,379.9,0.1933,4837377,0.017145
8517,370.0,26.0,380.6,0.1932,4838280,0.010378
8518,190.0,13.0,378.9,0.1931,4838723,0.008422
8519,385.0,25.0,380.4,0.1930,4839418,0.006189
8520,555.0,33.0,380.5,0.1929,4840443,0.026524
8521,345.0,24.0,379.7,0.1928,4841148,0.014837
8522,125.0,11.0,376.5,0.1927,4841519,0.018779
8523,300.0,21.0,374.7,0.1927,4842073,0.010914
8524,335.0,24.0,373.5,0.1926,4842836,0.015663
8525,215.0,16.0,372.9,0.1925,4843331,0.021283
8526,570.0,34.0,375.1,0.1924,4844170,0.092826
8527,550.0,25.0,376.9,0.1923,4844897,0.008816
8528,300.0,21.0,373.9,0.1922,4845587,0.010451
8529,225.0,18.0,371.2,0.1921,4846288,0.008197
8530,415.0,27.0,368.7,0.1920,4847137,0.010441
8531,285.0,22.0,367.9,0.1919,4847747,0.010295
8532,380.0,26.0,369.2,0.1918,4848511,0.013703
8533,345.0,22.0,366.6,0.1917,4849165,0.007230
8534,245.0,19.0,365.2,0.1916,4849709,0.017186
8535,380.0,26.0,365.6,0.1915,4850408,0.008385
8536,185.0,15.0,365.1,0.1914,4850832,0.125863
8537,415.0,25.0,364.5,0.1913,4851455,0.006655
8538,290.0,20.0,363.0,0.1912,4852017,0.044359
8539,360.0,25.0,361.4,0.1911,4852756,0.006646
8540,515.0,24.0,363.1,0.1910,4853463,0.005715
8541,200.0,16.0,361.9,0.1909,4853871,0.012705
8542,135.0,11.0,358.0,0.1909,4854305,0.009097
8543,360.0,22.0,357.6,0.1908,4854882,0.006593
8544,335.0,25.0,358.4,0.1907,4855591,0.010055
8545,230.0,18.0,355.1,0.1906,4856223,0.009136
8546,500.0,31.0,355.2,0.1905,4857128,0.009856
8547,510.0,31.0,358.4,0.1904,4857990,0.117537
8548,355.0,24.0,359.0,0.1903,4858839,0.009048
8549,405.0,26.0,360.8,0.1902,4859609,0.006247
8550,410.0,27.0,355.4,0.1901,4860259,0.144541
8551,255.0,20.0,353.5,0.1900,4860788,0.008545
8552,250.0,18.0,353.4,0.1899,4861294,0.010795
8553,185.0,13.0,351.1,0.1898,4861702,0.008146
8554,330.0,22.0,349.2,0.1897,4862295,0.008012
8555,320.0,22.0,346.7,0.1896,4862949,0.053849
8556,380.0,25.0,346.1,0.1895,4863588,0.007727
8557,385.0,27.0,346.6,0.1894,4864338,0.130047
8558,125.0,9.0,345.6,0.1893,4864626,0.008239
8559,255.0,19.0,345.6,0.1892,4865160,0.005534
8560,330.0,25.0,345.4,0.1891,4865861,0.012032
8561,350.0,23.0,346.4,0.1891,4866576,0.010924
8562,255.0,19.0,346.8,0.1890,4867231,0.016966
8563,240.0,15.0,343.5,0.1889,4867688,0.006671
8564,335.0,23.0,345.6,0.1888,4868270,0.008740
8565,440.0,29.0,345.6,0.1887,4868957,0.004810
8566,250.0,21.0,342.8,0.1886,4869467,0.003394
8567,415.0,28.0,345.8,0.1885,4870327,0.082712
8568,305.0,21.0,345.9,0.1884,4870934,0.009961
8569,380.0,25.0,347.3,0.1883,4871482,0.013591
8570,775.0,35.0,350.8,0.1882,4872413,0.014763
8571,510.0,31.0,352.8,0.1881,4873168,0.007761
8572,210.0,16.0,351.6,0.1880,4873825,0.006010
8573,295.0,21.0,352.4,0.1879,4874471,0.050477
8574,305.0,23.0,351.6,0.1878,4875152,0.014977
8575,335.0,21.0,349.5,0.1877,4875702,0.008621
8576,340.0,22.0,348.6,0.1876,4876258,0.018018
8577,275.0,18.0,349.4,0.1875,4876720,0.009088
8578,275.0,22.0,346.9,0.1874,4877285,0.008224
8579,100.0,9.0,344.9,0.1873,4877692,0.012387
8580,235.0,19.0,341.2,0.1873,4878284,0.029075
8581,445.0,29.0,339.3,0.1872,4878991,0.005301
8582,180.0,13.0,339.1,0.1871,4879352,0.008229
8583,340.0,23.0,339.6,0.1870,4880071,0.014628
8584,185.0,15.0,338.3,0.1869,4880528,0.010328
8585,200.0,14.0,336.9,0.1868,4880882,0.022324
8586,170.0,14.0,336.4,0.1867,4881263,0.013032
8587,250.0,19.0,337.1,0.1866,4881861,0.011811
8588,575.0,34.0,341.1,0.1865,4882641,0.080244
8589,410.0,28.0,340.3,0.1864,4883557,0.005779
8590,195.0,13.0,335.9,0.1863,4883965,0.002913
8591,280.0,22.0,336.6,0.1862,4884542,0.010848
8592,305.0,20.0,336.1,0.1861,4885043,0.006293
8593,380.0,24.0,336.2,0.1860,4885701,0.019577
8594,410.0,27.0,337.2,0.1859,4886282,0.008470
8595,170.0,14.0,335.6,0.1858,4886686,0.012886
8596,280.0,19.0,334.9,0.1857,4887130,0.004310
8597,545.0,33.0,334.4,0.1856,4888081,0.009743
8598,275.0,18.0,330.4,0.1855,4888567,0.010001
8599,270.0,20.0,331.2,0.1855,4889186,0.004165
8600,160.0,13.0,330.1,0.1854,4889653,0.007214
8601,440.0,28.0,330.8,0.1853,4890329,0.006794
8602,260.0,16.0,325.4,0.1852,4890708,0.007676
8603,400.0,25.0,325.6,0.1851,4891607,0.058014
8604,110.0,8.0,322.1,0.1850,4891897,0.018353
8605,435.0,29.0,324.1,0.1849,4892699,0.012352
8606,570.0,34.0,326.7,0.1848,4893886,0.005787
8607,470.0,30.0,328.8,0.1847,4894653,0.019692
8608,510.0,31.0,332.3,0.1846,4895563,0.007819
8609,635.0,29.0,335.4,0.1845,4896572,0.010922
8610,830.0,37.0,341.1,0.1844,4897606,0.018700
8611,600.0,35.0,343.9,0.1843,4898541,0.012066
8612,540.0,33.0,346.7,0.1842,4899740,0.010261
8613,315.0,22.0,345.5,0.1841,4900345,0.066597
8614,310.0,20.0,344.9,0.1840,4900828,0.012704
8615,320.0,22.0,342.9,0.1839,4901345,0.016156
8616,455.0,29.0,343.9,0.1838,4902034,0.007588
8617,285.0,21.0,343.0,0.1837,4902596,0.008212
8618,475.0,29.0,345.9,0.1837,4903321,0.012731
8619,360.0,24.0,345.6,0.1836,4903941,0.008420
8620,385.0,25.0,343.9,0.1835,4904590,0.024204
8621,375.0,24.0,344.2,0.1834,4905200,0.010869
8622,470.0,30.0,347.6,0.1833,4906193,0.004915
8623,250.0,18.0,347.1,0.1832,4906746,0.009896
8624,295.0,19.0,346.8,0.1831,4907199,0.013208
8625,460.0,20.0,349.2,0.1830,4907817,0.012495
8626,210.0,15.0,345.6,0.1829,4908331,0.083184
8627,300.0,21.0,343.1,0.1828,4909084,0.016932
8628,380.0,27.0,343.9,0.1827,4909802,0.014186
8629,400.0,26.0,345.6,0.1826,4910451,0.014005
8630,370.0,25.0,345.2,0.1825,4911165,0.007785
8631,430.0,28.0,346.6,0.1824,4911977,0.022292
8632,375.0,24.0,346.6,0.1823,4912563,0.091877
8633,485.0,31.0,348.0,0.1822,4913407,0.015623
8634,675.0,30.0,352.3,0.1821,4914273,0.008117
8635,370.0,24.0,352.2,0.1820,4914939,0.013612
8636,340.0,23.0,353.8,0.1819,4915570,0.007350
8637,280.0,19.0,352.4,0.1819,4916032,0.014258
8638,275.0,19.0,352.2,0.1818,4916502,0.013287
8639,90.0,9.0,349.6,0.1817,4916842,0.005748
8640,330.0,22.0,347.7,0.1816,4917448,0.008102
8641,265.0,20.0,348.4,0.1815,4917998,0.004585
8642,345.0,23.0,350.4,0.1814,4918674,0.004742
8643,185.0,15.0,348.7,0.1813,4919143,0.140661
8644,340.0,22.0,348.8,0.1812,4919724,0.008298
8645,365.0,24.0,350.1,0.1811,4920340,0.014919
8646,225.0,15.0,347.4,0.1810,4920729,0.023209
8647,610.0,27.0,348.4,0.1809,4921337,0.012762
8648,555.0,33.0,350.4,0.1808,4922216,0.009152
8649,440.0,29.0,350.7,0.1807,4923112,0.008135
8650,305.0,21.0,349.6,0.1806,4923659,0.011906
8651,265.0,18.0,349.8,0.1805,4924221,0.015262
8652,255.0,16.0,349.8,0.1804,4924652,0.014535
8653,435.0,29.0,352.3,0.1803,4925413,0.004885
8654,805.0,36.0,357.1,0.1802,4926559,0.009237
8655,290.0,22.0,356.8,0.1801,4927237,0.006765
8656,185.0,15.0,354.8,0.1801,4927776,0.007270
8657,265.0,18.0,353.6,0.1800,4928308,0.010894
8658,260.0,18.0,354.9,0.1799,4928932,0.008594
8659,415.0,28.0,356.6,0.1798,4929604,0.017625
8660,570.0,27.0,358.9,0.1797,4930205,0.015443
8661,320.0,21.0,358.6,0.1796,4930647,0.010833
8662,205.0,15.0,358.1,0.1795,4931110,0.006780
8663,395.0,27.0,359.7,0.1794,4931834,0.025016
8664,285.0,20.0,359.2,0.1793,4932465,0.016455
8665,675.0,41.0,361.6,0.1792,4933667,0.009942
8666,490.0,31.0,363.9,0.1791,4934679,0.122389
8667,570.0,34.0,365.5,0.1790,4935493,0.010568
8668,305.0,23.0,365.5,0.1789,4936218,0.014243
8669,420.0,28.0,365.9,0.1788,4936941,0.008286
8670,270.0,19.0,360.9,0.1787,4937472,0.018674
8671,400.0,27.0,359.8,0.1786,4938180,0.008634
8672,290.0,18.0,360.6,0.1785,4938673,0.015151
8673,390.0,25.0,361.5,0.1784,4939434,0.024538
8674,265.0,18.0,361.1,0.1783,4939976,0.022937
8675,560.0,25.0,363.4,0.1783,4940634,0.015354
8676,85.0,7.0,360.8,0.1782,4940930,0.012290
8677,320.0,22.0,361.2,0.1781,4941593,0.094883
8678,430.0,28.0,362.8,0.1780,4942255,0.021576
8679,210.0,15.0,363.9,0.1779,4942736,0.032376
8680,335.0,24.0,364.9,0.1778,4943417,0.020967
8681,395.0,25.0,364.4,0.1777,4944003,0.012592
8682,190.0,17.0,364.5,0.1776,4944486,0.010286
8683,340.0,20.0,364.5,0.1775,4945127,0.018007
8684,515.0,32.0,367.8,0.1774,4945936,0.004473
8685,360.0,25.0,369.4,0.1773,4946642,0.009650
8686,355.0,26.0,371.2,0.1772,4947305,0.007837
8687,190.0,15.0,370.6,0.1771,4947770,0.049013
8688,230.0,18.0,367.2,0.1770,4948236,0.102339
8689,600.0,35.0,369.1,0.1769,4948991,0.009784
8690,290.0,20.0,370.1,0.1768,4949634,0.010780
8691,690.0,32.0,374.1,0.1767,4950346,0.008097
8692,690.0,32.0,378.0,0.1766,4951340,0.009860
8693,365.0,24.0,377.9,0.1765,4951968,0.008677
8694,600.0,35.0,379.8,0.1765,4952762,0.017049
8695,345.0,22.0,381.5,0.1764,4953333,0.017889
8696,550.0,33.0,384.2,0.1763,4954271,0.007528
8697,420.0,27.0,382.9,0.1762,4954874,0.018717
8698,270.0,18.0,382.9,0.1761,4955521,0.013207
8699,275.0,19.0,382.9,0.1760,4956074,0.013036
8700,460.0,29.0,385.9,0.1759,4956955,0.011764
8701,455.0,29.0,386.1,0.1758,4957764,0.016751
8702,340.0,24.0,386.9,0.1757,4958381,0.018025
8703,240.0,16.0,385.3,0.1756,4958865,0.007990
8704,270.0,18.0,386.9,0.1755,4959369,0.010495
8705,435.0,29.0,386.9,0.1754,4960170,0.018999
8706,365.0,26.0,384.9,0.1753,4960847,0.042338
8707,415.0,26.0,384.3,0.1752,4961431,0.018663
8708,235.0,17.0,381.6,0.1751,4961994,0.015693
8709,315.0,24.0,378.4,0.1750,4962643,0.008548
8710,350.0,25.0,373.6,0.1749,4963286,0.013658
8711,350.0,22.0,371.1,0.1748,4963916,0.006762
8712,165.0,16.0,367.3,0.1747,4964409,0.014705
8713,235.0,17.0,366.5,0.1747,4964922,0.007723
8714,235.0,16.0,365.8,0.1746,4965321,0.006546
8715,545.0,33.0,368.0,0.1745,4966346,0.013555
8716,600.0,35.0,369.4,0.1744,4967367,0.014027
8717,310.0,20.0,369.7,0.1743,4967951,0.007341
8718,345.0,24.0,368.4,0.1742,4968594,0.023502
8719,325.0,22.0,368.1,0.1741,4969152,0.029542
8720,270.0,20.0,366.9,0.1740,4969711,0.018607
8721,370.0,24.0,366.9,0.1739,4970361,0.015612
8722,270.0,19.0,364.9,0.1738,4971008,0.014986
8723,385.0,26.0,366.2,0.1737,4971811,0.012030
8724,290.0,20.0,366.1,0.1736,4972213,0.070368
8725,505.0,31.0,366.6,0.1735,4973012,0.023814
8726,410.0,27.0,368.6,0.1734,4973814,0.014882
8727,185.0,13.0,367.4,0.1733,4974189,0.012707
8728,215.0,16.0,365.8,0.1732,4974720,0.020679
8729,425.0,27.0,366.1,0.1731,4975399,0.007568
8730,275.0,19.0,365.1,0.1730,4975906,0.079433
8731,350.0,23.0,364.3,0.1729,4976635,0.015468
8732,700.0,32.0,367.6,0.1729,4977632,0.006676
8733,395.0,25.0,366.6,0.1728,4978312,0.004639
8734,280.0,20.0,362.7,0.1727,4978913,0.007113
8735,545.0,33.0,364.4,0.1726,4979938,0.004786
8736,275.0,20.0,363.8,0.1725,4980553,0.010019
8737,670.0,30.0,367.7,0.1724,4981400,0.020017
8738,475.0,30.0,369.7,0.1723,4982214,0.013480
8739,325.0,24.0,372.1,0.1722,4982830,0.015291
8740,520.0,32.0,373.9,0.1721,4983963,0.011316
8741,525.0,32.0,376.6,0.1720,4984658,0.014912
8742,275.0,19.0,375.9,0.1719,4985132,0.032309
8743,250.0,18.0,376.5,0.1718,4985687,0.009026
8744,235.0,17.0,375.4,0.1717,4986109,0.008415
8745,410.0,28.0,375.9,0.1716,4986864,0.126828
8746,80.0,7.0,374.4,0.1715,4987149,0.013114
8747,225.0,16.0,370.6,0.1714,4987570,0.011614
8748,575.0,34.0,370.8,0.1713,4988494,0.011917
8749,330.0,23.0,369.7,0.1712,4989083,0.006020
8750,325.0,24.0,369.9,0.1711,4989798,0.007625
8751,395.0,25.0,371.2,0.1711,4990481,0.011946
8752,610.0,26.0,374.8,0.1710,4991090,0.052307
8753,340.0,25.0,373.8,0.1709,4991799,0.005751
8754,335.0,23.0,369.1,0.1708,4992560,0.047782
8755,450.0,29.0,370.7,0.1707,4993340,0.010490
8756,435.0,28.0,373.2,0.1706,4994139,0.007632
8757,470.0,30.0,375.2,0.1705,4994929,0.010717
8758,545.0,33.0,378.1,0.1704,4995778,0.140943
8759,260.0,19.0,376.6,0.1703,4996264,0.008831
8760,590.0,26.0,376.8,0.1702,4996905,0.007736
8761,225.0,17.0,375.8,0.1701,4997416,0.032542
8762,310.0,22.0,376.9,0.1700,4997933,0.006542
8763,335.0,24.0,376.2,0.1699,4998520,0.153761
8764,180.0,13.0,375.2,0.1698,4998921,0.016756
8765,235.0,17.0,370.8,0.1697,4999510,0.005866
8766,375.0,23.0,369.6,0.1696,5000172,0.009847
8767,380.0,24.0,367.8,0.1695,5000778,0.023834
8768,585.0,34.0,370.6,0.1694,5001667,0.012756
8769,230.0,17.0,368.6,0.1693,5002244,0.008417
8770,435.0,28.0,370.3,0.1693,5002984,0.020300
8771,750.0,34.0,373.8,0.1692,5003922,0.053459
8772,370.0,26.0,374.6,0.1691,5004653,0.007854
8773,615.0,27.0,376.9,0.1690,5005342,0.008046
8774,645.0,30.0,380.6,0.1689,5006068,0.009894
8775,270.0,20.0,377.8,0.1688,5006647,0.023652
8776,280.0,20.0,379.7,0.1687,5007141,0.018044
8777,415.0,26.0,380.6,0.1686,5007803,0.009411
8778,425.0,28.0,380.6,0.1685,5008518,0.015567
8779,385.0,25.0,382.4,0.1684,5009179,0.015077
8780,390.0,27.0,382.9,0.1683,5009886,0.007885
8781,305.0,22.0,382.0,0.1682,5010428,0.007556
8782,315.0,21.0,383.2,0.1681,5011016,0.016326
8783,410.0,28.0,383.9,0.1680,5011753,0.008857
8784,360.0,22.0,382.4,0.1679,5012289,0.026686
8785,260.0,19.0,381.4,0.1678,5012801,0.010653
8786,500.0,31.0,382.9,0.1677,5013637,0.016521
8787,420.0,27.0,385.1,0.1676,5014505,0.054787
8788,300.0,22.0,385.9,0.1675,5014993,0.011485
8789,235.0,19.0,382.2,0.1675,5015724,0.025939
8790,610.0,27.0,385.4,0.1674,5016274,0.011062
8791,460.0,30.0,383.1,0.1673,5017072,0.016821
8792,365.0,23.0,379.9,0.1672,5017777,0.023258
8793,370.0,25.0,379.9,0.1671,5018530,0.011278
8794,600.0,35.0,379.9,0.1670,5019457,0.013554
8795,415.0,27.0,380.6,0.1669,5020210,0.010753
8796,350.0,23.0,378.6,0.1668,5020823,0.020100
8797,275.0,19.0,377.1,0.1667,5021296,0.008068
8798,545.0,33.0,379.9,0.1666,5022379,0.011318
8799,255.0,18.0,379.7,0.1665,5022933,0.063276
8800,390.0,25.0,379.0,0.1664,5023577,0.009075
8801,585.0,28.0,380.3,0.1663,5024360,0.011467
8802,235.0,14.0,379.2,0.1662,5024898,0.014264
8803,530.0,25.0,382.1,0.1661,5025532,0.013840
8804,395.0,27.0,383.4,0.1660,5026237,0.109468
8805,595.0,27.0,385.0,0.1659,5026915,0.015691
8806,500.0,31.0,386.4,0.1658,5027763,0.007989
8807,320.0,21.0,385.4,0.1657,5028377,0.006754
8808,440.0,29.0,387.4,0.1657,5029307,0.016188
8809,405.0,27.0,388.4,0.1656,5029888,0.023738
8810,365.0,24.0,388.5,0.1655,5030485,0.072586
8811,655.0,40.0,391.6,0.1654,5031444,0.016602
8812,540.0,24.0,395.3,0.1653,5032171,0.012031
8813,245.0,17.0,395.4,0.1652,5032711,0.011442
8814,245.0,18.0,395.5,0.1651,5033148,0.014635
8815,335.0,22.0,393.4,0.1650,5033688,0.050781
8816,370.0,26.0,391.1,0.1649,5034313,0.023331
8817,335.0,24.0,391.4,0.1648,5034997,0.007237
8818,625.0,29.0,394.1,0.1647,5036037,0.012172
8819,375.0,25.0,394.6,0.1646,5036695,0.019564
8820,300.0,22.0,394.9,0.1645,5037507,0.012180
8821,460.0,30.0,395.9,0.1644,5038288,0.011380
8822,365.0,24.0,396.8,0.1643,5038887,0.012306
8823,190.0,17.0,394.9,0.1642,5039356,0.007584
8824,355.0,25.0,395.5,0.1641,5040020,0.008901
8825,390.0,27.0,394.4,0.1640,5040816,0.012421
8826,700.0,31.0,397.2,0.1639,5041771,0.012765
8827,725.0,33.0,402.6,0.1639,5042737,0.135198
8828,750.0,34.0,408.0,0.1638,5043521,0.027564
8829,185.0,14.0,405.6,0.1637,5043944,0.011765
8830,450.0,29.0,407.4,0.1636,5044683,0.018580
8831,385.0,24.0,407.7,0.1635,5045331,0.007619
8832,335.0,23.0,404.1,0.1634,5045978,0.052334
8833,290.0,21.0,403.0,0.1633,5046608,0.065555
8834,455.0,29.0,404.8,0.1632,5047491,0.017031
8835,425.0,28.0,403.6,0.1631,5048270,0.008043
8836,435.0,27.0,405.1,0.1630,5048926,0.007005
8837,435.0,29.0,402.8,0.1629,5049751,0.009663
8838,400.0,25.0,402.1,0.1628,5050552,0.011647
8839,395.0,25.0,402.8,0.1627,5051212,0.012103
8840,520.0,32.0,402.8,0.1626,5051964,0.007661
8841,205.0,15.0,399.6,0.1625,5052406,0.011864
8842,300.0,21.0,399.8,0.1624,5053083,0.006237
8843,455.0,29.0,401.9,0.1623,5053795,0.021584
8844,400.0,26.0,403.5,0.1622,5054463,0.015817
8845,385.0,27.0,403.2,0.1621,5055234,0.013705
8846,395.0,27.0,406.4,0.1621,5055984,0.014998
8847,455.0,29.0,408.7,0.1620,5056883,0.070956
8848,555.0,26.0,408.5,0.1619,5057562,0.061419
8849,220.0,17.0,407.4,0.1618,5058134,0.012810
8850,190.0,15.0,406.1,0.1617,5058674,0.019855
8851,370.0,24.0,405.8,0.1616,5059230,0.008785
8852,495.0,31.0,404.6,0.1615,5060088,0.037368
8853,410.0,26.0,405.4,0.1614,5060748,0.008484
8854,340.0,25.0,405.4,0.1613,5061412,0.018333
8855,295.0,20.0,403.9,0.1612,5061935,0.017989
8856,345.0,23.0,402.9,0.1611,5062508,0.006209
8857,175.0,13.0,400.0,0.1610,5062877,0.021726
8858,415.0,28.0,398.7,0.1609,5063584,0.009130
8859,365.0,26.0,399.8,0.1608,5064390,0.006880
8860,515.0,32.0,399.0,0.1607,5065086,0.028507
8861,555.0,33.0,402.3,0.1606,5065956,0.027542
8862,410.0,27.0,403.3,0.1605,5066680,0.022378
8863,435.0,28.0,404.3,0.1604,5067461,0.012437
8864,625.0,29.0,408.8,0.1603,5068190,0.007813
8865,495.0,31.0,411.4,0.1603,5069047,0.012875
8866,330.0,22.0,410.9,0.1602,5069636,0.163466
8867,405.0,26.0,411.1,0.1601,5070420,0.007901
8868,415.0,28.0,409.4,0.1600,5071135,0.009901
8869,340.0,22.0,410.6,0.1599,5071730,0.062477
8870,355.0,24.0,409.8,0.1598,5072415,0.020820
8871,290.0,22.0,405.1,0.1597,5072898,0.011810
8872,500.0,31.0,406.4,0.1596,5073770,0.024883
8873,495.0,29.0,405.2,0.1595,5074656,0.019506
8874,815.0,30.0,406.9,0.1594,5075752,0.011216
8875,180.0,13.0,406.1,0.1593,5076182,0.011296
8876,150.0,13.0,404.8,0.1592,5076573,0.018504
8877,275.0,18.0,403.4,0.1591,5077061,0.008139
8878,355.0,25.0,402.6,0.1590,5077661,0.010152
8879,555.0,33.0,404.4,0.1589,5078551,0.007738
8880,380.0,25.0,404.2,0.1588,5079224,0.011252
8881,280.0,21.0,404.0,0.1587,5079922,0.015020
8882,315.0,20.0,404.0,0.1586,5080528,0.021379
8883,340.0,24.0,403.3,0.1585,5081145,0.009689
8884,250.0,18.0,402.2,0.1585,5081631,0.016473
8885,255.0,17.0,402.1,0.1584,5082167,0.020677
8886,275.0,21.0,399.9,0.1583,5082846,0.021654
8887,355.0,23.0,399.2,0.1582,5083470,0.018547
8888,335.0,23.0,399.6,0.1581,5084064,0.011106
8889,770.0,46.0,404.9,0.1580,5085139,0.014089
8890,685.0,32.0,405.7,0.1579,5086016,0.004875
8891,140.0,13.0,402.5,0.1578,5086484,0.007321
8892,725.0,33.0,406.1,0.1577,5087319,0.015714
8893,400.0,27.0,406.4,0.1576,5087885,0.009575
8894,315.0,23.0,403.6,0.1575,5088429,0.034075
8895,210.0,12.0,401.5,0.1574,5088906,0.021017
8896,330.0,23.0,401.3,0.1573,5089371,0.005218
8897,240.0,17.0,400.9,0.1572,5089830,0.010694
8898,210.0,14.0,397.6,0.1571,5090324,0.007543
8899,460.0,29.0,399.6,0.1570,5091197,0.063540
8900,450.0,29.0,400.2,0.1569,5091957,0.012543
8901,330.0,23.0,397.7,0.1568,5092580,0.007803
8902,420.0,28.0,399.6,0.1567,5093292,0.008574
8903,770.0,34.0,401.9,0.1567,5094216,0.008802
8904,470.0,30.0,402.7,0.1566,5095118,0.025643
8905,140.0,14.0,398.1,0.1565,5095590,0.012808
8906,625.0,29.0,399.4,0.1564,5096542,0.016920
8907,440.0,28.0,400.6,0.1563,5097350,0.007142
8908,320.0,23.0,399.4,0.1562,5098023,0.006740
8909,345.0,21.0,398.8,0.1561,5098682,0.011159
8910,285.0,17.0,398.0,0.1560,5099156,0.020135
8911,335.0,24.0,394.8,0.1559,5099758,0.010984
8912,410.0,26.0,393.5,0.1558,5100353,0.012536
8913,130.0,10.0,392.4,0.1557,5100825,0.015176
8914,245.0,19.0,392.4,0.1556,5101394,0.013114
8915,190.0,15.0,390.9,0.1555,5101783,0.015498
8916,285.0,21.0,390.1,0.1554,5102618,0.008780
8917,465.0,28.0,391.4,0.1553,5103446,0.020264
8918,395.0,27.0,389.1,0.1552,5104237,0.061688
8919,360.0,25.0,388.9,0.1551,5104809,0.009344
8920,315.0,21.0,389.1,0.1550,5105428,0.010653
8921,410.0,28.0,388.6,0.1549,5106120,0.013343
8922,600.0,35.0,390.9,0.1549,5107156,0.013534
8923,295.0,21.0,391.9,0.1548,5107804,0.016823
8924,950.0,35.0,397.9,0.1547,5108743,0.070761
8925,210.0,15.0,396.1,0.1546,5109219,0.013051
8926,405.0,27.0,393.1,0.1545,5109961,0.010476
8927,330.0,22.0,389.2,0.1544,5110430,0.016615
8928,310.0,22.0,384.8,0.1543,5111030,0.006262
8929,315.0,20.0,386.1,0.1542,5111681,0.102966
8930,480.0,30.0,386.4,0.1541,5112521,0.098626
8931,540.0,32.0,387.9,0.1540,5113493,0.008172
8932,595.0,27.0,390.6,0.1539,5114117,0.018279
8933,155.0,14.0,389.2,0.1538,5114649,0.010085
8934,295.0,21.0,387.6,0.1537,5115345,0.011136
8935,115.0,10.0,384.5,0.1536,5115714,0.013816
8936,525.0,32.0,385.4,0.1535,5116507,0.005541
8937,660.0,30.0,387.6,0.1534,5117362,0.007840
8938,510.0,31.0,388.8,0.1533,5118400,0.006400
8939,545.0,33.0,390.2,0.1532,5119304,0.108495
8940,160.0,11.0,386.6,0.1531,5119735,0.007698
8941,295.0,21.0,387.6,0.1531,5120343,0.016736
8942,660.0,31.0,391.1,0.1530,5121171,0.018835
8943,635.0,37.0,392.9,0.1529,5122506,0.025738
8944,190.0,15.0,390.9,0.1528,5123035,0.010644
8945,415.0,26.0,391.1,0.1527,5123642,0.016093
8946,320.0,24.0,390.4,0.1526,5124237,0.009326
8947,320.0,20.0,389.1,0.1525,5124739,0.012988
8948,385.0,25.0,387.4,0.1524,5125338,0.048677
8949,520.0,31.0,390.4,0.1523,5126094,0.006941
8950,175.0,16.0,390.2,0.1522,5126569,0.015746
8951,290.0,19.0,389.4,0.1521,5127180,0.007814
8952,205.0,16.0,386.5,0.1520,5127647,0.008296
8953,280.0,20.0,385.2,0.1519,5128514,0.004146
8954,540.0,33.0,387.2,0.1518,5129364,0.011289
8955,245.0,17.0,386.7,0.1517,5129768,0.007805
8956,260.0,18.0,385.9,0.1516,5130318,0.006972
8957,230.0,20.0,386.4,0.1515,5130999,0.009478
8958,715.0,33.0,389.4,0.1514,5131855,0.026427
8959,290.0,21.0,388.6,0.1513,5132295,0.027387
8960,235.0,19.0,385.9,0.1513,5132865,0.014205
8961,240.0,17.0,382.7,0.1512,5133356,0.025943
8962,605.0,26.0,384.6,0.1511,5134000,0.012218
8963,355.0,26.0,383.9,0.1510,5134712,0.008996
8964,275.0,20.0,380.4,0.1509,5135387,0.012475
8965,195.0,17.0,377.4,0.1508,5135855,0.007751
8966,455.0,29.0,378.6,0.1507,5136451,0.012184
8967,275.0,20.0,377.3,0.1506,5136954,0.003860
8968,380.0,24.0,376.9,0.1505,5137614,0.007155
8969,470.0,30.0,378.2,0.1504,5138435,0.009002
8970,330.0,23.0,378.0,0.1503,5139033,0.006357
8971,215.0,16.0,377.2,0.1502,5139510,0.022877
8972,180.0,15.0,374.1,0.1501,5140012,0.005168
8973,235.0,18.0,371.4,0.1500,5140476,0.005659
8974,515.0,32.0,368.4,0.1499,5141414,0.013043
8975,225.0,16.0,368.9,0.1498,5141966,0.004200
8976,340.0,22.0,370.8,0.1497,5142579,0.040428
8977,435.0,28.0,372.4,0.1496,5143288,0.012251
8978,610.0,27.0,374.9,0.1495,5144087,0.010660
8979,175.0,16.0,371.1,0.1495,5144684,0.014894
8980,175.0,13.0,369.1,0.1494,5145052,0.067851
8981,675.0,31.0,373.1,0.1493,5145860,0.033052
8982,420.0,26.0,374.1,0.1492,5146456,0.062811
8983,295.0,20.0,373.6,0.1491,5147065,0.015437
8984,670.0,31.0,377.9,0.1490,5147944,0.008046
8985,115.0,10.0,376.4,0.1489,5148363,0.010742
8986,330.0,21.0,377.0,0.1488,5148884,0.010929
8987,295.0,21.0,376.4,0.1487,5149702,0.009778
8988,265.0,20.0,375.7,0.1486,5150356,0.008527
8989,320.0,21.0,371.2,0.1485,5151112,0.008700
8990,425.0,28.0,368.6,0.1484,5151829,0.006400
8991,635.0,30.0,373.6,0.1483,5152601,0.008648
8992,175.0,17.0,368.1,0.1482,5153179,0.019918
8993,580.0,27.0,369.9,0.1481,5153932,0.004454
8994,440.0,27.0,371.1,0.1480,5154672,0.007146
8995,235.0,16.0,371.4,0.1479,5155149,0.020343
8996,645.0,39.0,374.5,0.1478,5156551,0.006566
8997,405.0,25.0,376.1,0.1477,5157116,0.007837
8998,535.0,32.0,379.4,0.1477,5158040,0.023223
8999,185.0,14.0,376.6,0.1476,5158436,0.010811
9000,205.0,14.0,374.2,0.1475,5158802,0.004052
9001,460.0,29.0,375.5,0.1474,5159595,0.005703
9002,205.0,19.0,373.4,0.1473,5160233,0.014122
9003,165.0,15.0,367.3,0.1472,5160720,0.007897
9004,305.0,19.0,365.6,0.1471,5161316,0.104244
9005,310.0,20.0,367.4,0.1470,5161894,0.020957
9006,90.0,8.0,362.0,0.1469,5162363,0.013984
9007,330.0,22.0,360.9,0.1468,5163004,0.013290
9008,355.0,25.0,361.2,0.1467,5163722,0.007875
9009,400.0,26.0,361.8,0.1466,5164536,0.009671
9010,220.0,16.0,361.1,0.1465,5165168,0.022328
9011,495.0,31.0,362.8,0.1464,5165866,0.015311
9012,250.0,19.0,361.1,0.1463,5166379,0.008680
9013,520.0,32.0,365.1,0.1462,5167252,0.017633
9014,170.0,14.0,364.3,0.1461,5167626,0.007083
9015,575.0,34.0,368.1,0.1460,5168622,0.014640
9016,470.0,29.0,370.0,0.1459,5169509,0.008348
9017,260.0,18.0,367.9,0.1459,5169970,0.010278
9018,800.0,36.0,372.0,0.1458,5170873,0.015413
9019,110.0,8.0,369.5,0.1457,5171162,0.012165
9020,425.0,25.0,370.6,0.1456,5171801,0.018555
9021,430.0,29.0,370.8,0.1455,5172672,0.020253
9022,355.0,24.0,368.4,0.1454,5173417,0.011989
9023,170.0,14.0,367.1,0.1453,5173804,0.020636
9024,180.0,13.0,359.4,0.1452,5174206,0.015171
9025,235.0,15.0,359.6,0.1451,5174578,0.019434
9026,495.0,31.0,360.6,0.1450,5175439,0.016217
9027,435.0,28.0,361.6,0.1449,5176235,0.017467
9028,440.0,29.0,362.9,0.1448,5177182,0.012309
9029,545.0,33.0,365.2,0.1447,5177988,0.007009
9030,330.0,24.0,363.7,0.1446,5178639,0.006254
9031,400.0,27.0,362.3,0.1445,5179355,0.008968
9032,580.0,34.0,362.1,0.1444,5180225,0.075090
9033,445.0,29.0,365.1,0.1443,5181120,0.026984
9034,350.0,25.0,365.6,0.1442,5181706,0.013312
9035,345.0,23.0,367.9,0.1441,5182293,0.009470
9036,285.0,20.0,365.5,0.1441,5182875,0.006459
9037,335.0,23.0,362.2,0.1440,5183521,0.012394
9038,315.0,22.0,360.3,0.1439,5184142,0.008075
9039,510.0,31.0,359.9,0.1438,5184937,0.006542
9040,250.0,17.0,360.9,0.1437,5185468,0.060542
9041,405.0,28.0,361.9,0.1436,5186188,0.015835
9042,405.0,26.0,359.4,0.1435,5186928,0.016550
9043,375.0,26.0,356.8,0.1434,5187785,0.011351
9044,520.0,32.0,360.1,0.1433,5188482,0.018212
9045,265.0,20.0,358.6,0.1432,5189090,0.042915
9046,405.0,28.0,359.4,0.1431,5189739,0.009261
9047,600.0,28.0,362.2,0.1430,5190389,0.009619
9048,205.0,16.0,360.4,0.1429,5190973,0.013239
9049,365.0,25.0,358.9,0.1428,5191581,0.006456
9050,100.0,11.0,358.1,0.1427,5192100,0.027126
9051,455.0,29.0,359.8,0.1426,5193106,0.014004
9052,205.0,16.0,359.8,0.1425,5193597,0.022202
9053,405.0,27.0,361.1,0.1424,5194194,0.008199
9054,435.0,29.0,360.0,0.1423,5195157,0.116022
9055,365.0,24.0,361.2,0.1423,5195885,0.014419
9056,270.0,21.0,361.3,0.1422,5196645,0.008428
9057,505.0,31.0,364.1,0.1421,5197468,0.007760
9058,290.0,21.0,359.8,0.1420,5198077,0.075588
9059,310.0,22.0,360.0,0.1419,5198887,0.009461
9060,325.0,22.0,360.9,0.1418,5199562,0.010331
9061,280.0,18.0,361.3,0.1417,5199990,0.006760
9062,545.0,33.0,360.7,0.1416,5201091,0.014272
9063,385.0,27.0,361.0,0.1415,5201901,0.013100
9064,515.0,32.0,363.4,0.1414,5202714,0.009014
9065,300.0,19.0,364.4,0.1413,5203254,0.024329
9066,230.0,15.0,362.2,0.1412,5203662,0.015068
9067,425.0,28.0,363.7,0.1411,5204421,0.010832
9068,380.0,26.0,363.7,0.1410,5205081,0.010715
9069,265.0,19.0,361.6,0.1409,5205715,0.009619
9070,600.0,35.0,364.4,0.1408,5206674,0.028110
9071,325.0,22.0,365.4,0.1407,5207210,0.025181
9072,295.0,21.0,366.6,0.1406,5207792,0.004081
9073,385.0,24.0,368.1,0.1405,5208374,0.019424
9074,265.0,17.0,365.6,0.1405,5208833,0.078662
9075,240.0,17.0,365.8,0.1404,5209363,0.012836
9076,285.0,21.0,365.2,0.1403,5209881,0.012771
9077,255.0,19.0,363.4,0.1402,5210525,0.012852
9078,285.0,19.0,360.1,0.1401,5211128,0.011982
9079,575.0,34.0,364.1,0.1400,5212097,0.009888
9080,480.0,30.0,367.2,0.1399,5212883,0.009890
9081,460.0,30.0,365.1,0.1398,5213883,0.028367
9082,440.0,29.0,365.2,0.1397,5214767,0.011073
9083,520.0,24.0,367.5,0.1396,5215618,0.015408
9084,450.0,29.0,365.3,0.1395,5216390,0.012259
9085,350.0,23.0,367.6,0.1394,5217037,0.026667
9086,240.0,17.0,366.8,0.1393,5217488,0.008288
9087,270.0,20.0,366.5,0.1392,5218004,0.132909
9088,250.0,19.0,366.4,0.1391,5218562,0.028761
9089,310.0,22.0,366.2,0.1390,5219250,0.012103
9090,430.0,28.0,366.3,0.1389,5219930,0.059774
9091,445.0,29.0,364.4,0.1388,5220755,0.007756
9092,545.0,33.0,368.1,0.1387,5221669,0.014435
9093,430.0,27.0,366.6,0.1387,5222401,0.011223
9094,320.0,24.0,365.4,0.1386,5222966,0.014851
9095,475.0,29.0,367.8,0.1385,5223877,0.004993
9096,225.0,16.0,363.6,0.1384,5224402,0.014467
9097,310.0,23.0,362.6,0.1383,5225099,0.008089
9098,280.0,19.0,360.1,0.1382,5225626,0.095591
9099,510.0,23.0,363.4,0.1381,5226301,0.005562
9100,200.0,14.0,363.3,0.1380,5226752,0.016662
9101,245.0,17.0,361.1,0.1379,5227247,0.010529
9102,435.0,28.0,363.4,0.1378,5228070,0.068161
9103,370.0,24.0,365.5,0.1377,5228714,0.018904
9104,435.0,29.0,366.8,0.1376,5229474,0.006452
9105,430.0,29.0,368.0,0.1375,5230145,0.016836
9106,295.0,22.0,370.1,0.1374,5230839,0.011289
9107,445.0,29.0,371.2,0.1373,5231675,0.017997
9108,320.0,22.0,370.9,0.1372,5232151,0.013630
9109,205.0,15.0,368.9,0.1371,5232644,0.015646
9110,295.0,23.0,369.6,0.1370,5233232,0.013289
9111,450.0,21.0,369.2,0.1369,5233957,0.005756
9112,210.0,14.0,368.8,0.1369,5234465,0.012211
9113,335.0,21.0,366.9,0.1368,5234982,0.011740
9114,645.0,29.0,371.7,0.1367,5235917,0.027365
9115,315.0,23.0,369.1,0.1366,5236549,0.011550
9116,425.0,27.0,368.6,0.1365,5237269,0.014337
9117,200.0,14.0,368.1,0.1364,5237678,0.016671
9118,240.0,18.0,362.4,0.1363,5238249,0.009096
9119,280.0,22.0,364.1,0.1362,5238916,0.014178
9120,485.0,30.0,364.8,0.1361,5239908,0.066593
9121,360.0,26.0,364.1,0.1360,5240561,0.010023
9122,300.0,19.0,363.5,0.1359,5241164,0.010800
9123,455.0,29.0,366.4,0.1358,5242158,0.007344
9124,455.0,29.0,369.1,0.1357,5243044,0.004624
9125,200.0,16.0,368.8,0.1356,5243542,0.008507
9126,390.0,27.0,367.7,0.1355,5244207,0.009236
9127,245.0,20.0,365.8,0.1354,5244830,0.008527
9128,320.0,24.0,364.6,0.1353,5245387,0.008114
9129,365.0,26.0,362.8,0.1352,5246050,0.011591
9130,240.0,17.0,361.9,0.1351,5246514,0.009695
9131,220.0,17.0,360.1,0.1351,5247019,0.007207
9132,225.0,17.0,356.6,0.1350,5247450,0.009549
9133,360.0,24.0,355.7,0.1349,5248090,0.009696
9134,360.0,23.0,355.8,0.1348,5248771,0.006821
9135,295.0,21.0,355.3,0.1347,5249424,0.010459
9136,170.0,15.0,354.1,0.1346,5249942,0.012846
9137,325.0,24.0,354.1,0.1345,5250535,0.007557
9138,290.0,21.0,353.8,0.1344,5251211,0.005956
9139,270.0,18.0,351.4,0.1343,5251677,0.012156
9140,250.0,18.0,351.4,0.1342,5252128,0.011481
9141,410.0,27.0,351.4,0.1341,5252843,0.027800
9142,290.0,20.0,350.3,0.1340,5253366,0.011779
9143,520.0,31.0,351.8,0.1339,5254227,0.005606
9144,400.0,27.0,350.6,0.1338,5254801,0.031900
9145,240.0,17.0,350.3,0.1337,5255224,0.012264
9146,350.0,25.0,349.8,0.1336,5255856,0.008740
9147,420.0,26.0,347.9,0.1335,5256624,0.009530
9148,150.0,14.0,347.4,0.1334,5257098,0.006611
9149,545.0,33.0,349.2,0.1333,5258066,0.026903
9150,575.0,34.0,353.9,0.1333,5259042,0.008495
9151,210.0,14.0,351.5,0.1332,5259450,0.071399
9152,160.0,13.0,351.1,0.1331,5260070,0.011097
9153,185.0,15.0,348.9,0.1330,5260558,0.011024
9154,290.0,22.0,347.4,0.1329,5261113,0.014705
9155,310.0,23.0,346.9,0.1328,5261879,0.008769
9156,310.0,22.0,347.2,0.1327,5262555,0.015257
9157,230.0,20.0,344.5,0.1326,5263259,0.008209
9158,250.0,17.0,344.1,0.1325,5263746,0.020246
9159,855.0,31.0,349.6,0.1324,5264598,0.009331
9160,425.0,28.0,350.6,0.1323,5265392,0.013322
9161,580.0,34.0,353.6,0.1322,5266330,0.015698
9162,545.0,33.0,353.6,0.1321,5267226,0.083342
9163,450.0,29.0,354.2,0.1320,5267895,0.019946
9164,415.0,27.0,353.2,0.1319,5268461,0.006868
9165,320.0,22.0,353.4,0.1318,5269026,0.012009
9166,615.0,28.0,357.2,0.1317,5269759,0.009359
9167,220.0,17.0,355.2,0.1316,5270309,0.018578
9168,375.0,24.0,355.1,0.1315,5271003,0.008869
9169,205.0,16.0,354.6,0.1315,5271434,0.011180
9170,250.0,19.0,351.1,0.1314,5272016,0.014990
9171,355.0,24.0,351.4,0.1313,5272590,0.013161
9172,135.0,10.0,349.8,0.1312,5272950,0.092623
9173,355.0,24.0,349.4,0.1311,5273614,0.041744
9174,255.0,18.0,349.4,0.1310,5274061,0.016716
9175,250.0,18.0,349.4,0.1309,5274633,0.020976
9176,115.0,10.0,347.8,0.1308,5275016,0.096516
9177,415.0,28.0,349.4,0.1307,5275734,0.009335
9178,210.0,16.0,348.6,0.1306,5276241,0.014843
9179,405.0,28.0,346.9,0.1305,5276909,0.019189
9180,210.0,14.0,344.2,0.1304,5277281,0.026103
9181,420.0,28.0,343.8,0.1303,5278057,0.004505
9182,290.0,20.0,342.3,0.1302,5278637,0.012240
9183,320.0,19.0,340.3,0.1301,5279152,0.005568
9184,475.0,30.0,340.6,0.1300,5279969,0.009189
9185,385.0,27.0,340.9,0.1299,5280749,0.082948
9186,410.0,26.0,342.6,0.1298,5281517,0.014298
9187,340.0,24.0,343.3,0.1297,5282167,0.004265
9188,260.0,18.0,343.4,0.1297,5282643,0.011319
9189,465.0,29.0,344.9,0.1296,5283378,0.011351
9190,605.0,35.0,346.7,0.1295,5284276,0.012031
9191,480.0,30.0,347.1,0.1294,5285050,0.015276
9192,390.0,26.0,345.5,0.1293,5285722,0.012757
9193,465.0,30.0,345.9,0.1292,5286525,0.014826
9194,385.0,27.0,346.5,0.1291,5287340,0.013124
9195,250.0,18.0,344.2,0.1290,5287851,0.011543
9196,395.0,26.0,345.9,0.1289,5288450,0.015277
9197,495.0,30.0,347.8,0.1288,5289247,0.013152
9198,345.0,25.0,348.4,0.1287,5289929,0.004105
9199,545.0,33.0,348.8,0.1286,5290696,0.008191
9200,465.0,30.0,351.4,0.1285,5291432,0.005770
9201,450.0,22.0,353.5,0.1284,5292096,0.020014
9202,325.0,22.0,352.4,0.1283,5292631,0.013581
9203,435.0,26.0,353.1,0.1282,5293255,0.022700
9204,485.0,30.0,353.6,0.1281,5294324,0.005637
9205,330.0,24.0,352.6,0.1280,5294917,0.014612
9206,340.0,25.0,353.0,0.1279,5295655,0.031524
9207,435.0,29.0,352.9,0.1279,5296547,0.008619
9208,365.0,25.0,353.4,0.1278,5297181,0.143721
9209,575.0,34.0,357.1,0.1277,5298179,0.009118
9210,290.0,18.0,357.0,0.1276,5298660,0.005626
9211,350.0,24.0,356.0,0.1275,5299286,0.008005
9212,595.0,28.0,359.9,0.1274,5299975,0.007545
9213,255.0,20.0,359.1,0.1273,5300488,0.007665
9214,415.0,28.0,356.8,0.1272,5301239,0.011332
9215,450.0,29.0,358.1,0.1271,5302002,0.013636
9216,330.0,23.0,357.1,0.1270,5302691,0.011494
9217,435.0,28.0,359.5,0.1269,5303327,0.016195
9218,155.0,12.0,358.6,0.1268,5303724,0.022292
9219,330.0,21.0,359.1,0.1267,5304244,0.010408
9220,430.0,28.0,358.6,0.1266,5304968,0.017445
9221,865.0,32.0,363.6,0.1265,5305944,0.015923
9222,210.0,17.0,362.8,0.1264,5306416,0.076350
9223,300.0,19.0,361.2,0.1263,5306917,0.017826
9224,415.0,28.0,360.8,0.1262,5307833,0.003266
9225,205.0,16.0,360.9,0.1261,5308332,0.010131
9226,390.0,27.0,360.9,0.1261,5309193,0.135991
9227,535.0,25.0,363.8,0.1260,5309975,0.083272
9228,245.0,19.0,363.0,0.1259,5310480,0.012804
9229,290.0,22.0,362.2,0.1258,5311315,0.013993
9230,675.0,31.0,366.6,0.1257,5312255,0.010288
9231,485.0,31.0,369.2,0.1256,5313284,0.019657
9232,465.0,30.0,371.6,0.1255,5314022,0.007618
9233,435.0,28.0,372.4,0.1254,5314583,0.009953
9234,305.0,22.0,371.9,0.1253,5315277,0.032106
9235,400.0,26.0,372.9,0.1252,5315978,0.024547
9236,260.0,19.0,373.8,0.1251,5316426,0.003435
9237,495.0,31.0,375.5,0.1250,5317409,0.138035
9238,600.0,35.0,378.6,0.1249,5318435,0.006133
9239,330.0,22.0,379.2,0.1248,5319022,0.016125
9240,345.0,23.0,380.1,0.1247,5319635,0.016148
9241,440.0,29.0,380.4,0.1246,5320272,0.010018
9242,440.0,27.0,381.9,0.1245,5320879,0.010910
9243,280.0,19.0,379.6,0.1244,5321354,0.011972
9244,115.0,10.0,376.7,0.1243,5321740,0.010840
9245,350.0,24.0,377.8,0.1243,5322434,0.011218
9246,155.0,10.0,375.9,0.1242,5322753,0.032102
9247,390.0,25.0,375.6,0.1241,5323317,0.012461
9248,875.0,32.0,382.8,0.1240,5324320,0.007560
9249,730.0,33.0,384.6,0.1239,5325131,0.014905
9250,315.0,23.0,382.1,0.1238,5325830,0.014378
9251,495.0,31.0,384.9,0.1237,5326649,0.018468
9252,180.0,13.0,385.1,0.1236,5327083,0.076964
9253,230.0,20.0,385.6,0.1235,5327678,0.008985
9254,410.0,27.0,386.8,0.1234,5328365,0.006494
9255,265.0,19.0,386.3,0.1233,5328980,0.040638
9256,245.0,17.0,385.6,0.1232,5329484,0.006107
9257,430.0,28.0,387.6,0.1231,5330410,0.015953
9258,270.0,18.0,387.9,0.1230,5331011,0.008528
9259,360.0,22.0,382.9,0.1229,5331614,0.014470
9260,435.0,28.0,383.0,0.1228,5332358,0.154241
9261,685.0,31.0,384.1,0.1227,5333276,0.043607
9262,215.0,16.0,380.8,0.1226,5333875,0.015342
9263,425.0,27.0,380.5,0.1225,5334787,0.012484
9264,380.0,26.0,380.1,0.1225,5335597,0.037363
9265,335.0,22.0,380.3,0.1224,5336248,0.011203
9266,650.0,29.0,380.6,0.1223,5337073,0.014717
9267,115.0,10.0,379.6,0.1222,5337368,0.013702
9268,265.0,19.0,378.5,0.1221,5337816,0.010907
9269,500.0,31.0,381.4,0.1220,5338488,0.010112
9270,325.0,24.0,382.2,0.1219,5339069,0.008312
9271,310.0,20.0,381.8,0.1218,5339541,0.069468
9272,125.0,12.0,381.6,0.1217,5339940,0.007331
9273,710.0,31.0,385.2,0.1216,5340775,0.009036
9274,340.0,23.0,386.1,0.1215,5341423,0.011269
9275,425.0,28.0,387.8,0.1214,5342384,0.009772
9276,510.0,22.0,391.8,0.1213,5343050,0.017286
9277,150.0,13.0,389.1,0.1212,5343479,0.010042
9278,480.0,30.0,391.8,0.1211,5344390,0.013526
9279,185.0,13.0,389.6,0.1210,5344751,0.021330
9280,295.0,20.0,390.4,0.1209,5345249,0.004943
9281,305.0,22.0,389.3,0.1208,5345787,0.017633
9282,465.0,30.0,391.1,0.1207,5346541,0.005723
9283,230.0,17.0,390.1,0.1207,5346987,0.010332
9284,180.0,13.0,387.2,0.1206,5347455,0.077071
9285,260.0,17.0,385.9,0.1205,5348022,0.010365
9286,315.0,23.0,385.0,0.1204,5348587,0.015440
9287,230.0,17.0,383.9,0.1203,5348999,0.020765
9288,320.0,19.0,384.5,0.1202,5349674,0.014719
9289,515.0,32.0,385.0,0.1201,5350444,0.007982
9290,625.0,29.0,385.2,0.1200,5351387,0.012346
9291,325.0,21.0,383.6,0.1199,5352000,0.013404
9292,230.0,17.0,382.1,0.1198,5352417,0.010515
9293,375.0,25.0,381.1,0.1197,5353333,0.009126
9294,260.0,20.0,379.9,0.1196,5353833,0.011797
9295,905.0,43.0,386.4,0.1195,5355056,0.007348
9296,350.0,24.0,386.0,0.1194,5355541,0.021515
9297,410.0,28.0,385.1,0.1193,5356352,0.007277
9298,645.0,29.0,388.1,0.1192,5357212,0.014350
9299,515.0,32.0,387.9,0.1191,5358132,0.012112
9300,555.0,24.0,388.8,0.1190,5358779,0.010123
9301,200.0,18.0,386.2,0.1189,5359388,0.014241
9302,555.0,33.0,388.6,0.1189,5360232,0.012183
9303,155.0,13.0,385.8,0.1188,5360831,0.010594
9304,435.0,29.0,385.2,0.1187,5361735,0.011769
9305,290.0,21.0,384.9,0.1186,5362366,0.009238
9306,595.0,28.0,387.4,0.1185,5363145,0.008088
9307,495.0,24.0,388.0,0.1184,5363818,0.010079
9308,205.0,16.0,386.4,0.1183,5364232,0.012924
9309,135.0,12.0,382.0,0.1182,5364709,0.011781
9310,490.0,21.0,384.0,0.1181,5365342,0.013584
9311,490.0,30.0,385.4,0.1180,5366153,0.007814
9312,170.0,14.0,381.1,0.1179,5366657,0.009982
9313,125.0,9.0,379.9,0.1178,5366934,0.007510
9314,360.0,25.0,379.3,0.1177,5367730,0.010611
9315,480.0,30.0,379.6,0.1176,5368444,0.021922
9316,260.0,19.0,378.9,0.1175,5368933,0.009209
9317,270.0,21.0,377.2,0.1174,5369569,0.007940
9318,175.0,16.0,377.4,0.1173,5370255,0.011628
9319,425.0,28.0,378.4,0.1172,5371133,0.010383
9320,425.0,27.0,378.4,0.1171,5371841,0.040949
9321,390.0,27.0,373.6,0.1171,5372504,0.010183
9322,470.0,21.0,376.2,0.1170,5373220,0.016091
9323,395.0,27.0,377.1,0.1169,5374145,0.008661
9324,480.0,30.0,377.8,0.1168,5374936,0.008344
9325,140.0,13.0,377.1,0.1167,5375420,0.083400
9326,340.0,23.0,376.6,0.1166,5376021,0.007220
9327,305.0,21.0,374.4,0.1165,5376472,0.013844
9328,415.0,27.0,376.1,0.1164,5377306,0.017707
9329,315.0,22.0,376.3,0.1163,5377855,0.004922
9330,375.0,26.0,373.3,0.1162,5378529,0.011453
9331,165.0,12.0,370.1,0.1161,5378911,0.010516
9332,105.0,10.0,366.5,0.1160,5379235,0.011596
9333,440.0,27.0,366.6,0.1159,5379955,0.006569
9334,565.0,33.0,369.1,0.1158,5381006,0.011095
9335,65.0,6.0,365.8,0.1157,5381281,0.020699
9336,485.0,31.0,368.1,0.1156,5382134,0.026692
9337,290.0,22.0,366.0,0.1155,5383022,0.042152
9338,320.0,23.0,363.2,0.1154,5383653,0.019504
9339,260.0,18.0,362.5,0.1153,5384228,0.080263
9340,230.0,18.0,361.4,0.1153,5384795,0.030517
9341,140.0,11.0,358.4,0.1152,5385182,0.008991
9342,330.0,22.0,357.2,0.1151,5385827,0.010480
9343,350.0,23.0,357.9,0.1150,5386437,0.024811
9344,305.0,20.0,359.9,0.1149,5386999,0.013262
9345,410.0,27.0,360.4,0.1148,5387857,0.011412
9346,450.0,29.0,363.4,0.1147,5388681,0.008718
9347,390.0,26.0,363.4,0.1146,5389496,0.085013
9348,235.0,18.0,357.0,0.1145,5390123,0.070700
9349,160.0,12.0,351.3,0.1144,5390664,0.010761
9350,305.0,21.0,351.2,0.1143,5391284,0.019307
9351,370.0,26.0,349.9,0.1142,5392063,0.033381
9352,490.0,31.0,353.1,0.1141,5392972,0.008044
9353,200.0,17.0,352.8,0.1140,5393502,0.013620
9354,235.0,18.0,351.0,0.1139,5394006,0.010869
9355,545.0,33.0,353.8,0.1138,5394960,0.080069
9356,210.0,14.0,353.4,0.1137,5395417,0.007006
9357,345.0,25.0,352.6,0.1136,5396139,0.004900
9358,295.0,21.0,352.9,0.1135,5396909,0.025982
9359,600.0,35.0,355.2,0.1135,5397739,0.082498
9360,355.0,24.0,354.4,0.1134,5398598,0.010245
9361,570.0,34.0,353.3,0.1133,5399384,0.004637
9362,495.0,31.0,356.1,0.1132,5400558,0.012204
9363,175.0,13.0,353.6,0.1131,5400964,0.078128
9364,205.0,16.0,351.9,0.1130,5401376,0.020689
9365,495.0,31.0,353.4,0.1129,5402375,0.038522
9366,335.0,24.0,350.3,0.1128,5403015,0.012320
9367,220.0,18.0,351.4,0.1127,5403657,0.005923
9368,345.0,24.0,352.1,0.1126,5404325,0.008419
9369,280.0,21.0,349.9,0.1125,5405021,0.020076
9370,405.0,26.0,350.8,0.1124,5405728,0.007488
9371,405.0,26.0,351.7,0.1123,5406381,0.007002
9372,335.0,23.0,353.8,0.1122,5407015,0.081977
9373,300.0,22.0,349.7,0.1121,5407666,0.010911
9374,610.0,27.0,352.4,0.1120,5408334,0.024058
9375,315.0,23.0,351.3,0.1119,5408984,0.009102
9376,135.0,9.0,347.6,0.1118,5409367,0.010048
9377,600.0,35.0,352.1,0.1117,5410420,0.015571
9378,630.0,29.0,353.6,0.1117,5411256,0.021942
9379,340.0,25.0,355.1,0.1116,5411997,0.012655
9380,335.0,22.0,355.5,0.1115,5412651,0.009950
9381,390.0,24.0,356.4,0.1114,5413209,0.013957
9382,425.0,25.0,355.9,0.1113,5413911,0.008255
9383,445.0,29.0,358.1,0.1112,5414630,0.005481
9384,380.0,24.0,360.1,0.1111,5415212,0.013983
9385,295.0,21.0,360.4,0.1110,5415811,0.005403
9386,485.0,21.0,362.1,0.1109,5416443,0.021863
9387,265.0,20.0,362.5,0.1108,5416895,0.008808
9388,375.0,26.0,363.1,0.1107,5417613,0.012626
9389,435.0,29.0,362.2,0.1106,5418406,0.004914
9390,305.0,20.0,359.1,0.1105,5419001,0.016124
9391,205.0,18.0,357.9,0.1104,5419532,0.011081
9392,610.0,29.0,361.6,0.1103,5420290,0.006210
9393,210.0,16.0,360.0,0.1102,5420765,0.147952
9394,405.0,27.0,361.4,0.1101,5421452,0.014714
9395,365.0,26.0,356.1,0.1100,5422242,0.019529
9396,725.0,33.0,359.8,0.1099,5423189,0.008023
9397,365.0,26.0,359.4,0.1099,5423855,0.010432
9398,300.0,21.0,355.9,0.1098,5424462,0.028264
9399,325.0,23.0,354.0,0.1097,5425049,0.013341
9400,215.0,16.0,350.6,0.1096,5425563,0.005788
9401,295.0,22.0,351.6,0.1095,5426404,0.045600
9402,180.0,12.0,347.8,0.1094,5426813,0.009793
9403,395.0,27.0,350.2,0.1093,5427683,0.010477
9404,280.0,21.0,348.6,0.1092,5428353,0.010304
9405,275.0,20.0,348.5,0.1091,5428849,0.057240
9406,260.0,18.0,345.1,0.1090,5429358,0.012660
9407,570.0,34.0,345.9,0.1089,5430258,0.021889
9408,365.0,26.0,347.5,0.1088,5430921,0.015820
9409,385.0,25.0,350.0,0.1087,5431654,0.018631
9410,335.0,24.0,348.4,0.1086,5432385,0.003217
9411,200.0,17.0,345.6,0.1085,5432849,0.007537
9412,330.0,24.0,347.1,0.1084,5433565,0.011048
9413,415.0,28.0,350.1,0.1083,5434473,0.007681
9414,320.0,22.0,349.6,0.1082,5435145,0.007552
9415,515.0,32.0,350.0,0.1081,5436045,0.005947
9416,360.0,23.0,351.0,0.1081,5436659,0.006913
9417,445.0,28.0,352.8,0.1080,5437536,0.009346
9418,330.0,22.0,354.3,0.1079,5438141,0.009916
9419,360.0,25.0,353.6,0.1078,5438826,0.012419
9420,730.0,33.0,356.7,0.1077,5439697,0.014930
9421,365.0,25.0,356.4,0.1076,5440349,0.007390
9422,700.0,32.0,358.8,0.1075,5441236,0.013922
9423,365.0,26.0,358.4,0.1074,5442098,0.009856
9424,415.0,26.0,357.8,0.1073,5442653,0.011113
9425,455.0,29.0,360.9,0.1072,5443585,0.007118
9426,660.0,30.0,364.1,0.1071,5444565,0.020736
9427,705.0,30.0,368.1,0.1070,5445193,0.021516
9428,285.0,21.0,366.9,0.1069,5445854,0.020694
9429,375.0,26.0,367.4,0.1068,5446545,0.028336
9430,380.0,25.0,367.5,0.1067,5447363,0.010860
9431,325.0,21.0,369.1,0.1066,5448057,0.005241
9432,510.0,31.0,373.1,0.1065,5449014,0.016141
9433,345.0,21.0,372.2,0.1064,5449494,0.007589
9434,435.0,29.0,370.9,0.1063,5450352,0.044420
9435,105.0,8.0,371.3,0.1063,5450646,0.012073
9436,255.0,19.0,369.0,0.1062,5451103,0.008360
9437,205.0,14.0,368.1,0.1061,5451653,0.014150
9438,335.0,23.0,368.3,0.1060,5452266,0.020995
9439,405.0,26.0,369.8,0.1059,5452883,0.007351
9440,235.0,18.0,369.8,0.1058,5453376,0.012093
9441,500.0,29.0,373.4,0.1057,5454027,0.010239
9442,395.0,27.0,374.1,0.1056,5454679,0.009832
9443,625.0,29.0,376.8,0.1055,5455470,0.021622
9444,425.0,27.0,378.0,0.1054,5456128,0.006947
9445,365.0,25.0,377.6,0.1053,5456810,0.015953
9446,255.0,18.0,375.6,0.1052,5457328,0.099515
9447,305.0,22.0,374.8,0.1051,5458046,0.020202
9448,295.0,22.0,375.4,0.1050,5458671,0.007028
9449,245.0,18.0,376.2,0.1049,5459209,0.012768
9450,340.0,25.0,376.6,0.1048,5459819,0.009847
9451,320.0,20.0,376.1,0.1047,5460359,0.006862
9452,220.0,17.0,373.4,0.1046,5460795,0.037108
9453,220.0,17.0,373.6,0.1045,5461402,0.021625
9454,240.0,18.0,373.6,0.1045,5461887,0.006711
9455,395.0,27.0,372.1,0.1044,5462632,0.124735
9456,490.0,31.0,374.9,0.1043,5463428,0.021969
9457,480.0,29.0,376.2,0.1042,5464247,0.006974
9458,485.0,30.0,378.1,0.1041,5465133,0.015413
9459,540.0,33.0,377.6,0.1040,5466085,0.009475
9460,390.0,23.0,377.9,0.1039,5466719,0.008202
9461,210.0,16.0,374.3,0.1038,5467192,0.081923
9462,330.0,22.0,372.6,0.1037,5467856,0.010274
9463,360.0,25.0,374.5,0.1036,5468646,0.005295
9464,195.0,15.0,374.4,0.1035,5469201,0.010582
9465,245.0,17.0,371.9,0.1034,5469747,0.022144
9466,895.0,33.0,377.5,0.1033,5470804,0.023717
9467,470.0,28.0,380.0,0.1032,5471474,0.011227
9468,545.0,33.0,382.0,0.1031,5472376,0.026673
9469,300.0,21.0,382.2,0.1030,5473036,0.128864
9470,500.0,31.0,383.1,0.1029,5473808,0.024879
9471,360.0,22.0,382.7,0.1028,5474486,0.009241
9472,500.0,31.0,384.4,0.1027,5475319,0.040930
9473,400.0,27.0,385.4,0.1027,5476062,0.011165
9474,250.0,17.0,381.8,0.1026,5476568,0.012525
9475,165.0,14.0,380.2,0.1025,5477061,0.085274
9476,455.0,28.0,383.4,0.1024,5478005,0.024820
9477,500.0,30.0,382.4,0.1023,5478680,0.013502
9478,230.0,19.0,378.4,0.1022,5479322,0.013795
9479,380.0,25.0,378.9,0.1021,5479925,0.009287
9480,540.0,32.0,380.9,0.1020,5480830,0.010029
9481,375.0,26.0,380.8,0.1019,5481577,0.007483
9482,310.0,21.0,379.6,0.1018,5482199,0.082522
9483,235.0,16.0,377.5,0.1017,5482725,0.021136
9484,420.0,25.0,377.9,0.1016,5483305,0.014788
9485,270.0,18.0,377.6,0.1015,5483802,0.007260
9486,245.0,17.0,375.2,0.1014,5484191,0.013482
9487,385.0,27.0,376.4,0.1013,5484909,0.008837
9488,485.0,31.0,377.6,0.1012,5485675,0.017247
9489,445.0,28.0,377.6,0.1011,5486437,0.240814
9490,525.0,32.0,379.9,0.1010,5487279,0.006167
9491,100.0,10.0,378.8,0.1009,5487671,0.004900
9492,245.0,17.0,375.1,0.1009,5488067,0.006537
9493,285.0,19.0,375.9,0.1008,5488601,0.011891
9494,420.0,28.0,376.1,0.1007,5489321,0.010964
9495,600.0,35.0,378.4,0.1006,5490238,0.010851
9496,200.0,18.0,373.1,0.1005,5490834,0.008916
9497,255.0,18.0,372.1,0.1004,5491276,0.008302
9498,245.0,18.0,371.5,0.1003,5491853,0.010277
9499,385.0,25.0,372.1,0.1002,5492501,0.009191
9500,210.0,15.0,372.1,0.1001,5493071,0.018541
9501,250.0,18.0,371.6,0.1000,5493702,0.020635
9502,525.0,32.0,375.1,0.1000,5494656,0.012954
9503,410.0,26.0,375.2,0.1000,5495372,0.011637
9504,370.0,26.0,376.1,0.1000,5496106,0.005733
9505,445.0,29.0,377.8,0.1000,5496894,0.007928
9506,645.0,29.0,381.6,0.1000,5497692,0.005791
9507,335.0,23.0,379.3,0.1000,5498284,0.012525
9508,215.0,16.0,377.8,0.1000,5498767,0.012289
9509,540.0,32.0,379.4,0.1000,5499604,0.010998
9510,250.0,17.0,378.5,0.1000,5500066,0.019694
9511,310.0,23.0,379.6,0.1000,5500713,0.014736
9512,415.0,27.0,380.4,0.1000,5501494,0.007124
9513,100.0,10.0,377.3,0.1000,5501897,0.016677
9514,375.0,24.0,377.9,0.1000,5502671,0.017012
9515,320.0,24.0,375.9,0.1000,5503371,0.003260
9516,245.0,19.0,374.8,0.1000,5503886,0.010442
9517,200.0,17.0,372.3,0.1000,5504368,0.010059
9518,460.0,30.0,373.6,0.1000,5505265,0.011629
9519,310.0,23.0,373.1,0.1000,5505846,0.006238
9520,520.0,25.0,371.0,0.1000,5506582,0.009857
9521,130.0,10.0,368.6,0.1000,5506949,0.005708
9522,395.0,25.0,365.6,0.1000,5507586,0.013928
9523,355.0,24.0,365.5,0.1000,5508214,0.005597
9524,365.0,24.0,365.0,0.1000,5508865,0.023689
9525,395.0,27.0,364.4,0.1000,5509682,0.016991
9526,155.0,13.0,359.4,0.1000,5510118,0.011034
9527,220.0,18.0,354.5,0.1000,5510613,0.005110
9528,410.0,28.0,355.8,0.1000,5511439,0.017113
9529,245.0,19.0,354.4,0.1000,5511948,0.009072
9530,375.0,26.0,354.4,0.1000,5512562,0.009878
9531,165.0,12.0,352.8,0.1000,5513006,0.015863
9532,245.0,19.0,350.1,0.1000,5513564,0.010261
9533,445.0,29.0,351.1,0.1000,5514336,0.010308
9534,545.0,33.0,352.2,0.1000,5515219,0.008032
9535,325.0,21.0,354.4,0.1000,5515856,0.005640
9536,275.0,17.0,354.6,0.1000,5516396,0.013138
9537,475.0,23.0,357.4,0.1000,5517043,0.007868
9538,130.0,10.0,355.3,0.1000,5517451,0.015254
9539,385.0,24.0,355.1,0.1000,5518169,0.013990
9540,190.0,15.0,354.6,0.1000,5518642,0.018987
9541,280.0,21.0,352.4,0.1000,5519255,0.013192
9542,380.0,26.0,352.3,0.1000,5519874,0.006187
9543,470.0,29.0,350.8,0.1000,5520617,0.023733
9544,355.0,23.0,350.1,0.1000,5521231,0.014482
9545,470.0,30.0,351.1,0.1000,5522115,0.009170
9546,120.0,8.0,349.8,0.1000,5522482,0.068827
9547,470.0,30.0,351.4,0.1000,5523323,0.013804
9548,600.0,35.0,354.4,0.1000,5524301,0.014784
9549,380.0,26.0,355.8,0.1000,5524896,0.072465
9550,280.0,21.0,355.2,0.1000,5525454,0.009956
9551,265.0,19.0,354.6,0.1000,5526050,0.012190
9552,230.0,15.0,354.8,0.1000,5526425,0.011887
9553,470.0,30.0,357.2,0.1000,5527452,0.005536
9554,475.0,30.0,359.6,0.1000,5528300,0.007484
9555,395.0,27.0,359.6,0.1000,5529060,0.030207
9556,410.0,25.0,358.8,0.1000,5529707,0.008498
9557,335.0,23.0,357.4,0.1000,5530277,0.004923
9558,435.0,28.0,356.9,0.1000,5530954,0.009314
9559,265.0,19.0,354.1,0.1000,5531634,0.008198
9560,70.0,6.0,350.9,0.1000,5531926,0.016569
9561,415.0,27.0,352.9,0.1000,5532647,0.068881
9562,325.0,22.0,352.9,0.1000,5533300,0.025814
9563,325.0,22.0,352.6,0.1000,5533894,0.012807
9564,395.0,26.0,354.6,0.1000,5534691,0.162501
9565,480.0,30.0,356.9,0.1000,5535423,0.009372
9566,460.0,30.0,352.6,0.1000,5536402,0.141048
9567,265.0,19.0,350.5,0.1000,5537000,0.012877
9568,485.0,29.0,349.9,0.1000,5537802,0.010669
9569,480.0,30.0,351.7,0.1000,5538604,0.010835
9570,705.0,32.0,353.8,0.1000,5539520,0.071734
9571,270.0,22.0,352.9,0.1000,5540216,0.008466
9572,230.0,15.0,350.1,0.1000,5540698,0.023607
9573,285.0,20.0,349.0,0.1000,5541360,0.053885
9574,435.0,27.0,350.9,0.1000,5542076,0.014411
9575,275.0,20.0,351.9,0.1000,5542675,0.008241
9576,400.0,27.0,351.4,0.1000,5543391,0.011845
9577,380.0,24.0,350.2,0.1000,5544104,0.009340
9578,450.0,29.0,352.4,0.1000,5544848,0.007461
9579,355.0,24.0,352.1,0.1000,5545441,0.008438
9580,320.0,22.0,349.9,0.1000,5546149,0.061730
9581,610.0,29.0,352.3,0.1000,5546954,0.008632
9582,620.0,29.0,355.4,0.1000,5547741,0.005883
9583,345.0,24.0,356.5,0.1000,5548492,0.005301
9584,535.0,23.0,357.6,0.1000,5549246,0.017873
9585,310.0,21.0,358.1,0.1000,5549843,0.021873
9586,380.0,23.0,359.4,0.1000,5550565,0.009814
9587,270.0,19.0,358.2,0.1000,5551036,0.014660
9588,360.0,25.0,357.0,0.1000,5551621,0.007439
9589,470.0,28.0,357.2,0.1000,5552250,0.010806
9590,175.0,14.0,353.8,0.1000,5552788,0.006292
9591,515.0,32.0,357.9,0.1000,5553721,0.106608
9592,335.0,22.0,358.8,0.1000,5554444,0.011156
9593,245.0,17.0,358.4,0.1000,5554829,0.008081
9594,435.0,29.0,358.6,0.1000,5555721,0.006371
9595,300.0,23.0,355.6,0.1000,5556345,0.020477
9596,355.0,23.0,357.1,0.1000,5557064,0.008293
9597,385.0,27.0,358.4,0.1000,5557859,0.010069
9598,545.0,33.0,361.4,0.1000,5558835,0.008465
9599,465.0,30.0,362.2,0.1000,5559720,0.021551
9600,315.0,23.0,363.2,0.1000,5560369,0.011795
9601,600.0,35.0,366.8,0.1000,5561451,0.010750
9602,250.0,18.0,364.0,0.1000,5561848,0.106887
9603,330.0,21.0,363.2,0.1000,5562396,0.016302
9604,215.0,16.0,361.6,0.1000,5562810,0.009359
9605,255.0,19.0,359.8,0.1000,5563285,0.015872
9606,440.0,28.0,357.7,0.1000,5564080,0.007841
9607,650.0,30.0,360.9,0.1000,5564900,0.006804
9608,480.0,30.0,363.5,0.1000,5565735,0.008433
9609,455.0,29.0,362.6,0.1000,5566537,0.008380
9610,715.0,33.0,367.3,0.1000,5567434,0.012183
9611,420.0,28.0,368.4,0.1000,5568247,0.007951
9612,370.0,26.0,367.9,0.1000,5568880,0.018868
9613,425.0,28.0,371.2,0.1000,5569666,0.009413
9614,395.0,27.0,371.4,0.1000,5570434,0.013415
9615,385.0,25.0,372.1,0.1000,5571169,0.014884
9616,350.0,25.0,373.1,0.1000,5571948,0.006845
9617,560.0,25.0,376.7,0.1000,5572742,0.094826
9618,390.0,25.0,376.0,0.1000,5573430,0.016781
9619,480.0,30.0,377.7,0.1000,5574185,0.008523
9620,315.0,24.0,375.6,0.1000,5574717,0.008250
9621,300.0,21.0,377.4,0.1000,5575313,0.011759
9622,485.0,31.0,378.2,0.1000,5576222,0.073900
9623,400.0,26.0,378.7,0.1000,5576927,0.018022
9624,465.0,30.0,379.7,0.1000,5577718,0.008679
9625,230.0,15.0,378.1,0.1000,5578242,0.006924
9626,385.0,25.0,380.4,0.1000,5578934,0.009313
9627,550.0,33.0,383.6,0.1000,5579612,0.008568
9628,515.0,32.0,384.7,0.1000,5580350,0.087828
9629,600.0,27.0,388.2,0.1000,5581113,0.015462
9630,755.0,34.0,392.1,0.1000,5581975,0.005020
9631,360.0,25.0,394.0,0.1000,5582608,0.014225
9632,470.0,21.0,396.2,0.1000,5583153,0.014520
9633,315.0,22.0,394.9,0.1000,5583842,0.016274
9634,310.0,20.0,392.6,0.1000,5584433,0.014476
9635,440.0,27.0,393.8,0.1000,5585158,0.018010
9636,525.0,32.0,396.2,0.1000,5586019,0.004284
9637,325.0,20.0,394.8,0.1000,5586530,0.007322
9638,285.0,19.0,396.3,0.1000,5587017,0.020663
9639,290.0,20.0,395.4,0.1000,5587617,0.010802
9640,745.0,34.0,400.9,0.1000,5588541,0.010587
9641,330.0,22.0,401.4,0.1000,5589083,0.007425
9642,435.0,28.0,401.9,0.1000,5589905,0.011364
9643,235.0,16.0,399.6,0.1000,5590327,0.006226
9644,515.0,32.0,401.2,0.1000,5591252,0.026327
9645,710.0,32.0,403.6,0.1000,5592065,0.018701
9646,315.0,23.0,405.6,0.1000,5592806,0.008547
9647,410.0,26.0,404.9,0.1000,5593413,0.023628
9648,480.0,30.0,403.8,0.1000,5594112,0.020067
9649,430.0,28.0,404.2,0.1000,5595039,0.008146
9650,445.0,29.0,405.9,0.1000,5595884,0.005409
9651,405.0,25.0,407.3,0.1000,5596673,0.025007
9652,490.0,31.0,409.9,0.1000,5597706,0.008859
9653,415.0,28.0,409.4,0.1000,5598395,0.007336
9654,135.0,9.0,405.9,0.1000,5598768,0.013949
9655,595.0,34.0,407.9,0.1000,5599663,0.008097
9656,365.0,26.0,407.5,0.1000,5600291,0.011307
9657,370.0,23.0,407.9,0.1000,5600872,0.020100
9658,590.0,27.0,409.4,0.1000,5601619,0.013626
9659,300.0,21.0,409.8,0.1000,5602266,0.005601
9660,375.0,24.0,412.8,0.1000,5603068,0.097729
9661,465.0,30.0,413.3,0.1000,5603945,0.010951
9662,710.0,32.0,417.1,0.1000,5604729,0.011962
9663,275.0,20.0,416.6,0.1000,5605260,0.016531
9664,65.0,6.0,413.4,0.1000,5605509,0.014652
9665,605.0,35.0,414.6,0.1000,5606502,0.014583
9666,540.0,32.0,415.4,0.1000,5607285,0.013966
9667,690.0,32.0,419.6,0.1000,5608181,0.006384
9668,500.0,31.0,419.8,0.1000,5608933,0.005881
9669,375.0,25.0,418.8,0.1000,5609660,0.022855
9670,265.0,21.0,414.4,0.1000,5610284,0.010388
9671,515.0,32.0,416.8,0.1000,5610938,0.019247
9672,865.0,32.0,423.1,0.1000,5612008,0.009536
9673,320.0,20.0,423.5,0.1000,5612592,0.016268
9674,70.0,7.0,419.9,0.1000,5612886,0.008541
9675,390.0,26.0,421.0,0.1000,5613662,0.005806
9676,530.0,31.0,422.3,0.1000,5614446,0.010049
9677,485.0,22.0,423.4,0.1000,5615116,0.008726
9678,425.0,28.0,423.1,0.1000,5615991,0.014136
9679,200.0,14.0,421.6,0.1000,5616558,0.010766
9680,470.0,30.0,423.1,0.1000,5617328,0.008542
9681,570.0,34.0,422.6,0.1000,5618237,0.008375
9682,165.0,11.0,418.1,0.1000,5618644,0.006635
9683,440.0,28.0,419.1,0.1000,5619405,0.015137
9684,215.0,15.0,415.9,0.1000,5619843,0.011431
9685,275.0,17.0,415.5,0.1000,5620315,0.008032
9686,360.0,23.0,415.3,0.1000,5620918,0.013290
9687,430.0,27.0,416.9,0.1000,5621776,0.100908
9688,405.0,24.0,417.4,0.1000,5622387,0.010702
9689,465.0,29.0,417.3,0.1000,5623386,0.006459
9690,235.0,16.0,417.9,0.1000,5623839,0.019515
9691,195.0,13.0,414.7,0.1000,5624248,0.012379
9692,250.0,19.0,413.9,0.1000,5624877,0.020136
9693,275.0,19.0,414.1,0.1000,5625407,0.006721
9694,440.0,29.0,414.2,0.1000,5626428,0.009778
9695,410.0,26.0,415.3,0.1000,5627087,0.014300
9696,520.0,32.0,416.9,0.1000,5627936,0.007947
9697,235.0,17.0,415.4,0.1000,5628437,0.021849
9698,100.0,8.0,411.0,0.1000,5628754,0.003862
9699,80.0,7.0,407.1,0.1000,5629109,0.014705
9700,210.0,14.0,406.1,0.1000,5629563,0.008531
9701,275.0,21.0,402.9,0.1000,5630115,0.062701
9702,510.0,31.0,405.4,0.1000,5630830,0.016352
9703,105.0,7.0,403.2,0.1000,5631128,0.005739
9704,450.0,27.0,405.6,0.1000,5631737,0.006592
9705,300.0,22.0,406.0,0.1000,5632397,0.007081
9706,280.0,21.0,404.4,0.1000,5632935,0.008115
9707,200.0,16.0,399.9,0.1000,5633486,0.005519
9708,415.0,26.0,399.2,0.1000,5634179,0.010201
9709,570.0,24.0,400.4,0.1000,5634889,0.015247
9710,80.0,6.0,394.1,0.1000,5635166,0.010927
9711,455.0,27.0,394.4,0.1000,5635932,0.003434
9712,570.0,24.0,396.4,0.1000,5636561,0.006504
9713,520.0,23.0,397.4,0.1000,5637156,0.009204
9714,540.0,33.0,398.8,0.1000,5637968,0.004555
9715,205.0,14.0,397.0,0.1000,5638348,0.050953
9716,265.0,21.0,396.1,0.1000,5638971,0.013863
9717,475.0,30.0,395.3,0.1000,5639976,0.009090
9718,390.0,26.0,395.3,0.1000,5640724,0.032804
9719,235.0,17.0,392.9,0.1000,5641133,0.009575
9720,555.0,25.0,395.2,0.1000,5641732,0.142845
9721,455.0,29.0,396.8,0.1000,5642410,0.028526
9722,215.0,14.0,394.1,0.1000,5643014,0.008335
9723,470.0,29.0,394.8,0.1000,5643791,0.010497
9724,325.0,20.0,393.4,0.1000,5644479,0.006158
9725,335.0,25.0,394.4,0.1000,5645276,0.008286
9726,270.0,20.0,393.3,0.1000,5645898,0.011514
9727,295.0,20.0,390.8,0.1000,5646557,0.008007
9728,370.0,24.0,389.3,0.1000,5647134,0.007464
9729,330.0,22.0,386.6,0.1000,5647833,0.009010
9730,495.0,31.0,384.0,0.1000,5648631,0.119633
9731,435.0,28.0,384.8,0.1000,5649519,0.018908
9732,405.0,27.0,384.1,0.1000,5650261,0.036645
9733,195.0,13.0,382.9,0.1000,5650667,0.010168
9734,645.0,30.0,386.2,0.1000,5651474,0.006452
9735,455.0,30.0,386.4,0.1000,5652185,0.010285
9736,290.0,20.0,384.1,0.1000,5652908,0.018585
9737,345.0,23.0,384.2,0.1000,5653518,0.004936
9738,345.0,24.0,384.9,0.1000,5654212,0.028374
9739,185.0,13.0,383.8,0.1000,5654623,0.006577
9740,215.0,16.0,378.5,0.1000,5655125,0.031559
9741,470.0,29.0,379.9,0.1000,5656021,0.006483
9742,400.0,26.0,379.6,0.1000,5656660,0.007812
9743,225.0,15.0,379.4,0.1000,5657139,0.007975
9744,310.0,23.0,377.4,0.1000,5657830,0.023740
9745,200.0,17.0,372.3,0.1000,5658301,0.012689
9746,480.0,30.0,373.9,0.1000,5659222,0.010044
9747,555.0,33.0,375.4,0.1000,5660195,0.023226
9748,305.0,19.0,373.6,0.1000,5660847,0.009199
9749,365.0,24.0,373.0,0.1000,5661469,0.012690
9750,245.0,16.0,371.0,0.1000,5661943,0.028248
9751,520.0,32.0,372.1,0.1000,5662873,0.015041
9752,700.0,32.0,374.2,0.1000,5663717,0.005338
9753,315.0,18.0,373.2,0.1000,5664287,0.024018
9754,305.0,22.0,374.9,0.1000,5664856,0.006093
9755,315.0,22.0,372.1,0.1000,5665461,0.011368
9756,455.0,27.0,373.1,0.1000,5666105,0.006129
9757,395.0,24.0,373.3,0.1000,5666718,0.016121
9758,210.0,17.0,369.5,0.1000,5667314,0.016262
9759,320.0,23.0,369.7,0.1000,5668036,0.041723
9760,550.0,33.0,371.4,0.1000,5668966,0.022841
9761,230.0,15.0,369.1,0.1000,5669450,0.008482
9762,275.0,20.0,364.8,0.1000,5669949,0.008624
9763,395.0,25.0,365.9,0.1000,5670487,0.013588
9764,360.0,23.0,368.9,0.1000,5671309,0.012305
9765,270.0,18.0,365.6,0.1000,5671851,0.022419
9766,445.0,29.0,364.6,0.1000,5672782,0.007331
9767,310.0,21.0,360.8,0.1000,5673437,0.020308
9768,380.0,25.0,359.6,0.1000,5674125,0.140176
9769,200.0,14.0,357.9,0.1000,5674523,0.014782
9770,265.0,20.0,357.9,0.1000,5675114,0.010656
9771,245.0,18.0,355.1,0.1000,5675649,0.006575
9772,325.0,24.0,349.8,0.1000,5676269,0.011051
9773,380.0,26.0,350.4,0.1000,5676959,0.055226
9774,340.0,22.0,353.1,0.1000,5677511,0.010069
9775,440.0,29.0,353.6,0.1000,5678433,0.008069
9776,450.0,29.0,352.8,0.1000,5679173,0.016463
9777,605.0,26.0,353.9,0.1000,5679803,0.008181
9778,285.0,21.0,352.6,0.1000,5680449,0.032500
9779,325.0,22.0,353.8,0.1000,5681041,0.012213
9780,220.0,16.0,351.3,0.1000,5681499,0.035016
9781,295.0,22.0,348.6,0.1000,5682155,0.016550
9782,425.0,28.0,351.1,0.1000,5682957,0.009915
9783,515.0,23.0,351.9,0.1000,5683609,0.056324
9784,575.0,34.0,355.5,0.1000,5684701,0.007124
9785,285.0,21.0,355.6,0.1000,5685263,0.006403
9786,310.0,21.0,355.1,0.1000,5685820,0.005304
9787,430.0,28.0,355.1,0.1000,5686433,0.008872
9788,215.0,16.0,353.2,0.1000,5686849,0.030065
9789,570.0,25.0,354.2,0.1000,5687493,0.014176
9790,375.0,26.0,355.6,0.1000,5688176,0.011777
9791,190.0,16.0,355.6,0.1000,5688859,0.179957
9792,555.0,33.0,358.6,0.1000,5689705,0.006685
9793,310.0,20.0,359.0,0.1000,5690237,0.139954
9794,370.0,26.0,358.3,0.1000,5690953,0.067656
9795,610.0,27.0,360.3,0.1000,5691556,0.035584
9796,280.0,21.0,357.9,0.1000,5692246,0.014977
9797,565.0,27.0,361.2,0.1000,5693014,0.034019
9798,755.0,34.0,367.8,0.1000,5693969,0.012366
9799,155.0,8.0,368.5,0.1000,5694319,0.003960
9800,235.0,15.0,368.8,0.1000,5694873,0.071827
9801,570.0,27.0,371.7,0.1000,5695543,0.008256
9802,575.0,26.0,372.4,0.1000,5696325,0.009899
9803,245.0,20.0,373.8,0.1000,5696989,0.012070
9804,470.0,30.0,373.9,0.1000,5697922,0.007688
9805,490.0,31.0,375.9,0.1000,5698582,0.031630
9806,730.0,33.0,380.4,0.1000,5699647,0.013683
9807,360.0,24.0,381.9,0.1000,5700540,0.011665
9808,135.0,9.0,379.1,0.1000,5700900,0.018136
9809,325.0,23.0,376.7,0.1000,5701529,0.021481
9810,75.0,8.0,376.6,0.1000,5701866,0.008943
9811,510.0,32.0,377.2,0.1000,5702642,0.011740
9812,270.0,20.0,374.2,0.1000,5703280,0.017680
9813,445.0,29.0,373.4,0.1000,5704069,0.011754
9814,755.0,34.0,375.6,0.1000,5705009,0.011729
9815,275.0,21.0,376.3,0.1000,5705594,0.006555
9816,205.0,17.0,375.7,0.1000,5706060,0.006076
9817,490.0,31.0,375.9,0.1000,5706881,0.015985
9818,190.0,16.0,373.9,0.1000,5707419,0.018820
9819,190.0,12.0,373.4,0.1000,5707899,0.008349
9820,285.0,20.0,370.7,0.1000,5708374,0.035998
9821,255.0,17.0,368.7,0.1000,5708859,0.010777
9822,295.0,20.0,369.5,0.1000,5709544,0.071866
9823,490.0,31.0,369.7,0.1000,5710378,0.007699
9824,360.0,25.0,370.1,0.1000,5711069,0.047084
9825,355.0,23.0,370.2,0.1000,5711758,0.014303
9826,430.0,27.0,371.9,0.1000,5712440,0.008407
9827,315.0,22.0,372.1,0.1000,5713270,0.007850
9828,360.0,26.0,371.9,0.1000,5714026,0.005731
9829,430.0,28.0,372.9,0.1000,5714744,0.012726
9830,125.0,11.0,369.2,0.1000,5715268,0.016150
9831,360.0,23.0,368.5,0.1000,5715957,0.010831
9832,435.0,27.0,368.8,0.1000,5716561,0.008220
9833,375.0,24.0,370.6,0.1000,5717166,0.017773
9834,230.0,18.0,366.4,0.1000,5717699,0.016375
9835,230.0,17.0,364.2,0.1000,5718268,0.007665
9836,575.0,26.0,367.1,0.1000,5718912,0.009620
9837,440.0,29.0,368.0,0.1000,5719640,0.014332
9838,255.0,21.0,367.1,0.1000,5720160,0.043530
9839,260.0,19.0,367.9,0.1000,5720655,0.007074
9840,235.0,17.0,368.1,0.1000,5721211,0.049237
9841,265.0,20.0,366.0,0.1000,5721784,0.013440
9842,320.0,22.0,365.2,0.1000,5722487,0.009116
9843,200.0,15.0,364.9,0.1000,5723038,0.009991
9844,340.0,23.0,365.2,0.1000,5723609,0.010412
9845,410.0,27.0,367.4,0.1000,5724370,0.010505
9846,140.0,14.0,363.9,0.1000,5724929,0.005497
9847,305.0,23.0,361.4,0.1000,5725561,0.016082
9848,210.0,14.0,360.5,0.1000,5726046,0.008889
9849,390.0,23.0,360.8,0.1000,5726690,0.028772
9850,335.0,22.0,361.6,0.1000,5727399,0.014088
9851,425.0,27.0,360.7,0.1000,5728134,0.010746
9852,205.0,15.0,355.8,0.1000,5728552,0.011706
9853,305.0,23.0,355.6,0.1000,5729196,0.007469
9854,310.0,22.0,355.7,0.1000,5729798,0.015797
9855,385.0,27.0,356.4,0.1000,5730558,0.010814
9856,425.0,28.0,356.1,0.1000,5731532,0.015066
9857,270.0,18.0,354.9,0.1000,5732039,0.016438
9858,330.0,21.0,356.1,0.1000,5732622,0.141785
9859,435.0,27.0,357.2,0.1000,5733263,0.066626
9860,265.0,17.0,354.4,0.1000,5733756,0.018380
9861,450.0,29.0,356.6,0.1000,5734661,0.011230
9862,370.0,24.0,357.5,0.1000,5735361,0.013364
9863,480.0,30.0,358.4,0.1000,5736184,0.012574
9864,435.0,28.0,359.1,0.1000,5736803,0.022832
9865,315.0,23.0,359.6,0.1000,5737450,0.024618
9866,390.0,25.0,359.0,0.1000,5738061,0.010747
9867,355.0,25.0,359.4,0.1000,5738699,0.005417
9868,260.0,18.0,358.2,0.1000,5739311,0.007364
9869,355.0,25.0,359.8,0.1000,5740022,0.009251
9870,560.0,27.0,362.8,0.1000,5740901,0.005113
9871,170.0,11.0,362.0,0.1000,5741273,0.028313
9872,520.0,32.0,363.9,0.1000,5742192,0.013869
9873,245.0,18.0,362.6,0.1000,5742614,0.006722
9874,255.0,16.0,361.8,0.1000,5742988,0.007495
9875,240.0,17.0,359.8,0.1000,5743496,0.010809
9876,355.0,23.0,358.8,0.1000,5744075,0.009243
9877,355.0,24.0,356.3,0.1000,5744714,0.012771
9878,545.0,33.0,358.9,0.1000,5745550,0.016488
9879,540.0,33.0,361.1,0.1000,5746238,0.008893
9880,545.0,33.0,364.3,0.1000,5747014,0.010211
9881,340.0,22.0,364.8,0.1000,5747804,0.104326
9882,215.0,16.0,362.6,0.1000,5748304,0.007227
9883,275.0,20.0,360.2,0.1000,5748794,0.049926
9884,445.0,28.0,358.9,0.1000,5749540,0.067963
9885,695.0,31.0,363.1,0.1000,5750347,0.017351
9886,410.0,18.0,364.1,0.1000,5751064,0.011331
9887,510.0,31.0,364.9,0.1000,5751746,0.009793
9888,435.0,29.0,367.1,0.1000,5752683,0.101683
9889,345.0,25.0,364.8,0.1000,5753330,0.008002
9890,215.0,17.0,363.2,0.1000,5753862,0.010303
9891,470.0,30.0,366.0,0.1000,5754834,0.010389
9892,345.0,25.0,363.9,0.1000,5755608,0.009110
9893,740.0,34.0,368.2,0.1000,5756720,0.006543
9894,355.0,24.0,368.1,0.1000,5757338,0.009541
9895,345.0,24.0,365.4,0.1000,5758154,0.007855
9896,440.0,28.0,367.0,0.1000,5759033,0.009806
9897,470.0,21.0,366.1,0.1000,5759617,0.008706
9898,345.0,24.0,361.9,0.1000,5760308,0.016497
9899,525.0,24.0,365.6,0.1000,5761145,0.010422
9900,615.0,28.0,369.4,0.1000,5761880,0.008046
9901,420.0,28.0,367.9,0.1000,5762621,0.029774
9902,60.0,4.0,362.8,0.1000,5762893,0.020976
9903,310.0,20.0,363.4,0.1000,5763365,0.008111
9904,275.0,22.0,361.5,0.1000,5764021,0.061423
9905,510.0,31.0,361.7,0.1000,5764876,0.006075
9906,185.0,15.0,356.2,0.1000,5765363,0.006555
9907,255.0,18.0,355.2,0.1000,5765844,0.008935
9908,395.0,26.0,357.8,0.1000,5766474,0.046326
9909,480.0,29.0,359.4,0.1000,5767034,0.010420
9910,185.0,12.0,360.4,0.1000,5767490,0.012355
9911,395.0,25.0,359.3,0.1000,5768162,0.014699
9912,180.0,14.0,358.4,0.1000,5768756,0.011320
9913,620.0,29.0,360.1,0.1000,5769644,0.024680
9914,175.0,16.0,354.4,0.1000,5770193,0.009555
9915,210.0,15.0,353.7,0.1000,5770632,0.011556
9916,660.0,30.0,358.2,0.1000,5771448,0.006273
9917,290.0,17.0,356.2,0.1000,5771895,0.074261
9918,280.0,19.0,357.1,0.1000,5772487,0.013193
9919,360.0,25.0,358.9,0.1000,5773254,0.022404
9920,390.0,26.0,359.9,0.1000,5773906,0.016173
9921,425.0,28.0,361.6,0.1000,5774644,0.064682
9922,530.0,31.0,363.9,0.1000,5775459,0.007394
9923,240.0,16.0,361.4,0.1000,5775977,0.013530
9924,365.0,26.0,361.5,0.1000,5776689,0.006702
9925,185.0,11.0,359.8,0.1000,5777044,0.013254
9926,350.0,25.0,359.0,0.1000,5777671,0.017058
9927,370.0,25.0,359.6,0.1000,5778287,0.048648
9928,435.0,29.0,360.3,0.1000,5779109,0.024446
9929,340.0,23.0,359.4,0.1000,5779780,0.065155
9930,220.0,17.0,360.4,0.1000,5780409,0.033557
9931,390.0,26.0,360.6,0.1000,5781229,0.011031
9932,340.0,23.0,359.7,0.1000,5781856,0.008202
9933,315.0,21.0,359.1,0.1000,5782478,0.014444
9934,470.0,30.0,361.5,0.1000,5783387,0.009353
9935,395.0,26.0,363.1,0.1000,5784134,0.010617
9936,230.0,15.0,359.7,0.1000,5784537,0.010904
9937,260.0,17.0,357.9,0.1000,5784968,0.010667
9938,420.0,27.0,359.6,0.1000,5785667,0.005721
9939,320.0,21.0,360.1,0.1000,5786297,0.015796
9940,320.0,20.0,361.0,0.1000,5786936,0.010071
9941,420.0,18.0,362.6,0.1000,5787500,0.021671
9942,545.0,33.0,364.8,0.1000,5788396,0.005590
9943,315.0,22.0,365.9,0.1000,5789074,0.011771
9944,670.0,31.0,369.2,0.1000,5789901,0.020090
9945,370.0,25.0,368.9,0.1000,5790439,0.021785
9946,605.0,35.0,373.5,0.1000,5791374,0.010575
9947,335.0,23.0,373.8,0.1000,5791916,0.009122
9948,505.0,31.0,376.8,0.1000,5792717,0.009450
9949,350.0,24.0,376.4,0.1000,5793496,0.021536
9950,405.0,26.0,377.1,0.1000,5794182,0.024246
9951,285.0,20.0,375.6,0.1000,5794672,0.005235
9952,170.0,12.0,375.3,0.1000,5795099,0.015847
9953,440.0,29.0,376.6,0.1000,5796034,0.013777
9954,330.0,22.0,376.9,0.1000,5796571,0.010724
9955,340.0,22.0,376.4,0.1000,5797294,0.008739
9956,570.0,34.0,377.9,0.1000,5798245,0.064105
9957,425.0,28.0,379.4,0.1000,5799053,0.131185
9958,435.0,27.0,380.4,0.1000,5799709,0.006828
9959,210.0,16.0,378.2,0.1000,5800251,0.016649
9960,400.0,26.0,379.6,0.1000,5800937,0.008816
9961,575.0,34.0,380.8,0.1000,5802120,0.021800
9962,515.0,31.0,382.2,0.1000,5802994,0.014533
9963,230.0,16.0,379.8,0.1000,5803490,0.008710
9964,295.0,21.0,378.4,0.1000,5804096,0.016267
9965,270.0,21.0,377.9,0.1000,5804649,0.018974
9966,635.0,28.0,380.4,0.1000,5805513,0.012560
9967,495.0,31.0,381.8,0.1000,5806351,0.013926
9968,170.0,15.0,380.9,0.1000,5806863,0.007164
9969,485.0,30.0,382.1,0.1000,5807656,0.004664
9970,185.0,15.0,378.4,0.1000,5808323,0.014640
9971,180.0,14.0,378.5,0.1000,5808726,0.005443
9972,385.0,24.0,377.1,0.1000,5809333,0.011947
9973,325.0,22.0,377.9,0.1000,5809967,0.044787
9974,375.0,26.0,379.1,0.1000,5810635,0.016000
9975,240.0,17.0,379.1,0.1000,5811057,0.005230
9976,420.0,28.0,379.8,0.1000,5811775,0.008254
9977,350.0,25.0,379.8,0.1000,5812422,0.025289
9978,380.0,26.0,378.1,0.1000,5812960,0.005422
9979,490.0,31.0,377.6,0.1000,5813841,0.012812
9980,225.0,18.0,374.4,0.1000,5814311,0.011430
9981,330.0,23.0,374.3,0.1000,5814837,0.010068
9982,275.0,20.0,374.9,0.1000,5815559,0.013184
9983,270.0,20.0,374.9,0.1000,5816159,0.016210
9984,265.0,17.0,373.1,0.1000,5816668,0.006358
9985,450.0,22.0,370.6,0.1000,5817412,0.059028
9986,440.0,29.0,370.9,0.1000,5818213,0.010871
9987,195.0,14.0,367.8,0.1000,5818660,0.016470
9988,420.0,28.0,367.6,0.1000,5819555,0.002648
9989,695.0,32.0,371.1,0.1000,5820519,0.020151
9990,500.0,31.0,373.9,0.1000,5821388,0.016504
9991,430.0,28.0,373.6,0.1000,5822125,0.010640
9992,470.0,30.0,374.8,0.1000,5822884,0.019989
9993,265.0,18.0,370.1,0.1000,5823516,0.016872
9994,120.0,11.0,367.7,0.1000,5823954,0.015151
9995,320.0,22.0,367.4,0.1000,5824688,0.019970
9996,400.0,27.0,367.1,0.1000,5825332,0.009906
9997,315.0,20.0,365.5,0.1000,5826052,0.009033
9998,295.0,20.0,365.0,0.1000,5826580,0.012606
9999,280.0,18.0,362.6,0.1000,5827113,0.007821
10000,515.0,32.0,361.6,0.1000,5828034,0.006319
